margin_capital,total_project_cost,monthly_emi,competitor_count,min_distance_km,demand_score,gross_margin,gst_rate,is_viable
114800.0,906800.0,16547.97,2,0.43,73.5,19.5,5.0,1
72200.0,621100.0,11334.3,2,0.63,63.4,20.1,0.0,1
97400.0,974200.0,17777.94,2,2.36,62.5,19.3,5.0,1
27800.0,242200.0,4419.85,2,2.69,62.1,17.1,5.0,1
61400.0,443400.0,8091.5,5,0.23,68.6,27.0,0.0,1
66400.0,638200.0,11646.36,1,3.87,61.0,28.1,18.0,1
151400.0,1207900.0,22042.67,2,1.28,51.1,28.8,0.0,1
91600.0,751600.0,13715.76,6,0.51,64.9,8.7,5.0,1
41700.0,455400.0,8310.48,2,5.54,63.3,17.5,0.0,1
69900.0,712800.0,13007.71,5,1.44,79.3,29.9,0.0,1
67900.0,711000.0,12974.86,4,1.87,52.3,20.3,18.0,1
107900.0,930700.0,16984.12,4,1.81,60.0,14.5,18.0,1
119500.0,1037900.0,18940.38,0,5.98,67.6,25.3,0.0,1
27200.0,220100.0,4016.55,4,2.51,55.4,48.8,18.0,1
61700.0,621200.0,11336.13,0,7.63,50.6,32.4,18.0,1
37100.0,271100.0,4947.24,1,0.56,75.9,48.2,5.0,1
92200.0,791500.0,14443.89,1,5.31,73.2,36.5,18.0,1
72800.0,541900.0,9889.0,2,0.69,53.5,43.7,5.0,1
40700.0,330400.0,6029.39,0,5.35,93.3,26.0,0.0,1
26600.0,250300.0,4567.66,5,0.38,78.2,35.3,5.0,1
36800.0,273400.0,4989.21,5,0.87,56.6,63.0,18.0,1
168900.0,1516000.0,27665.11,4,4.49,78.9,20.0,0.0,1
189100.0,1515200.0,27650.51,1,2.4,83.2,28.8,0.0,1
35200.0,336300.0,6137.06,8,1.05,83.3,39.6,5.0,1
24900.0,209400.0,3821.29,2,1.04,64.8,16.7,5.0,1
160900.0,1596400.0,29132.31,1,0.42,65.8,40.8,0.0,1
153400.0,1105200.0,20168.52,2,0.99,60.1,27.9,0.0,1
33200.0,339400.0,6193.63,6,0.58,80.8,12.6,5.0,1
52400.0,409700.0,7476.51,0,5.12,75.5,18.8,5.0,1
64700.0,655800.0,11967.53,4,1.33,69.3,16.7,5.0,1
113900.0,1160500.0,21177.68,2,2.24,71.4,24.6,18.0,1
72300.0,527500.0,9626.22,4,0.53,54.5,15.1,5.0,1
103700.0,1137500.0,20757.96,4,4.92,80.2,18.4,5.0,1
66500.0,476600.0,8697.36,3,6.17,63.0,40.4,5.0,1
62800.0,660000.0,12044.18,5,0.11,74.1,41.0,5.0,0
106200.0,1014700.0,18517.01,3,3.73,77.4,28.4,0.0,1
110200.0,983300.0,17944.0,2,0.64,77.7,29.9,0.0,1
111800.0,1188500.0,21688.65,0,9.73,72.5,23.7,18.0,1
143100.0,1027300.0,18746.95,2,3.6,44.5,41.0,18.0,1
20900.0,217800.0,3974.58,5,0.3,69.9,15.5,5.0,0
12800.0,92400.0,1686.18,2,11.21,71.2,49.9,18.0,1
148300.0,1315600.0,24008.06,3,1.03,76.2,39.7,0.0,1
34800.0,307500.0,5611.49,5,0.56,81.9,14.8,5.0,1
212700.0,1547000.0,28230.82,5,0.12,76.1,21.8,18.0,1
21500.0,179600.0,3277.48,6,0.13,73.2,61.2,18.0,1
218400.0,2133500.0,38933.72,1,7.08,73.9,13.6,18.0,1
53300.0,493900.0,9013.06,2,3.56,84.7,42.5,5.0,1
79500.0,822100.0,15002.3,0,8.5,91.9,27.9,18.0,1
46100.0,508100.0,9272.19,2,1.57,66.6,27.1,0.0,1
80300.0,603200.0,11007.65,5,2.45,70.9,10.4,5.0,1
70800.0,754900.0,13775.99,0,5.18,56.2,31.0,0.0,1
85100.0,862900.0,15746.85,1,0.71,66.4,14.1,5.0,1
43700.0,386600.0,7054.97,1,1.84,68.7,24.2,0.0,1
160400.0,1179000.0,21515.28,0,5.97,85.1,26.7,0.0,1
57400.0,528900.0,9651.77,2,1.67,80.6,19.7,0.0,1
48200.0,428900.0,7826.89,1,0.99,82.1,27.5,0.0,1
37200.0,349700.0,6381.59,6,0.56,89.0,18.1,5.0,1
53100.0,434200.0,7923.61,5,0.2,67.6,14.6,5.0,0
69200.0,701300.0,12797.85,1,1.94,73.4,23.8,0.0,1
66500.0,508200.0,9274.02,2,6.13,58.7,68.0,18.0,1
95800.0,964200.0,17595.45,4,2.38,78.0,11.6,5.0,1
38800.0,363200.0,6627.95,0,4.84,54.9,25.4,0.0,1
63200.0,527600.0,9628.04,4,7.68,74.6,37.4,5.0,1
173100.0,1784700.0,32568.55,1,0.69,68.1,30.5,0.0,1
46600.0,431700.0,7877.99,4,1.67,83.1,35.6,5.0,1
76800.0,655400.0,11960.23,4,1.2,70.2,23.3,18.0,1
120700.0,896100.0,16352.71,1,1.12,80.4,24.1,0.0,1
71400.0,666600.0,12164.62,3,1.41,64.0,38.6,5.0,1
136900.0,1086500.0,19827.27,3,1.23,47.8,30.5,0.0,1
115900.0,1005300.0,18345.47,1,4.82,69.3,24.5,0.0,1
74600.0,595100.0,10859.83,2,1.51,72.3,42.8,5.0,1
177700.0,1346800.0,24577.42,1,4.79,79.8,35.0,0.0,1
20700.0,193900.0,3538.43,1,1.19,80.7,9.6,5.0,1
92400.0,820500.0,14973.1,2,0.73,77.9,8.5,5.0,1
116100.0,975400.0,17799.84,1,2.7,66.6,14.4,18.0,1
141200.0,1405000.0,25639.5,2,0.38,70.7,35.1,0.0,1
145200.0,1288800.0,23519.0,2,2.1,65.7,22.4,0.0,1
99500.0,1090200.0,19894.79,0,8.29,60.3,28.0,0.0,1
60800.0,491900.0,8976.56,0,5.05,63.4,26.1,0.0,1
62700.0,497200.0,9073.28,4,1.06,78.9,16.8,0.0,1
135400.0,1264300.0,23071.9,3,2.45,85.6,13.4,18.0,1
200400.0,2065900.0,37700.1,4,0.35,63.2,19.0,18.0,0
73800.0,761100.0,13889.13,3,1.0,72.4,23.5,0.0,1
68100.0,678800.0,12387.25,0,5.23,48.7,54.3,5.0,1
22300.0,164300.0,2998.27,3,0.7,65.6,43.5,5.0,1
45300.0,420300.0,7669.95,7,0.12,77.3,18.3,5.0,0
101900.0,850300.0,15516.92,2,0.47,69.6,31.6,0.0,1
101000.0,777100.0,14181.11,4,5.78,92.7,12.6,5.0,1
178400.0,1409000.0,25712.5,4,1.78,75.4,29.6,0.0,1
47100.0,377200.0,6883.43,4,4.66,54.0,16.5,18.0,1
24800.0,207000.0,3777.49,1,0.48,57.0,39.4,18.0,1
71600.0,552700.0,10086.09,5,1.32,71.7,18.6,5.0,1
149700.0,1392100.0,25404.09,4,9.41,64.4,40.4,18.0,1
42100.0,390800.0,7131.61,1,0.89,63.5,23.9,0.0,1
86400.0,856200.0,15624.58,6,0.67,84.6,21.3,5.0,1
59200.0,596000.0,10876.26,2,7.95,70.9,30.1,0.0,1
20800.0,159000.0,2901.55,1,1.99,89.3,55.6,5.0,1
154000.0,1157000.0,21113.81,3,1.46,65.2,16.5,18.0,1
44700.0,475300.0,8673.63,2,4.49,35.0,35.4,5.0,1
86200.0,728700.0,13297.87,11,0.2,74.3,15.4,5.0,0
21300.0,162700.0,2969.07,2,1.04,72.4,42.4,5.0,1
121800.0,944200.0,17230.47,0,8.53,79.3,31.3,0.0,1
81400.0,595900.0,10874.43,3,1.09,65.5,17.0,5.0,1
37800.0,283000.0,5164.4,3,3.42,82.1,27.8,0.0,1
108800.0,968900.0,17681.22,3,0.69,78.1,37.7,18.0,1
114800.0,1176800.0,21475.13,5,2.58,86.4,19.2,5.0,1
58000.0,633500.0,11560.59,3,7.89,73.4,23.0,0.0,1
118900.0,980100.0,17885.6,1,5.88,79.0,39.2,18.0,1
27300.0,283600.0,5175.35,4,2.22,80.5,14.6,5.0,1
36200.0,330200.0,6025.74,2,2.91,46.4,25.6,0.0,1
99500.0,1044700.0,19064.47,2,1.82,88.8,27.8,0.0,1
69400.0,735200.0,13416.48,1,0.48,70.3,13.5,5.0,1
147200.0,1132100.0,20659.42,1,0.54,87.5,33.2,0.0,1
71000.0,564800.0,10306.9,3,5.25,61.9,52.0,5.0,1
82600.0,710100.0,12958.44,2,0.92,57.1,14.9,5.0,1
73300.0,581900.0,10618.95,6,0.12,84.1,15.7,5.0,0
123200.0,969000.0,17683.04,4,4.74,50.5,29.9,18.0,1
146600.0,1319700.0,24082.88,3,2.45,92.3,27.5,18.0,1
136000.0,1004000.0,18321.75,1,8.12,74.0,22.7,0.0,1
85100.0,735300.0,13418.31,2,1.39,69.4,16.9,18.0,1
37000.0,267200.0,4876.07,2,0.71,43.8,33.5,18.0,1
79800.0,636700.0,11618.98,2,3.23,85.4,15.5,5.0,1
124700.0,1045500.0,19079.07,2,0.99,70.6,28.0,18.0,1
106400.0,922300.0,16830.83,0,5.29,57.1,21.0,18.0,1
69100.0,603800.0,11018.6,2,1.11,58.3,18.4,5.0,1
106200.0,1074300.0,19604.64,8,1.7,61.9,19.8,5.0,1
127100.0,1158700.0,21144.83,1,2.66,69.2,25.4,0.0,1
155500.0,1161100.0,21188.63,1,2.72,75.3,31.6,0.0,1
76600.0,585200.0,10679.17,1,0.31,56.3,23.7,18.0,1
62100.0,609600.0,11124.44,2,2.33,59.4,19.7,5.0,1
54900.0,412300.0,7523.96,2,1.22,52.6,11.6,5.0,1
160000.0,1224700.0,22349.25,2,0.78,96.0,27.2,0.0,1
52700.0,385500.0,7034.89,1,1.76,59.1,14.8,18.0,1
82900.0,687900.0,12553.32,2,0.59,62.3,31.3,0.0,1
106400.0,848100.0,15476.77,0,7.51,87.5,23.7,0.0,1
191700.0,1596400.0,29132.31,2,0.82,70.8,21.3,0.0,1
137000.0,1272400.0,23219.72,2,4.1,92.7,27.2,18.0,1
76600.0,778400.0,14204.83,3,0.35,60.2,20.1,5.0,1
69400.0,633500.0,11560.59,3,2.91,52.1,18.7,0.0,1
20100.0,211100.0,3852.31,3,0.5,83.8,46.5,18.0,1
22300.0,192300.0,3509.24,2,2.01,74.1,19.0,5.0,1
85300.0,610600.0,11142.69,4,2.12,74.7,13.6,5.0,1
46400.0,412400.0,7525.79,3,6.06,63.3,21.3,0.0,1
87700.0,723700.0,13206.62,0,8.5,79.8,32.8,18.0,1
112100.0,1221000.0,22281.73,1,1.28,47.0,34.9,18.0,1
117700.0,865600.0,15796.12,3,6.17,43.1,28.9,0.0,1
107200.0,803600.0,14664.7,4,0.72,57.0,20.4,5.0,1
37200.0,279500.0,5100.53,4,1.84,72.1,25.9,18.0,1
22200.0,243200.0,4438.1,5,0.52,58.3,16.1,5.0,0
140500.0,1439500.0,26269.08,0,8.64,77.5,25.0,0.0,1
15600.0,125000.0,2281.09,2,0.58,62.3,54.8,18.0,1
199400.0,1525600.0,27840.3,2,1.95,72.1,23.1,0.0,1
85700.0,859300.0,15681.16,5,0.42,65.1,21.9,18.0,1
108000.0,1071900.0,19560.84,0,5.78,60.0,23.9,0.0,1
109900.0,975000.0,17792.54,1,1.77,64.5,20.2,0.0,1
56400.0,499200.0,9109.78,7,1.2,91.4,22.9,5.0,1
72700.0,596700.0,10889.03,1,1.91,75.7,36.9,5.0,1
38100.0,302800.0,5525.72,0,4.88,71.7,20.5,0.0,1
51700.0,401600.0,7328.7,3,2.68,60.2,19.1,5.0,1
36600.0,381000.0,6952.78,4,7.91,86.4,14.6,5.0,1
49900.0,418900.0,7644.4,4,6.09,62.6,44.6,18.0,1
190300.0,1865100.0,34035.75,0,5.55,45.7,30.1,0.0,1
100700.0,756800.0,13810.66,9,0.57,75.0,14.6,5.0,0
172900.0,1365300.0,24915.03,2,1.08,77.3,37.8,0.0,1
110900.0,866000.0,15803.42,2,0.92,67.4,18.6,18.0,1
154600.0,1279800.0,23354.76,1,3.67,77.4,27.8,0.0,1
12500.0,98200.0,1792.03,3,0.65,79.0,39.2,5.0,1
105100.0,959100.0,17502.38,2,2.43,65.0,26.6,18.0,1
116200.0,1018900.0,18593.66,1,2.21,93.3,32.2,0.0,1
55100.0,419800.0,7660.83,1,0.43,82.0,38.4,18.0,1
65200.0,562700.0,10268.57,2,1.55,69.0,41.1,5.0,1
70800.0,579700.0,10578.8,3,1.46,77.9,54.1,18.0,1
129900.0,1309200.0,23891.27,1,0.36,71.8,19.4,0.0,1
60100.0,449700.0,8206.47,5,0.15,68.2,16.4,5.0,1
91600.0,714100.0,13031.44,2,3.36,74.4,16.9,5.0,1
110200.0,1075400.0,19624.71,4,1.77,58.8,9.3,5.0,1
109500.0,1202100.0,21936.83,5,0.28,79.9,12.8,5.0,0
117100.0,972400.0,17745.09,2,0.86,53.0,18.4,5.0,1
119000.0,1243000.0,22683.2,2,3.01,59.7,28.9,0.0,1
171600.0,1295100.0,23633.96,3,2.03,35.0,24.1,0.0,1
79700.0,860700.0,15706.7,2,0.7,84.5,27.6,18.0,1
143700.0,1076200.0,19639.31,4,0.45,71.2,25.5,18.0,1
114600.0,1202900.0,21951.43,3,7.64,71.4,21.1,0.0,1
137900.0,1061600.0,19372.88,3,2.92,61.6,25.2,0.0,1
147300.0,1418500.0,25885.86,2,0.75,73.7,25.0,18.0,1
44200.0,329600.0,6014.79,3,9.41,55.5,34.4,0.0,1
161700.0,1451900.0,26495.37,1,2.1,92.4,25.0,0.0,1
135600.0,1158600.0,21143.01,4,1.27,77.5,27.1,18.0,1
33200.0,264300.0,4823.15,3,1.24,90.2,15.5,5.0,1
103400.0,910500.0,16615.49,5,0.14,89.0,17.3,5.0,0
154700.0,1488000.0,27154.15,3,0.83,76.4,24.8,0.0,1
106400.0,1032900.0,18849.14,3,1.6,76.1,38.4,18.0,1
94700.0,682100.0,12447.48,0,6.74,67.2,30.7,0.0,1
198300.0,1522500.0,27783.73,0,9.6,79.4,15.0,18.0,1
56600.0,423500.0,7728.35,1,2.01,67.2,30.0,18.0,1
77800.0,741900.0,13538.75,2,5.43,66.2,17.8,5.0,1
181700.0,1830400.0,33402.52,0,5.77,70.9,34.5,0.0,1
166000.0,1344600.0,24537.28,4,1.14,73.0,30.4,0.0,1
181700.0,1619900.0,29561.16,3,0.9,57.9,28.7,0.0,1
76500.0,637300.0,11629.93,3,0.95,40.0,38.7,5.0,1
46700.0,449700.0,8206.47,3,2.38,58.8,21.1,0.0,1
59000.0,642400.0,11723.0,0,6.3,70.1,25.4,0.0,1
79900.0,585000.0,10675.52,1,2.41,66.0,24.4,0.0,1
88700.0,635200.0,11591.61,2,1.51,70.3,19.0,5.0,1
52600.0,498700.0,9100.65,3,2.53,71.8,37.4,5.0,1
62900.0,580000.0,10584.28,3,0.48,74.3,18.0,5.0,1
57500.0,531900.0,9706.51,1,2.52,72.6,47.7,5.0,1
164900.0,1767000.0,32245.55,1,0.33,78.0,16.7,0.0,1
75600.0,820100.0,14965.8,4,4.41,61.9,21.8,5.0,1
97800.0,870700.0,15889.19,8,0.83,81.5,13.6,5.0,1
91700.0,944100.0,17228.65,2,0.36,86.4,30.0,0.0,1
47700.0,385100.0,7027.6,5,0.19,67.4,15.1,5.0,0
193900.0,1775500.0,32400.66,0,4.66,56.3,26.6,0.0,1
40700.0,295400.0,5390.68,5,2.05,65.6,15.9,18.0,1
71800.0,734800.0,13409.19,6,0.23,67.9,15.1,5.0,0
53700.0,478600.0,8733.85,2,11.5,79.3,30.0,0.0,1
135500.0,1354100.0,24710.64,1,1.72,50.9,29.7,0.0,1
42600.0,328900.0,6002.02,2,4.91,92.1,23.5,18.0,1
105700.0,885000.0,16150.15,4,1.88,96.0,15.7,5.0,1
50100.0,363600.0,6635.25,1,4.53,65.8,50.8,5.0,1
33400.0,248900.0,4542.12,4,1.73,84.1,25.8,18.0,1
52700.0,404700.0,7385.27,3,13.78,75.1,19.3,5.0,1
16500.0,130000.0,2372.34,8,0.16,59.7,16.4,5.0,0
79100.0,827800.0,15106.32,2,7.13,49.6,15.8,0.0,1
102600.0,790900.0,14432.94,1,0.47,49.9,20.7,0.0,1
140800.0,1277000.0,23303.66,3,2.55,58.3,32.3,18.0,1
83000.0,863300.0,15754.15,5,0.79,80.1,13.6,5.0,1
118400.0,1218800.0,22241.58,2,1.04,76.3,30.2,0.0,1
141000.0,1331700.0,24301.87,0,7.21,65.9,24.7,0.0,1
25700.0,237900.0,4341.38,7,2.1,59.2,17.3,5.0,1
55700.0,457900.0,8356.1,1,0.7,82.1,20.2,5.0,1
26100.0,202200.0,3689.9,2,7.21,72.5,8.1,5.0,1
36900.0,340300.0,6210.05,2,1.49,74.1,17.4,5.0,1
107400.0,1065600.0,19445.87,4,3.25,55.8,19.7,5.0,1
89900.0,899400.0,16412.93,3,0.56,48.2,16.9,5.0,0
44300.0,400200.0,7303.15,2,2.29,55.8,23.9,0.0,1
44700.0,360800.0,6584.15,5,0.11,78.4,64.2,18.0,1
70500.0,548000.0,10000.32,2,0.3,62.8,28.3,0.0,1
65400.0,717300.0,13089.83,5,0.14,60.7,49.7,18.0,1
21100.0,153000.0,2792.06,6,0.25,68.7,15.4,5.0,1
162800.0,1369000.0,24982.55,0,8.8,53.8,36.6,0.0,1
111300.0,1064800.0,19431.27,4,0.32,80.6,14.0,5.0,1
173500.0,1489500.0,27181.52,1,2.8,67.6,22.5,0.0,1
103600.0,1123700.0,20506.13,1,0.82,87.2,26.3,0.0,1
24400.0,177400.0,3237.33,6,0.15,72.0,58.4,18.0,1
152400.0,1104300.0,20152.1,4,3.09,62.7,24.9,18.0,1
21400.0,181000.0,3303.02,2,0.32,77.7,40.4,5.0,1
74900.0,565700.0,10323.32,1,1.53,54.1,23.9,0.0,1
18300.0,175200.0,3197.18,3,3.45,53.2,29.9,5.0,1
161200.0,1494600.0,27274.59,2,1.28,71.9,14.1,18.0,1
167300.0,1759400.0,32106.86,1,0.39,64.9,27.0,0.0,1
75900.0,655200.0,11956.58,8,0.51,77.3,17.7,5.0,0
76400.0,575500.0,10502.16,1,0.46,70.1,27.1,0.0,1
63200.0,506900.0,9250.29,2,4.89,65.4,21.8,18.0,1
18900.0,196100.0,3578.58,1,1.49,61.6,16.6,5.0,1
25200.0,199300.0,3636.98,3,4.45,56.4,16.5,0.0,1
89800.0,686300.0,12524.12,6,0.64,62.5,17.2,5.0,1
146000.0,1224900.0,22352.9,1,0.98,74.8,17.1,0.0,1
63100.0,663300.0,12104.4,5,0.85,80.2,41.4,5.0,1
62000.0,475600.0,8679.11,2,8.75,81.6,23.7,18.0,1
49300.0,358900.0,6549.48,2,3.69,61.1,52.9,5.0,1
134300.0,1026300.0,18728.7,2,1.85,75.7,27.0,0.0,1
149000.0,1266600.0,23113.87,1,4.71,64.0,20.3,0.0,1
65800.0,641800.0,11712.05,4,2.77,65.1,42.5,5.0,1
47200.0,438500.0,8002.08,4,3.67,63.3,11.4,5.0,1
83000.0,604900.0,11038.67,3,1.49,85.4,22.2,0.0,1
44000.0,394300.0,7195.48,3,8.06,67.1,13.8,5.0,1
51400.0,467800.0,8536.77,3,1.05,82.9,17.1,5.0,1
43100.0,459600.0,8387.13,2,2.31,88.7,34.9,0.0,1
83200.0,803400.0,14661.05,3,0.67,82.7,27.4,0.0,1
149200.0,1203200.0,21956.9,1,2.22,65.9,20.2,0.0,1
44500.0,360000.0,6569.55,2,1.55,76.2,33.3,18.0,1
131100.0,1273600.0,23241.61,2,2.26,89.6,22.2,18.0,1
55900.0,417600.0,7620.68,1,0.93,57.8,21.0,0.0,1
21600.0,191200.0,3489.16,7,1.72,52.5,17.1,5.0,1
46500.0,497700.0,9082.41,4,1.31,78.5,44.3,5.0,1
79100.0,651000.0,11879.94,2,1.59,76.7,33.1,18.0,1
71700.0,622800.0,11365.32,0,7.1,47.8,21.9,0.0,1
28200.0,287800.0,5251.99,1,0.75,79.9,44.6,5.0,1
69800.0,661700.0,12075.2,2,1.27,82.1,28.5,0.0,1
60000.0,442200.0,8069.6,3,6.53,83.3,19.7,18.0,1
116400.0,882500.0,16104.53,4,2.76,70.2,24.2,18.0,1
43200.0,439600.0,8022.15,0,8.31,71.4,31.5,0.0,1
26100.0,258100.0,4710.0,3,1.39,75.3,14.3,5.0,1
169400.0,1437500.0,26232.59,2,2.92,59.1,19.7,18.0,1
110200.0,944900.0,17243.25,2,1.2,70.0,23.7,18.0,1
85700.0,635800.0,11602.56,1,1.5,69.4,20.7,0.0,1
27700.0,306100.0,5585.94,6,1.04,82.0,32.0,5.0,1
144100.0,1271700.0,23206.94,1,3.88,69.5,22.2,18.0,1
16200.0,132300.0,2414.31,1,3.88,41.9,38.4,18.0,1
79300.0,730000.0,13321.59,0,6.46,92.0,22.8,0.0,1
58700.0,476900.0,8702.83,1,3.89,82.1,25.2,0.0,1
143800.0,1206500.0,22017.12,4,2.75,87.5,27.0,0.0,1
126200.0,932000.0,17007.84,6,0.49,64.0,18.1,18.0,1
73600.0,721000.0,13157.35,1,5.55,52.8,24.1,0.0,1
101300.0,823700.0,15031.5,6,0.29,64.0,18.3,5.0,0
117300.0,1136300.0,20736.06,4,0.5,58.1,30.2,0.0,1
18500.0,138100.0,2520.15,2,2.72,69.2,18.5,5.0,1
68900.0,510200.0,9310.51,5,0.16,79.5,24.4,18.0,1
80900.0,626200.0,11427.37,2,0.88,66.9,29.8,0.0,1
154800.0,1279600.0,23351.11,4,10.59,65.6,30.8,0.0,1
117500.0,861400.0,15719.48,3,12.25,89.2,26.7,0.0,1
39100.0,346800.0,6328.67,3,0.7,94.5,28.5,0.0,1
31400.0,257800.0,4704.53,6,0.11,86.8,18.1,5.0,0
68700.0,527900.0,9633.52,4,2.17,74.8,40.5,5.0,1
20500.0,223800.0,4084.07,5,0.24,89.7,18.4,5.0,0
99300.0,710000.0,12956.62,4,4.44,67.7,15.1,5.0,1
57900.0,529800.0,9668.19,0,5.62,73.9,17.4,18.0,1
25600.0,260200.0,4748.33,5,1.06,55.0,13.4,5.0,1
52300.0,422800.0,7715.57,1,3.94,65.6,15.3,5.0,1
45900.0,487600.0,8898.09,4,2.21,55.4,22.1,18.0,1
23600.0,208900.0,3812.16,2,1.49,79.8,21.7,5.0,1
143400.0,1112900.0,20309.04,2,4.33,55.2,25.9,0.0,1
65700.0,498100.0,9089.7,5,0.18,69.1,17.3,5.0,0
113200.0,926100.0,16900.17,1,1.32,58.8,30.6,0.0,1
38000.0,383300.0,6994.75,6,1.06,73.6,14.4,5.0,1
173700.0,1338300.0,24422.31,1,0.85,75.1,26.9,0.0,1
160000.0,1234300.0,22524.44,2,1.65,58.9,20.9,0.0,1
111700.0,1214100.0,22155.81,2,5.56,42.0,10.2,5.0,1
60100.0,501500.0,9151.75,5,0.24,75.7,16.9,5.0,0
184800.0,1600100.0,29199.83,1,0.38,43.9,37.3,0.0,1
94600.0,928600.0,16945.79,0,8.34,73.6,25.1,0.0,1
33200.0,304600.0,5558.57,5,0.78,79.3,16.8,5.0,1
153200.0,1318000.0,24051.86,2,0.37,67.9,24.4,0.0,1
95800.0,794500.0,14498.64,5,0.29,81.0,22.8,18.0,1
42400.0,395600.0,7219.21,5,0.16,67.1,17.5,5.0,0
175100.0,1558700.0,28444.33,2,2.69,80.3,27.5,0.0,1
118400.0,1276100.0,23287.24,0,5.63,72.1,26.5,18.0,1
107900.0,800600.0,14609.95,4,0.75,59.5,10.9,5.0,1
66700.0,635300.0,11593.43,3,2.04,91.4,15.7,5.0,1
56100.0,410800.0,7496.59,5,0.11,75.8,45.8,5.0,1
27500.0,197800.0,3609.6,1,2.29,58.6,17.8,5.0,1
51700.0,436700.0,7969.23,4,7.99,46.2,20.3,0.0,1
120200.0,1171100.0,21371.12,4,1.25,93.6,29.0,0.0,1
37000.0,392600.0,7164.46,5,1.14,60.1,9.9,5.0,1
169700.0,1366400.0,24935.1,1,1.72,67.7,19.0,0.0,1
78000.0,660400.0,12051.48,1,1.49,73.3,35.1,5.0,1
80000.0,680700.0,12421.93,4,0.95,76.1,22.8,0.0,1
86000.0,699700.0,12768.65,2,0.68,55.0,15.6,5.0,1
102900.0,813000.0,14836.24,5,0.7,82.7,30.3,0.0,1
145200.0,1303100.0,23779.95,2,4.24,85.0,29.2,0.0,1
92700.0,701200.0,12796.03,2,2.17,56.0,17.3,18.0,1
15700.0,113000.0,2062.11,9,2.88,70.9,15.5,5.0,1
170500.0,1721200.0,31409.76,2,2.04,83.6,19.0,0.0,1
89800.0,702300.0,12816.1,1,1.4,83.1,31.2,0.0,1
154400.0,1112900.0,20309.04,1,4.76,62.3,23.4,0.0,1
31100.0,262000.0,4781.17,1,2.23,68.9,23.8,0.0,1
46300.0,446200.0,8142.59,4,0.41,88.7,68.0,18.0,1
49200.0,485700.0,8863.42,2,1.62,80.5,29.9,18.0,1
56400.0,484100.0,8834.22,4,0.66,65.3,14.1,5.0,1
86400.0,930700.0,16984.12,1,2.93,76.6,13.1,5.0,1
65100.0,641400.0,11704.75,4,4.13,65.9,17.6,18.0,1
35200.0,284900.0,5199.07,1,11.09,81.2,55.8,5.0,1
80000.0,723600.0,13204.8,4,6.29,78.9,19.3,5.0,1
162500.0,1789500.0,32656.15,1,5.15,78.3,24.8,0.0,1
44500.0,320200.0,5843.25,4,2.33,65.0,27.2,0.0,1
44000.0,342600.0,6252.02,5,0.14,73.5,13.6,5.0,0
112500.0,1055400.0,19259.74,1,0.49,85.6,13.3,5.0,1
59700.0,569700.0,10396.32,2,5.16,90.3,38.5,0.0,1
118100.0,1103200.0,20132.03,2,3.06,70.0,25.0,0.0,1
73000.0,563200.0,10277.7,4,1.0,78.2,33.4,5.0,1
138000.0,1299700.0,23717.91,3,0.52,91.7,20.7,0.0,1
91500.0,709400.0,12945.67,1,3.04,53.8,14.2,5.0,1
154300.0,1304500.0,23805.5,1,2.05,66.2,27.6,18.0,1
40200.0,424300.0,7742.95,2,9.91,87.7,9.1,5.0,1
47100.0,427700.0,7804.99,4,0.6,74.2,21.6,5.0,1
62700.0,469200.0,8562.32,3,0.36,64.3,28.9,5.0,1
44500.0,322100.0,5877.92,0,7.04,74.4,28.8,0.0,1
33800.0,354800.0,6474.66,2,2.53,94.6,23.9,0.0,1
182600.0,1399300.0,25535.48,2,2.55,56.5,21.5,0.0,1
49000.0,454000.0,8284.93,1,1.13,57.2,51.3,5.0,1
41800.0,377900.0,6896.2,2,2.23,90.4,41.3,5.0,1
77600.0,673000.0,12281.41,1,13.71,44.2,21.0,0.0,1
81000.0,740600.0,13515.03,3,4.0,67.0,22.7,18.0,1
71800.0,630500.0,11505.84,2,1.21,66.5,14.9,18.0,1
34100.0,289900.0,5290.31,3,3.87,60.9,20.5,0.0,1
184400.0,1679200.0,30643.31,1,0.66,94.7,21.4,0.0,1
30400.0,267000.0,4872.42,5,1.35,88.6,34.5,18.0,1
189100.0,1529800.0,27916.95,3,9.2,61.6,26.4,0.0,1
20700.0,172500.0,3147.91,4,4.08,59.6,17.5,5.0,1
99000.0,840900.0,15345.38,8,0.69,53.9,17.4,5.0,0
46600.0,459800.0,8390.78,1,1.58,62.3,39.1,5.0,1
84900.0,917300.0,16739.58,2,1.36,67.5,24.8,0.0,1
113900.0,962800.0,17569.9,3,0.53,70.1,33.1,0.0,1
171600.0,1298900.0,23703.31,1,0.71,49.5,24.5,0.0,1
84200.0,715200.0,13051.51,0,4.52,71.6,29.0,0.0,1
66400.0,599400.0,10938.3,1,0.73,89.1,18.5,5.0,1
40000.0,404200.0,7376.15,5,0.3,50.0,29.1,0.0,0
27200.0,203400.0,3711.8,3,8.72,76.3,52.4,18.0,1
75700.0,575100.0,10494.86,4,1.48,59.0,9.9,5.0,1
199400.0,2060800.0,37607.03,2,0.68,62.7,22.5,0.0,1
52600.0,439500.0,8020.33,4,0.82,95.8,20.1,5.0,1
74400.0,596400.0,10883.56,4,0.61,63.4,20.5,0.0,1
15700.0,136700.0,2494.6,2,2.23,96.0,13.9,5.0,1
123600.0,1119900.0,20436.78,2,0.35,72.9,34.0,0.0,1
75900.0,595300.0,10863.48,3,0.79,81.3,27.3,18.0,1
130000.0,1167800.0,21310.9,1,0.5,70.9,21.9,0.0,1
100200.0,1104800.0,20161.22,4,0.67,58.5,16.2,5.0,1
142700.0,1151200.0,21007.97,5,0.26,66.5,30.8,0.0,1
92500.0,747500.0,13640.94,3,1.46,65.4,24.2,18.0,1
97100.0,756900.0,13812.48,6,0.24,45.3,16.6,5.0,0
26300.0,238500.0,4352.33,1,3.67,58.2,40.2,5.0,1
72800.0,550200.0,10040.46,3,0.44,57.6,41.7,5.0,1
133800.0,1272800.0,23227.02,3,2.88,56.1,32.9,18.0,1
67600.0,552800.0,10087.91,4,0.62,68.4,17.5,5.0,1
142900.0,1352600.0,24683.27,2,3.28,79.7,25.4,18.0,1
47800.0,515700.0,9410.88,4,4.28,53.2,22.8,18.0,1
108400.0,824700.0,15049.75,2,4.32,92.6,34.7,0.0,1
107300.0,849800.0,15507.79,3,7.46,83.3,20.8,5.0,1
102600.0,796700.0,14538.78,1,0.32,59.5,19.4,18.0,1
52500.0,489700.0,8936.42,5,2.54,67.7,16.2,5.0,1
59300.0,458800.0,8372.53,5,0.94,91.3,10.5,5.0,1
199300.0,1783200.0,32541.18,2,0.8,52.4,26.4,0.0,1
43700.0,468000.0,8540.42,3,1.88,78.5,18.7,0.0,1
152200.0,1593200.0,29073.92,0,9.77,85.7,26.2,0.0,1
45600.0,342700.0,6253.85,1,3.61,45.4,44.1,5.0,1
118600.0,928500.0,16943.97,4,3.0,52.2,15.0,5.0,1
20100.0,190700.0,3480.04,1,0.46,82.9,33.4,18.0,1
58800.0,540200.0,9857.98,4,7.05,68.1,15.5,5.0,1
146400.0,1523000.0,27792.85,1,0.46,55.3,24.8,0.0,1
173100.0,1691300.0,30864.12,3,1.88,67.9,24.9,0.0,1
56300.0,480300.0,8764.88,3,1.84,57.3,18.4,5.0,1
56500.0,481500.0,8786.78,0,6.5,63.7,28.0,0.0,1
52800.0,481700.0,8790.43,2,0.55,75.2,23.8,0.0,1
64500.0,531400.0,9697.39,1,6.42,84.8,34.8,18.0,1
81700.0,757900.0,13830.73,4,0.78,63.4,14.2,5.0,1
132200.0,1059300.0,19330.91,2,1.69,63.4,31.0,0.0,1
132000.0,1247600.0,22767.15,0,7.73,56.2,21.4,0.0,1
47800.0,455700.0,8315.96,0,9.33,69.9,23.1,0.0,1
74000.0,535100.0,9764.91,2,5.05,60.9,23.0,18.0,1
50800.0,374000.0,6825.03,1,3.44,74.8,23.4,0.0,1
31700.0,308200.0,5624.27,4,1.22,88.9,21.7,18.0,1
51900.0,383100.0,6991.1,7,1.8,87.4,18.6,5.0,1
20400.0,185300.0,3381.49,5,0.93,74.7,12.3,5.0,1
93600.0,820100.0,14965.8,7,0.84,65.7,11.7,5.0,1
31100.0,224000.0,4087.72,3,0.67,65.8,26.9,0.0,1
63900.0,460500.0,8403.55,3,5.31,65.6,36.2,5.0,1
64700.0,487500.0,8896.27,5,0.44,85.4,18.0,5.0,1
138000.0,1382400.0,25227.08,1,1.16,84.0,29.5,0.0,1
191000.0,1399200.0,25533.66,1,0.42,93.6,16.0,18.0,1
70900.0,599700.0,10943.78,7,0.64,77.1,13.4,5.0,1
70500.0,660600.0,12055.13,4,1.56,90.5,14.2,5.0,1
73600.0,685600.0,12511.35,5,0.49,77.5,15.8,5.0,1
44000.0,466700.0,8516.69,4,1.53,66.6,38.3,5.0,1
103300.0,804300.0,14677.47,0,7.56,84.7,23.1,0.0,1
94600.0,795800.0,14522.36,2,0.55,50.2,20.6,0.0,1
77600.0,560300.0,10224.78,5,0.49,59.9,49.2,5.0,1
100300.0,739500.0,13494.95,2,1.23,67.2,24.8,0.0,1
46900.0,516500.0,9425.48,3,2.83,71.6,32.1,0.0,1
38400.0,286600.0,5230.09,3,1.12,57.4,47.8,5.0,1
34300.0,268300.0,4896.14,3,1.17,55.3,16.2,5.0,1
39800.0,336500.0,6140.71,0,4.68,65.5,51.9,5.0,1
36700.0,313900.0,5728.28,3,6.33,56.3,27.6,18.0,1
88600.0,690800.0,12606.24,4,1.38,72.8,13.6,5.0,1
52500.0,417100.0,7611.56,5,1.87,61.5,46.6,18.0,1
105600.0,830700.0,15159.24,1,1.08,87.7,22.0,0.0,1
57000.0,613800.0,11201.09,5,0.82,71.7,8.7,5.0,1
117800.0,1060900.0,19360.1,8,2.14,71.2,15.0,5.0,1
89900.0,962100.0,17557.13,3,4.15,61.9,22.3,18.0,1
64300.0,483800.0,8828.75,2,1.08,76.0,16.0,5.0,1
50800.0,476400.0,8693.71,4,5.18,92.7,22.5,0.0,1
34400.0,374000.0,6825.03,2,1.69,63.6,12.6,5.0,1
146400.0,1617200.0,29511.89,4,1.38,83.7,17.2,0.0,1
115700.0,1191100.0,21736.09,5,0.62,77.1,18.0,5.0,0
48200.0,510900.0,9323.29,6,1.1,66.0,16.6,5.0,1
61300.0,438600.0,8003.9,3,0.71,49.5,61.0,5.0,1
109300.0,876200.0,15989.56,3,3.55,65.0,19.1,0.0,1
82900.0,639200.0,11664.6,3,0.86,46.1,22.1,18.0,1
125500.0,1086100.0,19819.97,4,2.15,72.9,28.5,0.0,1
96000.0,874900.0,15965.84,4,1.24,87.8,15.8,0.0,1
146900.0,1416900.0,25856.66,1,0.41,50.3,22.2,0.0,1
35200.0,333700.0,6089.61,7,0.66,45.1,17.3,5.0,0
117400.0,924600.0,16872.8,2,4.38,51.4,23.1,0.0,1
51400.0,491900.0,8976.56,1,1.47,50.9,23.5,0.0,1
56000.0,403400.0,7361.55,3,1.14,70.6,11.3,5.0,1
66800.0,537100.0,9801.41,1,2.96,74.8,31.9,18.0,1
87800.0,684300.0,12487.62,7,0.75,79.4,17.1,5.0,1
76700.0,674500.0,12308.79,3,2.5,61.9,25.1,0.0,1
101300.0,960100.0,17520.63,1,1.16,66.9,16.8,0.0,1
145300.0,1114300.0,20334.59,1,2.57,78.9,25.2,0.0,1
107900.0,926700.0,16911.12,0,7.89,68.4,24.4,0.0,1
132200.0,1018900.0,18593.66,1,0.65,47.4,24.3,0.0,1
26200.0,213900.0,3903.41,4,0.41,62.4,15.3,5.0,1
168200.0,1276700.0,23298.19,1,3.23,52.1,20.7,18.0,1
119800.0,1161100.0,21188.63,2,2.92,79.5,18.0,5.0,1
125800.0,904200.0,16500.52,2,1.29,86.5,26.3,0.0,1
20800.0,186800.0,3408.87,5,2.26,65.6,9.9,5.0,1
60100.0,581200.0,10606.18,1,2.64,56.4,42.8,5.0,1
145300.0,1292100.0,23579.22,1,2.74,63.1,24.8,18.0,1
57800.0,491800.0,8974.74,1,5.63,66.6,24.2,18.0,1
155800.0,1392300.0,25407.74,2,3.41,54.1,25.4,0.0,1
116100.0,879400.0,16047.96,0,4.76,63.9,29.5,0.0,1
51700.0,431500.0,7874.34,1,3.22,84.9,22.0,5.0,1
79600.0,826500.0,15082.6,1,4.6,84.5,24.5,0.0,1
41400.0,316900.0,5783.03,5,0.93,64.2,27.3,0.0,1
47000.0,395000.0,7208.26,1,0.73,83.2,17.9,18.0,1
84500.0,869200.0,15861.82,3,2.58,62.6,16.5,18.0,1
31700.0,282000.0,5146.15,3,1.26,91.0,30.0,5.0,1
95800.0,710700.0,12969.39,0,7.98,69.4,19.6,18.0,1
34800.0,330800.0,6036.69,1,0.54,74.8,20.5,5.0,1
45200.0,370000.0,6752.04,1,0.7,86.8,18.6,0.0,1
54000.0,522700.0,9538.62,0,6.91,75.2,43.3,5.0,1
148900.0,1516600.0,27676.06,5,1.06,72.7,30.3,18.0,1
103100.0,921500.0,16816.23,4,4.87,79.6,24.0,0.0,1
66500.0,490400.0,8949.19,2,3.1,69.0,22.7,0.0,1
50600.0,412700.0,7531.26,2,0.34,74.5,30.6,18.0,1
149900.0,1490500.0,27199.77,4,3.79,62.5,30.3,18.0,1
24300.0,226900.0,4140.64,6,0.14,62.7,18.7,5.0,0
103500.0,921700.0,16819.88,5,0.37,71.8,16.5,5.0,1
98600.0,823200.0,15022.38,5,0.16,68.6,14.3,5.0,0
32400.0,281000.0,5127.9,4,3.46,70.7,39.7,5.0,1
90500.0,718800.0,13117.2,2,3.99,35.0,18.1,0.0,1
122300.0,930100.0,16973.17,1,4.74,62.5,32.4,0.0,1
91000.0,651000.0,11879.94,2,5.77,69.3,27.3,0.0,1
51000.0,445000.0,8120.7,2,5.72,74.6,41.0,5.0,1
52000.0,478000.0,8722.9,0,7.8,77.0,36.1,0.0,1
50500.0,457800.0,8354.28,4,9.48,54.6,28.1,0.0,1
23000.0,187900.0,3428.94,6,0.34,72.5,68.0,18.0,1
24800.0,243300.0,4439.92,2,0.34,54.1,32.6,5.0,1
147500.0,1220900.0,22279.9,0,7.8,73.4,19.7,0.0,1
66800.0,607200.0,11080.64,6,1.75,76.1,46.1,5.0,1
64000.0,465100.0,8487.5,1,2.0,63.1,29.4,18.0,1
173900.0,1885500.0,34408.03,1,2.14,72.5,26.2,0.0,1
22600.0,181900.0,3319.45,5,1.34,96.0,13.3,5.0,1
44700.0,477300.0,8710.13,6,0.94,71.7,46.7,18.0,1
104600.0,787600.0,14372.72,1,0.97,71.2,14.9,5.0,1
90500.0,699100.0,12757.7,1,0.89,78.4,30.5,0.0,1
31900.0,255200.0,4657.08,7,0.4,73.1,16.4,5.0,1
66500.0,502500.0,9170.0,5,1.05,43.9,16.0,5.0,1
104100.0,1057500.0,19298.06,1,0.38,65.0,19.6,18.0,1
90600.0,806300.0,14713.97,2,0.91,89.8,27.2,0.0,1
89900.0,698000.0,12737.63,2,3.28,58.4,25.3,0.0,1
90900.0,857900.0,15655.61,3,0.49,69.2,17.2,5.0,1
88800.0,722300.0,13181.08,3,0.57,80.0,18.2,5.0,1
81000.0,830200.0,15150.12,1,3.41,59.9,28.9,0.0,1
166300.0,1467500.0,26780.05,1,4.89,68.2,25.6,0.0,1
112900.0,931100.0,16991.42,3,0.44,80.9,33.4,0.0,1
71700.0,699900.0,12772.3,1,1.78,68.2,24.8,0.0,1
47000.0,507300.0,9257.59,1,4.28,96.0,29.9,0.0,1
74400.0,621700.0,11345.25,1,8.02,72.9,21.1,0.0,1
47600.0,381200.0,6956.43,4,0.91,64.7,26.2,0.0,1
111600.0,910900.0,16622.79,3,1.43,64.7,16.5,5.0,1
87200.0,810900.0,14797.92,2,1.3,57.2,22.4,0.0,1
81800.0,858400.0,15664.73,1,9.68,81.6,21.8,0.0,1
184900.0,1570900.0,28666.97,1,4.38,86.9,35.1,0.0,1
52500.0,533900.0,9743.01,2,1.67,73.8,38.2,5.0,1
87100.0,741300.0,13527.8,3,0.58,67.7,24.8,0.0,1
72000.0,590600.0,10777.71,2,2.05,70.0,31.6,0.0,1
53300.0,403200.0,7357.9,5,0.6,67.6,19.6,5.0,1
85400.0,620700.0,11327.0,3,0.49,76.3,19.9,0.0,1
77500.0,678300.0,12378.13,3,1.31,87.2,32.7,18.0,1
28900.0,278200.0,5076.8,4,2.42,42.2,64.8,5.0,1
23600.0,236800.0,4321.31,3,0.38,73.9,21.8,5.0,1
21800.0,219100.0,3998.3,2,2.58,70.7,49.9,5.0,1
22700.0,218900.0,3994.65,3,1.91,71.0,15.0,5.0,1
181500.0,1946500.0,35521.2,1,1.7,95.5,25.4,18.0,1
32200.0,279500.0,5100.53,6,0.91,72.9,19.2,5.0,1
63300.0,521300.0,9513.08,4,1.47,70.4,19.0,5.0,1
29500.0,256700.0,4684.46,5,1.34,54.8,46.3,18.0,1
79600.0,599300.0,10936.48,1,1.52,70.2,27.2,0.0,1
45400.0,325600.0,5941.79,1,0.97,55.3,40.3,5.0,1
75900.0,566100.0,10330.62,4,0.6,50.6,28.9,5.0,1
137000.0,1495200.0,27285.54,4,2.06,47.2,21.0,0.0,1
78800.0,763100.0,13925.62,4,2.0,91.3,27.1,0.0,1
104200.0,752600.0,13734.01,3,1.95,73.1,26.3,18.0,1
55200.0,481800.0,8792.25,3,2.34,65.8,20.8,0.0,1
174700.0,1809800.0,33026.6,1,0.85,61.9,26.6,0.0,1
38100.0,292200.0,5332.29,4,3.66,59.6,25.7,0.0,1
69600.0,526200.0,9602.49,2,0.86,77.9,25.3,0.0,1
92100.0,681800.0,12442.0,1,0.47,83.2,36.6,18.0,1
87100.0,723700.0,13206.62,3,1.8,71.5,18.7,18.0,1
50100.0,431600.0,7876.16,1,3.45,70.1,13.9,5.0,1
142000.0,1030800.0,18810.82,1,0.75,55.6,25.1,0.0,1
95700.0,862100.0,15732.25,1,0.48,57.5,30.9,0.0,1
53900.0,455100.0,8305.01,5,0.48,67.1,20.8,5.0,1
126100.0,1217000.0,22208.73,1,5.88,51.0,26.0,18.0,1
92200.0,707300.0,12907.34,1,0.6,79.1,28.8,0.0,1
27300.0,297300.0,5425.35,2,1.32,65.1,55.5,5.0,1
88000.0,770200.0,14055.19,2,3.93,76.6,31.9,0.0,1
128200.0,1103000.0,20128.38,3,0.5,90.8,30.8,0.0,1
84300.0,625700.0,11418.25,3,2.85,65.0,36.7,18.0,1
41400.0,390500.0,7126.14,3,1.24,61.6,17.9,5.0,1
33200.0,261000.0,4762.93,1,1.23,62.4,47.5,5.0,1
73300.0,629800.0,11493.07,5,0.38,82.1,18.3,5.0,1
147500.0,1462000.0,26679.68,5,1.09,77.5,16.5,0.0,1
63200.0,482800.0,8810.5,5,0.84,87.4,17.3,5.0,1
24400.0,218100.0,3980.05,3,4.17,93.8,12.2,5.0,1
174000.0,1334700.0,24356.61,1,6.26,61.8,19.7,0.0,1
190400.0,2111100.0,38524.95,2,0.56,83.6,29.6,0.0,1
15200.0,108900.0,1987.29,3,0.5,69.9,43.9,5.0,1
30100.0,289400.0,5281.19,1,1.04,65.7,66.0,18.0,1
45200.0,356400.0,6503.86,3,1.75,75.3,10.6,5.0,1
71200.0,520000.0,9489.35,5,0.33,47.4,39.9,5.0,1
106700.0,1149100.0,20969.64,0,5.66,71.4,13.5,0.0,1
116100.0,1043000.0,19033.45,2,0.42,56.3,31.6,18.0,1
69600.0,501600.0,9153.58,4,2.78,79.2,18.5,5.0,1
104300.0,767300.0,14002.27,2,2.42,53.4,14.6,0.0,1
169400.0,1250900.0,22827.37,1,1.17,72.0,17.9,0.0,1
110600.0,1181700.0,21564.55,3,1.1,55.2,20.4,18.0,1
44100.0,364500.0,6651.67,2,0.77,71.1,31.5,0.0,1
95600.0,953200.0,17394.71,5,0.2,35.0,18.8,5.0,0
133900.0,1484800.0,27095.75,2,0.79,39.9,22.4,18.0,1
20500.0,201900.0,3684.42,6,0.31,64.8,13.2,5.0,0
113100.0,1223700.0,22331.0,3,1.43,79.6,20.5,5.0,1
84500.0,892500.0,16287.01,1,6.79,45.3,27.1,0.0,1
100300.0,752100.0,13724.89,3,0.62,89.8,17.7,5.0,1
141700.0,1246400.0,22745.25,1,4.07,77.7,14.8,0.0,1
151600.0,1378400.0,25154.08,3,4.37,83.0,22.6,18.0,1
35900.0,299000.0,5456.38,2,1.56,78.8,18.1,5.0,1
215300.0,1629500.0,29736.35,1,1.7,52.7,17.3,18.0,1
161700.0,1310900.0,23922.29,3,0.75,76.3,20.0,18.0,1
30000.0,293900.0,5363.31,1,3.91,51.2,24.1,0.0,1
177200.0,1736100.0,31681.66,0,6.39,74.1,36.8,0.0,1
19200.0,137900.0,2516.5,3,2.24,86.3,12.5,5.0,1
54400.0,483800.0,8828.75,4,0.66,67.8,35.7,18.0,1
96200.0,704800.0,12861.72,2,3.87,51.9,23.6,18.0,1
238100.0,2052400.0,37453.74,2,2.32,70.0,16.3,18.0,1
60400.0,498500.0,9097.0,2,2.18,65.3,19.0,5.0,1
33500.0,261200.0,4766.57,3,2.63,51.0,49.2,5.0,1
80300.0,671300.0,12250.39,1,0.89,76.3,17.8,0.0,1
29400.0,287600.0,5248.34,4,0.77,81.2,24.2,0.0,1
41500.0,355600.0,6489.26,3,1.02,92.1,23.5,18.0,1
63400.0,513100.0,9363.44,6,1.85,74.4,15.1,5.0,1
62800.0,622100.0,11352.55,3,7.52,68.6,39.6,5.0,1
87400.0,772800.0,14102.64,3,2.48,83.4,37.8,18.0,1
65700.0,489100.0,8925.47,3,10.84,66.3,14.4,5.0,1
69700.0,630900.0,11513.14,2,5.92,48.4,35.3,0.0,1
112700.0,977900.0,17845.46,1,2.02,70.6,30.3,0.0,1
238900.0,2202800.0,40198.36,0,7.25,62.8,15.6,18.0,1
79300.0,804800.0,14686.6,2,2.38,52.9,41.9,18.0,1
231600.0,1686800.0,30782.0,1,1.09,68.7,20.0,18.0,1
109300.0,1022200.0,18653.88,4,4.07,67.3,16.2,0.0,1
128600.0,965900.0,17626.47,2,5.71,75.6,22.9,0.0,1
31800.0,252300.0,4604.16,1,0.76,46.2,22.1,0.0,1
52300.0,493200.0,9000.29,2,1.54,65.3,18.6,5.0,1
127000.0,1370300.0,25006.27,0,7.8,65.8,28.6,0.0,1
78200.0,569100.0,10385.37,2,0.55,54.4,28.4,0.0,1
51900.0,465400.0,8492.97,2,5.69,67.4,25.8,0.0,1
24100.0,174200.0,3178.93,2,0.45,60.9,43.4,18.0,1
14800.0,148500.0,2709.94,2,2.17,96.0,45.4,5.0,1
148900.0,1383600.0,25248.98,1,0.99,75.7,24.8,18.0,1
44300.0,383100.0,6991.1,3,6.51,77.4,39.8,5.0,1
72200.0,733600.0,13387.29,9,0.38,96.0,15.8,5.0,0
118600.0,1234800.0,22533.56,0,7.29,88.0,30.7,0.0,1
91800.0,929700.0,16965.87,4,8.49,62.5,16.8,0.0,1
89800.0,864200.0,15770.57,0,5.36,70.4,33.8,18.0,1
21900.0,175900.0,3209.96,4,8.06,74.5,12.9,5.0,1
101600.0,889200.0,16226.79,3,3.05,43.5,18.3,5.0,1
58700.0,517400.0,9441.91,2,2.7,54.5,19.4,5.0,1
28600.0,212100.0,3870.56,1,1.02,67.8,25.4,0.0,1
45800.0,374700.0,6837.81,3,2.61,71.2,19.6,0.0,1
178100.0,1272600.0,23223.37,2,0.95,64.4,16.9,0.0,1
117300.0,1079400.0,19697.71,3,1.19,70.5,21.5,18.0,1
10900.0,81600.0,1489.1,2,1.57,38.5,22.6,5.0,1
39500.0,286100.0,5220.97,2,1.41,80.0,27.8,5.0,1
171600.0,1782800.0,32533.88,0,7.45,56.3,27.9,0.0,1
78700.0,576500.0,10520.41,3,2.37,62.9,19.0,5.0,1
82300.0,713800.0,13025.96,3,2.24,61.5,33.0,0.0,1
23900.0,249100.0,4545.76,6,0.4,71.7,16.6,5.0,0
111500.0,812200.0,14821.64,3,1.61,80.1,32.2,18.0,1
167800.0,1323600.0,24154.05,1,3.11,82.2,28.5,0.0,1
140700.0,1556100.0,28396.89,1,3.06,43.1,25.0,0.0,1
37600.0,417500.0,7618.86,2,1.49,72.1,55.2,5.0,1
40900.0,293200.0,5350.53,1,13.41,79.4,25.7,18.0,1
114900.0,849800.0,15507.79,2,2.46,56.1,21.3,0.0,1
78600.0,768600.0,14025.99,5,0.6,63.2,23.9,18.0,1
140600.0,1045500.0,19079.07,3,2.33,66.0,29.1,0.0,1
28700.0,255100.0,4655.26,2,0.7,51.2,24.7,0.0,1
74500.0,623000.0,11368.97,0,5.28,80.3,27.5,0.0,1
82400.0,896500.0,16360.01,6,1.33,85.2,20.0,5.0,1
180100.0,1547400.0,28238.12,4,0.42,70.6,32.2,0.0,1
144100.0,1131400.0,20646.64,1,4.3,96.0,26.5,0.0,1
182400.0,1647400.0,30063.0,2,12.86,79.2,22.1,18.0,1
110900.0,865700.0,15797.95,2,1.31,68.2,22.7,0.0,1
172900.0,1709100.0,31188.95,5,0.93,68.0,20.2,0.0,1
54000.0,599700.0,10943.78,1,2.51,79.2,25.5,0.0,1
57900.0,456600.0,8332.38,1,2.31,76.7,24.8,0.0,1
131700.0,1366000.0,24927.8,1,3.34,54.2,26.4,0.0,1
51500.0,426700.0,7786.74,1,3.05,84.6,27.9,18.0,1
136400.0,1184100.0,21608.35,2,1.19,51.8,24.1,0.0,1
107400.0,1173200.0,21409.44,1,6.67,43.3,27.8,0.0,1
91500.0,746200.0,13617.22,1,6.38,96.0,21.9,0.0,1
19000.0,197600.0,3605.95,3,3.1,64.5,18.4,5.0,1
73100.0,533500.0,9735.71,3,1.47,65.3,26.6,0.0,1
152500.0,1427900.0,26057.4,2,1.47,74.2,21.0,18.0,1
147600.0,1352200.0,24675.97,3,1.67,54.9,30.6,0.0,1
84200.0,877800.0,16018.76,0,6.11,82.3,35.9,18.0,1
58100.0,572000.0,10438.29,2,0.79,46.4,14.9,5.0,1
15900.0,120500.0,2198.97,3,2.03,55.5,21.2,5.0,1
95900.0,816300.0,14896.46,1,4.11,71.6,21.9,0.0,1
57000.0,584500.0,10666.4,7,1.4,52.2,17.7,5.0,1
178800.0,1852500.0,33805.82,4,2.0,62.1,27.4,0.0,1
42600.0,385400.0,7033.07,2,0.48,62.4,26.2,0.0,1
87300.0,846500.0,15447.57,0,7.2,78.0,19.2,0.0,1
53200.0,435900.0,7954.63,3,2.46,73.3,16.9,5.0,1
163500.0,1403500.0,25612.13,2,0.39,62.0,22.4,0.0,1
97600.0,813900.0,14852.66,0,5.96,69.0,22.0,0.0,1
94700.0,969400.0,17690.34,5,0.8,75.3,20.7,18.0,1
121900.0,1082000.0,19745.15,4,1.13,65.7,28.6,18.0,1
39100.0,310300.0,5662.59,3,1.29,52.0,18.8,18.0,1
12800.0,97000.0,1770.13,3,3.55,96.0,38.0,5.0,1
103400.0,795000.0,14507.76,4,1.94,68.7,14.9,5.0,1
71800.0,752100.0,13724.89,1,1.0,65.0,33.3,0.0,1
134700.0,1471200.0,26847.57,1,0.6,92.6,28.2,0.0,1
50300.0,494500.0,9024.01,5,2.12,69.8,15.5,5.0,1
104100.0,940000.0,17153.83,3,2.37,45.4,19.2,0.0,1
47900.0,493300.0,9002.11,3,6.92,96.0,12.4,5.0,1
36200.0,363600.0,6635.25,5,1.07,75.4,17.0,18.0,1
92900.0,722800.0,13190.2,5,0.89,61.6,14.9,5.0,1
50000.0,407300.0,7432.72,1,0.6,73.3,32.3,0.0,1
195100.0,1795200.0,32760.16,1,1.41,70.6,31.2,0.0,1
55100.0,506900.0,9250.29,1,1.1,65.4,40.2,5.0,1
71100.0,542000.0,9890.83,3,3.04,52.3,11.5,5.0,1
54500.0,503900.0,9195.55,3,4.02,57.3,16.3,5.0,1
82000.0,785400.0,14332.57,2,0.52,60.4,15.1,5.0,1
78300.0,733500.0,13385.46,2,2.79,74.2,24.4,18.0,1
54600.0,494700.0,9027.66,3,0.6,68.1,22.5,0.0,1
11100.0,94200.0,1719.03,3,1.07,65.7,46.6,5.0,1
40100.0,297300.0,5425.35,2,0.6,78.8,34.8,0.0,1
96800.0,1020600.0,18624.68,4,3.02,52.4,22.0,18.0,1
25100.0,210000.0,3832.24,4,2.44,83.3,40.0,5.0,1
53400.0,417400.0,7617.03,0,8.83,76.1,29.6,0.0,1
34000.0,356400.0,6503.86,1,1.92,70.9,54.9,5.0,1
77000.0,554800.0,10124.41,4,0.34,52.3,24.1,0.0,1
55700.0,595400.0,10865.31,5,1.16,61.4,66.6,18.0,1
56200.0,568100.0,10367.12,2,1.72,78.7,17.3,0.0,1
106000.0,832400.0,15190.26,4,1.58,68.6,19.8,5.0,1
76100.0,588600.0,10741.22,4,4.09,87.5,24.5,18.0,1
116600.0,913400.0,16668.41,2,2.59,72.0,19.9,5.0,1
70700.0,763600.0,13934.75,3,1.63,57.4,21.2,5.0,1
97900.0,809600.0,14774.19,2,1.41,76.4,21.1,5.0,1
114200.0,1027200.0,18745.12,1,2.69,65.2,22.1,0.0,1
117400.0,1100700.0,20086.4,3,7.34,81.5,18.5,5.0,1
105100.0,762500.0,13914.68,5,0.1,90.6,16.7,5.0,0
62100.0,446700.0,8151.72,3,3.59,88.9,17.7,5.0,1
38900.0,429500.0,7837.84,2,9.67,55.8,14.2,5.0,1
116100.0,1245700.0,22732.47,3,0.35,56.3,31.8,0.0,1
39100.0,395000.0,7208.26,3,3.69,61.6,36.3,5.0,1
40900.0,298000.0,5438.13,2,7.21,72.9,41.4,5.0,1
149400.0,1455700.0,26564.71,2,0.33,76.1,27.9,18.0,1
33000.0,246900.0,4505.62,5,0.27,81.7,18.8,5.0,1
53100.0,406800.0,7423.59,1,6.44,58.8,24.1,0.0,1
74000.0,665300.0,12140.9,1,8.18,75.9,21.0,0.0,1
126000.0,1002900.0,18301.68,2,7.17,75.8,23.7,0.0,1
78800.0,708500.0,12929.24,1,2.0,69.4,29.7,18.0,1
184600.0,2030800.0,37059.57,3,0.62,83.4,28.1,0.0,1
104100.0,841500.0,15356.33,5,0.39,73.2,19.2,18.0,1
14700.0,122800.0,2240.95,6,0.57,50.3,29.1,5.0,1
55700.0,533800.0,9741.19,3,0.72,63.7,16.0,5.0,1
54900.0,485100.0,8852.47,6,0.41,60.4,23.0,18.0,1
120000.0,1117400.0,20391.16,2,3.06,69.6,28.7,0.0,1
27500.0,225400.0,4113.27,4,0.88,55.4,42.1,5.0,1
22700.0,188800.0,3445.36,2,2.85,56.3,36.0,18.0,1
99900.0,768400.0,14022.34,6,0.56,64.3,10.3,5.0,0
136400.0,1354700.0,24721.59,1,0.87,47.2,29.1,0.0,1
49100.0,366400.0,6686.34,2,1.82,40.9,32.6,0.0,1
22400.0,218300.0,3983.7,3,0.83,67.8,38.7,5.0,1
54500.0,602500.0,10994.87,1,2.35,60.6,33.3,0.0,1
24100.0,238300.0,4348.68,3,0.33,96.0,17.8,5.0,1
75200.0,551300.0,10060.54,4,3.3,76.0,14.2,5.0,1
66400.0,635600.0,11598.91,7,0.33,60.2,47.4,5.0,1
38300.0,380200.0,6938.18,2,3.29,66.2,39.7,5.0,1
118100.0,1078000.0,19672.16,1,2.27,51.5,21.9,5.0,1
115800.0,1188000.0,21679.52,0,5.15,68.8,29.7,0.0,1
64000.0,648600.0,11836.14,3,0.82,65.0,24.0,0.0,1
47200.0,362500.0,6615.17,2,0.71,95.5,18.6,18.0,1
99900.0,727100.0,13268.67,0,9.66,79.2,24.8,0.0,1
66700.0,542500.0,9899.95,4,2.73,64.9,23.7,18.0,1
57400.0,592700.0,10816.04,4,1.74,66.4,19.9,5.0,1
103800.0,967300.0,17652.02,6,3.06,66.0,15.4,5.0,1
33000.0,301200.0,5496.52,2,3.1,78.6,42.1,5.0,1
186400.0,2016100.0,36791.31,2,4.9,62.6,29.5,0.0,1
19700.0,144800.0,2642.42,1,2.88,56.7,16.3,5.0,1
168900.0,1269400.0,23164.97,1,2.91,84.6,36.5,0.0,1
89500.0,658800.0,12022.28,0,8.06,55.9,20.9,0.0,1
18600.0,175500.0,3202.66,5,0.29,52.8,15.7,5.0,0
74900.0,629800.0,11493.07,0,9.5,78.9,23.0,0.0,1
136600.0,1120600.0,20449.55,6,0.15,79.7,40.0,0.0,0
77700.0,655500.0,11962.06,1,2.4,65.8,33.8,18.0,1
44100.0,317300.0,5790.33,1,0.71,90.4,28.5,0.0,1
45000.0,334100.0,6096.91,1,1.67,82.5,26.9,0.0,1
130500.0,955800.0,17442.16,2,4.12,75.4,22.0,18.0,1
48900.0,400000.0,7299.5,6,0.59,82.3,21.6,5.0,1
43000.0,358900.0,6549.48,1,1.54,90.1,15.7,0.0,1
55100.0,516700.0,9429.13,4,2.92,77.0,40.8,5.0,1
36400.0,340100.0,6206.4,3,8.67,85.5,16.7,5.0,1
40500.0,333300.0,6082.31,3,2.21,59.0,31.4,5.0,1
151000.0,1642300.0,29969.93,3,1.1,68.4,13.8,0.0,1
49500.0,354000.0,6460.06,1,3.02,83.3,26.3,0.0,1
156100.0,1231200.0,22467.87,1,1.14,65.4,21.9,0.0,1
75000.0,544800.0,9941.92,3,1.13,77.4,16.8,5.0,1
56200.0,412900.0,7534.91,4,0.94,76.5,21.8,0.0,1
162400.0,1272900.0,23228.84,2,3.27,78.6,27.2,0.0,1
64300.0,603500.0,11013.12,3,8.9,78.3,18.1,5.0,1
22500.0,196700.0,3589.53,4,6.37,84.8,10.9,5.0,1
19500.0,186500.0,3403.39,2,3.08,83.3,42.3,5.0,1
108400.0,1019800.0,18610.08,6,0.74,67.1,32.9,0.0,1
150700.0,1095800.0,19996.99,2,0.99,76.2,29.9,0.0,1
32600.0,285800.0,5215.49,2,7.47,91.7,42.6,5.0,1
58000.0,494800.0,9029.48,4,0.6,56.4,17.0,5.0,1
38100.0,281300.0,5133.37,6,0.29,57.5,34.9,5.0,1
60900.0,468800.0,8555.02,1,1.53,65.6,20.0,0.0,1
59100.0,468900.0,8556.84,1,7.07,75.5,45.0,5.0,1
182500.0,1539700.0,28097.61,3,6.24,64.8,18.0,18.0,1
65400.0,548900.0,10016.74,3,0.35,75.4,26.8,5.0,1
109400.0,802200.0,14639.15,5,1.68,96.0,21.5,5.0,1
17000.0,178900.0,3264.7,8,0.46,62.2,13.6,5.0,0
46900.0,364900.0,6658.97,2,3.58,64.8,16.1,5.0,1
146900.0,1207400.0,22033.55,1,1.07,60.9,26.2,0.0,1
142800.0,1309400.0,23894.92,2,2.01,56.0,31.8,0.0,1
16200.0,122400.0,2233.65,4,1.88,92.3,59.2,5.0,1
143200.0,1100900.0,20090.05,2,1.8,71.1,22.1,18.0,1
19700.0,192000.0,3503.76,2,0.98,86.6,34.8,5.0,1
149800.0,1380700.0,25196.06,2,5.05,44.2,18.9,0.0,1
171100.0,1339300.0,24440.56,1,3.95,83.0,27.3,0.0,1
37200.0,305800.0,5580.47,7,3.97,64.1,18.2,5.0,1
69900.0,731000.0,13339.84,3,3.71,66.0,44.4,5.0,1
171100.0,1542000.0,28139.58,1,1.85,80.4,35.6,0.0,1
95600.0,740900.0,13520.5,1,4.85,68.6,30.9,18.0,1
65200.0,719700.0,13133.63,3,4.9,90.8,21.1,18.0,1
72700.0,528900.0,9651.77,4,0.32,58.8,8.0,5.0,1
32500.0,294500.0,5374.26,3,0.68,47.9,20.0,5.0,1
97500.0,1042300.0,19020.68,2,1.9,71.1,27.4,0.0,1
203200.0,1948800.0,35563.17,4,2.96,88.8,14.7,18.0,1
91200.0,898600.0,16398.33,0,8.29,62.3,12.5,5.0,1
57100.0,537900.0,9816.01,3,0.76,69.6,53.6,18.0,1
106500.0,864700.0,15779.7,2,3.23,87.1,16.3,5.0,1
63800.0,512500.0,9352.49,7,0.17,81.2,19.0,5.0,0
136900.0,1129700.0,20615.62,0,5.49,66.7,27.5,18.0,1
33800.0,276200.0,5040.31,5,0.9,70.0,18.7,5.0,1
63700.0,674600.0,12310.61,4,0.47,81.5,20.9,5.0,1
47100.0,429100.0,7830.54,4,1.66,52.9,49.7,5.0,1
61300.0,503600.0,9190.07,3,1.23,64.6,10.2,5.0,1
30200.0,266100.0,4855.99,1,6.73,66.1,27.4,0.0,1
170500.0,1788200.0,32632.42,4,2.88,41.7,31.8,0.0,1
92000.0,701000.0,12792.38,1,0.44,50.9,21.4,18.0,1
90400.0,711000.0,12974.86,1,1.01,55.7,17.0,5.0,1
52300.0,403700.0,7367.02,4,1.34,76.1,10.1,5.0,1
56800.0,624500.0,11396.35,2,2.63,78.0,18.2,5.0,1
59000.0,576700.0,10524.06,4,6.44,69.6,35.6,5.0,1
22500.0,205500.0,3750.12,5,0.39,76.1,14.0,5.0,1
35900.0,262400.0,4788.47,1,0.35,60.9,17.2,5.0,1
28900.0,265600.0,4846.87,5,0.21,60.0,14.3,5.0,1
81100.0,664300.0,12122.65,2,0.97,80.6,20.3,18.0,1
79200.0,634100.0,11571.54,1,1.42,77.5,32.6,18.0,1
68400.0,750000.0,13686.57,5,0.39,60.4,10.4,5.0,0
75500.0,642000.0,11715.7,3,3.64,78.7,26.7,18.0,1
25400.0,225700.0,4118.74,2,4.62,84.0,20.4,0.0,1
67400.0,669000.0,12208.42,4,3.05,62.0,17.7,5.0,1
46400.0,364200.0,6646.2,4,0.34,63.4,28.5,0.0,1
30100.0,227000.0,4142.47,3,1.11,60.5,22.7,0.0,1
66800.0,654000.0,11934.69,2,6.01,69.4,26.5,0.0,1
79000.0,797800.0,14558.86,2,1.5,67.8,52.9,5.0,1
79600.0,735300.0,13418.31,5,0.24,70.2,15.3,5.0,0
69300.0,763700.0,13936.57,7,0.23,74.8,14.1,5.0,0
53800.0,386200.0,7047.67,2,0.94,73.7,48.0,5.0,1
53300.0,495100.0,9034.96,6,0.56,78.7,20.0,5.0,1
179300.0,1868800.0,34103.27,0,9.22,67.4,27.5,0.0,1
131700.0,943500.0,17217.7,2,1.45,65.2,37.8,18.0,1
195400.0,2105900.0,38430.05,3,2.11,96.0,23.8,0.0,1
87800.0,642500.0,11724.82,2,1.53,63.1,27.2,18.0,1
117900.0,1248300.0,22779.92,0,6.47,71.5,25.8,0.0,1
74400.0,687200.0,12540.54,5,0.31,64.4,17.2,5.0,1
17000.0,135000.0,2463.58,2,0.35,80.7,34.3,5.0,1
185900.0,1696600.0,30960.84,1,0.71,57.5,39.8,0.0,1
106700.0,884000.0,16131.9,2,17.04,63.8,19.4,18.0,1
86100.0,643900.0,11750.37,3,2.68,57.5,14.0,5.0,1
104800.0,906400.0,16540.67,2,0.7,58.9,35.0,0.0,1
56700.0,557500.0,10173.68,4,2.13,62.6,44.5,5.0,1
176300.0,1278900.0,23338.33,0,6.85,75.0,23.7,0.0,1
143600.0,1179800.0,21529.88,2,5.59,72.1,38.1,18.0,1
151500.0,1346400.0,24570.12,3,4.59,57.3,18.2,0.0,1
50000.0,506000.0,9233.87,3,2.57,79.7,18.8,5.0,1
109900.0,954300.0,17414.79,0,4.54,77.1,16.8,18.0,1
33600.0,367500.0,6706.42,1,3.23,73.8,18.8,5.0,1
108800.0,1040400.0,18986.0,3,0.86,79.3,21.0,5.0,1
69500.0,771800.0,14084.39,5,0.55,36.3,22.5,0.0,0
42100.0,458200.0,8361.58,3,2.82,89.2,16.6,5.0,1
151400.0,1161300.0,21192.28,4,1.58,86.9,30.3,18.0,1
119900.0,953000.0,17391.06,2,0.85,96.0,22.3,0.0,1
127600.0,1169100.0,21334.62,3,8.17,72.3,32.3,18.0,1
65500.0,566600.0,10339.74,1,0.97,57.4,20.1,0.0,1
40900.0,339100.0,6188.15,0,8.5,74.1,26.5,0.0,1
145900.0,1044600.0,19062.65,1,1.66,69.7,30.2,0.0,1
124100.0,1354900.0,24725.24,3,3.63,71.3,36.2,0.0,1
57400.0,551900.0,10071.49,1,1.49,82.9,19.1,18.0,1
137600.0,1169300.0,21338.27,4,1.49,69.7,13.4,18.0,1
104500.0,1023300.0,18673.95,1,3.46,35.0,32.3,0.0,1
57600.0,507400.0,9259.42,3,4.46,69.2,42.5,5.0,1
16900.0,125700.0,2293.87,5,0.54,58.1,14.9,5.0,1
31800.0,317200.0,5788.51,2,2.48,72.3,13.6,5.0,1
83600.0,714000.0,13029.61,0,8.1,71.9,37.8,0.0,1
45200.0,438500.0,8002.08,3,3.84,88.0,34.4,18.0,1
72300.0,718000.0,13102.61,4,3.71,63.9,13.4,5.0,1
87400.0,639100.0,11662.78,0,7.62,83.5,24.0,0.0,1
56800.0,414200.0,7558.63,1,1.7,62.9,29.8,5.0,1
55300.0,495400.0,9040.43,6,0.44,48.0,12.7,5.0,0
54400.0,468500.0,8549.54,0,6.18,68.0,27.6,0.0,1
67100.0,621600.0,11343.43,2,4.08,81.0,48.1,18.0,1
66800.0,481200.0,8781.3,2,3.02,73.5,14.8,18.0,1
134400.0,1350200.0,24639.47,3,0.79,63.8,17.6,0.0,1
121100.0,1017700.0,18571.76,2,3.7,50.2,20.0,18.0,1
105200.0,1092100.0,19929.47,5,1.67,47.9,25.4,5.0,1
152300.0,1362600.0,24865.75,0,8.67,79.0,20.5,0.0,1
179600.0,1336400.0,24387.64,2,1.35,64.1,34.3,0.0,1
110000.0,955200.0,17431.21,6,1.03,89.1,13.5,5.0,1
145600.0,1460300.0,26648.66,6,0.57,96.0,22.3,18.0,0
68200.0,696300.0,12706.61,2,0.99,85.5,31.5,0.0,1
148000.0,1145000.0,20894.82,1,6.42,76.8,27.8,0.0,1
61900.0,550700.0,10049.59,2,4.34,60.2,33.2,0.0,1
154800.0,1585500.0,28933.4,0,7.9,81.2,23.7,0.0,1
107500.0,1002600.0,18296.2,4,3.07,58.8,36.8,0.0,1
119300.0,943500.0,17217.7,7,0.55,96.0,18.5,5.0,1
52900.0,407200.0,7430.89,6,0.31,56.8,16.4,5.0,0
41400.0,331900.0,6056.76,2,4.46,51.5,19.6,5.0,1
58300.0,500700.0,9137.15,2,0.38,65.1,33.8,0.0,1
62600.0,541300.0,9878.05,3,1.17,95.0,14.2,5.0,1
155800.0,1243400.0,22690.5,3,1.47,68.5,30.9,0.0,1
163300.0,1783900.0,32553.95,3,2.3,47.0,20.6,0.0,1
26000.0,215500.0,3932.61,7,0.44,59.3,20.8,5.0,0
157500.0,1363700.0,24885.83,0,9.05,68.0,27.3,0.0,1
83600.0,612800.0,11182.84,4,5.5,68.4,20.7,18.0,1
41800.0,355200.0,6481.96,2,5.27,65.3,61.3,18.0,1
41700.0,313600.0,5722.81,4,0.77,86.1,18.3,5.0,1
124800.0,1243200.0,22686.85,5,0.19,55.4,12.8,18.0,0
43200.0,438000.0,7992.95,5,1.19,70.3,16.2,18.0,1
124400.0,978600.0,17858.23,1,1.3,69.2,31.3,0.0,1
75000.0,556700.0,10159.08,3,5.19,80.3,17.8,5.0,1
129800.0,1095800.0,19996.99,3,1.6,55.5,46.6,18.0,1
25500.0,249400.0,4551.24,1,5.57,53.4,21.2,0.0,1
27200.0,211500.0,3859.61,2,1.04,77.7,23.9,0.0,1
46300.0,410500.0,7491.11,2,3.14,58.7,17.1,5.0,1
145800.0,1280100.0,23360.23,2,1.59,72.4,27.1,18.0,1
18100.0,153700.0,2804.83,4,1.04,96.0,47.9,5.0,1
103900.0,773100.0,14108.11,2,1.64,75.7,19.2,0.0,1
52700.0,487000.0,8887.14,3,0.78,65.2,45.6,5.0,1
106600.0,946900.0,17279.75,4,1.52,84.2,33.0,0.0,1
61100.0,479100.0,8742.98,2,1.45,75.3,23.4,0.0,1
102000.0,854400.0,15591.74,3,2.94,52.8,30.2,18.0,1
46300.0,335600.0,6124.28,4,0.85,59.5,38.6,18.0,1
101000.0,1046300.0,19093.67,3,3.47,66.6,14.3,5.0,1
96500.0,805500.0,14699.37,7,0.24,63.7,15.8,5.0,0
173000.0,1794100.0,32740.09,2,5.99,71.0,29.1,0.0,1
41800.0,362400.0,6613.35,9,1.26,66.1,19.3,5.0,1
51300.0,445900.0,8137.12,3,2.09,61.0,19.3,18.0,1
111300.0,1166600.0,21289.0,1,7.98,85.2,10.7,18.0,1
121400.0,1017900.0,18575.41,2,1.61,58.4,24.4,0.0,1
85000.0,708300.0,12925.59,2,1.04,77.8,22.1,0.0,1
56000.0,600200.0,10952.9,1,1.12,96.0,30.6,0.0,1
100000.0,879600.0,16051.6,2,0.31,84.2,22.7,0.0,1
141000.0,1502600.0,27420.58,2,1.01,78.7,28.3,18.0,1
74600.0,627700.0,11454.74,3,3.58,78.7,24.4,18.0,1
51700.0,566300.0,10334.27,0,7.8,54.1,26.3,18.0,1
14100.0,103300.0,1885.1,2,3.55,54.1,54.2,5.0,1
175000.0,1654800.0,30198.04,2,5.19,66.8,27.2,0.0,1
85600.0,623300.0,11374.45,2,1.61,81.2,24.3,0.0,1
74800.0,600200.0,10952.9,4,0.38,84.3,20.3,5.0,1
106400.0,985400.0,17982.32,5,0.64,74.3,15.5,5.0,1
174700.0,1305200.0,23818.27,2,2.78,76.4,18.7,18.0,1
12900.0,95300.0,1739.11,3,1.69,68.5,54.0,5.0,1
142900.0,1186600.0,21653.97,4,5.98,59.0,40.2,18.0,1
28600.0,295900.0,5399.81,4,6.39,48.7,26.3,0.0,1
16200.0,121700.0,2220.87,1,0.51,68.3,39.1,5.0,1
110700.0,1021100.0,18633.8,1,1.97,81.3,11.8,5.0,1
152000.0,1087200.0,19840.05,2,3.09,80.1,23.1,0.0,1
192000.0,1480000.0,27008.16,0,6.26,96.0,18.5,0.0,1
67800.0,535700.0,9775.86,5,0.17,72.0,53.1,5.0,1
65600.0,716800.0,13080.71,4,3.38,53.8,36.7,0.0,1
82500.0,677800.0,12369.01,0,8.33,65.7,28.9,0.0,1
57500.0,541400.0,9879.88,2,1.12,67.9,33.7,18.0,1
60300.0,439800.0,8025.8,2,2.74,43.6,53.6,18.0,1
58600.0,445300.0,8126.17,5,0.34,66.6,18.0,5.0,1
71100.0,763800.0,13938.4,2,4.38,72.4,16.8,5.0,1
132000.0,950700.0,17349.09,1,3.13,72.0,37.5,0.0,1
17700.0,143500.0,2618.7,3,0.81,58.2,61.2,18.0,1
66200.0,483000.0,8814.15,7,0.12,63.6,13.5,5.0,0
56300.0,610600.0,11142.69,4,1.58,68.1,37.0,5.0,1
59500.0,475500.0,8677.28,5,0.69,71.7,16.6,5.0,1
179000.0,1582300.0,28875.0,1,4.86,66.6,22.2,0.0,1
51900.0,480300.0,8764.88,7,0.38,61.9,15.6,5.0,0
46800.0,388000.0,7080.52,6,0.2,71.6,14.0,5.0,0
168800.0,1318100.0,24053.68,1,7.73,57.8,24.7,0.0,1
51100.0,482500.0,8805.02,2,0.32,56.4,41.1,5.0,1
35800.0,304900.0,5564.05,1,0.42,78.0,15.4,5.0,1
103900.0,917500.0,16743.23,5,1.86,87.7,32.0,0.0,1
27000.0,204800.0,3737.34,2,5.09,74.3,14.3,5.0,1
83200.0,841200.0,15350.85,2,0.71,81.9,27.0,0.0,1
70400.0,712100.0,12994.94,2,1.0,68.3,22.2,18.0,1
42100.0,309300.0,5644.34,4,1.32,80.2,20.1,0.0,1
111800.0,818200.0,14931.13,6,0.26,69.4,15.5,5.0,0
52400.0,421100.0,7684.55,2,4.04,69.8,42.8,5.0,1
53000.0,413500.0,7545.86,3,1.63,89.9,30.8,18.0,1
96700.0,970900.0,17717.72,3,1.49,48.7,27.8,18.0,1
47100.0,376200.0,6865.18,4,0.53,78.3,31.5,5.0,1
196500.0,1735600.0,31672.54,5,0.31,51.2,29.8,0.0,0
136500.0,1232700.0,22495.24,0,9.07,35.0,34.4,18.0,1
86900.0,623800.0,11383.57,0,6.75,77.4,22.8,0.0,1
122200.0,1144000.0,20876.58,1,0.61,76.4,19.5,0.0,1
32900.0,326500.0,5958.22,4,3.15,81.5,19.9,18.0,1
128000.0,1302400.0,23767.18,1,1.43,88.6,27.9,0.0,1
101700.0,918000.0,16752.36,3,1.42,78.7,16.9,18.0,1
172900.0,1288700.0,23517.17,0,6.3,86.0,26.9,0.0,1
175300.0,1607100.0,29327.57,3,3.02,75.5,32.8,0.0,1
17700.0,134200.0,2448.98,3,5.39,60.9,39.9,5.0,1
147300.0,1277300.0,23309.13,3,3.95,35.0,17.8,18.0,1
155100.0,1126700.0,20560.87,1,3.98,36.0,21.1,18.0,1
176400.0,1345700.0,24557.35,0,9.0,51.0,25.8,0.0,1
54200.0,600900.0,10965.68,1,3.39,83.1,29.5,18.0,1
69400.0,537700.0,9812.36,1,5.79,82.4,26.5,0.0,1
121500.0,996100.0,18177.58,2,3.68,64.2,20.8,18.0,1
70400.0,672300.0,12268.64,4,2.65,83.8,20.5,18.0,1
32500.0,354500.0,6469.18,5,1.02,63.3,16.0,5.0,1
69300.0,589300.0,10753.99,1,0.41,68.9,23.2,18.0,1
231300.0,1838900.0,33557.64,2,2.39,47.4,16.9,18.0,1
118500.0,904200.0,16500.52,3,1.26,67.1,16.4,5.0,1
42600.0,431400.0,7872.51,5,1.27,83.9,31.7,0.0,1
75300.0,572000.0,10438.29,1,1.2,64.9,14.9,5.0,1
120800.0,1197100.0,21845.58,0,5.76,57.1,19.4,0.0,1
137400.0,1478400.0,26978.96,3,2.16,59.5,14.1,18.0,1
37100.0,384100.0,7009.35,2,0.65,69.2,23.9,18.0,1
35600.0,296800.0,5416.23,3,0.81,60.9,56.3,18.0,1
27700.0,207900.0,3793.92,4,3.31,80.5,13.7,5.0,1
64900.0,577100.0,10531.36,6,0.32,71.1,13.5,5.0,0
86900.0,753100.0,13743.14,5,0.6,78.1,22.2,0.0,1
73700.0,795800.0,14522.36,0,4.62,60.5,24.9,0.0,1
116500.0,1111600.0,20285.32,7,0.72,56.7,26.3,18.0,0
98900.0,1023500.0,18677.6,1,1.29,64.4,22.2,0.0,1
67700.0,529600.0,9664.54,3,3.73,49.8,25.6,0.0,1
113300.0,1153300.0,21046.29,3,5.84,58.3,16.7,5.0,1
51800.0,571700.0,10432.81,4,5.43,75.6,21.5,0.0,1
30100.0,223800.0,4084.07,4,1.27,78.3,65.8,18.0,1
28200.0,232200.0,4237.36,3,2.45,73.9,22.6,0.0,1
175600.0,1533200.0,27978.99,1,0.3,62.6,30.2,0.0,1
97700.0,789600.0,14409.22,0,5.16,57.2,17.6,0.0,1
22000.0,163200.0,2978.2,2,8.4,60.1,21.7,5.0,1
82100.0,736400.0,13438.38,0,9.41,80.1,24.6,18.0,1
232100.0,1664300.0,30371.4,4,0.88,78.9,16.7,18.0,1
49600.0,528400.0,9642.64,2,3.76,67.4,35.6,5.0,1
24500.0,254000.0,4635.18,5,0.58,81.0,18.0,5.0,1
147300.0,1085600.0,19810.85,3,2.05,81.1,21.4,18.0,1
64900.0,508700.0,9283.14,0,6.2,89.3,17.9,0.0,1
111300.0,981500.0,17911.15,2,1.97,68.6,15.8,5.0,1
76900.0,778600.0,14208.48,2,0.67,65.2,32.3,0.0,1
15600.0,152800.0,2788.41,8,1.4,75.2,38.9,5.0,1
42400.0,321600.0,5868.8,1,1.42,83.8,29.7,0.0,1
141100.0,1193100.0,21772.59,2,1.21,75.2,25.2,0.0,1
98400.0,965500.0,17619.17,4,4.39,91.5,20.6,18.0,1
62900.0,641900.0,11713.88,4,1.87,59.7,55.2,18.0,1
112500.0,817500.0,14918.36,4,1.19,64.9,15.5,0.0,1
124900.0,933700.0,17038.86,1,0.35,66.6,19.5,18.0,1
38800.0,385900.0,7042.19,0,6.03,82.9,38.7,0.0,1
40700.0,420200.0,7668.13,5,0.75,96.0,12.0,5.0,1
62200.0,591900.0,10801.44,4,0.56,58.0,67.6,18.0,1
122600.0,957800.0,17478.66,4,5.94,59.9,29.5,18.0,1
76300.0,735700.0,13425.61,0,5.1,85.3,24.9,0.0,1
106200.0,769300.0,14038.77,3,0.36,72.9,20.2,18.0,1
29500.0,238500.0,4352.33,2,0.48,56.5,15.5,5.0,1
69300.0,646500.0,11797.82,4,1.3,52.4,27.7,0.0,1
112400.0,1179600.0,21526.23,2,1.47,72.4,26.6,0.0,1
103700.0,866600.0,15814.37,2,1.12,89.1,35.5,0.0,1
70400.0,567900.0,10363.47,2,3.46,72.3,27.9,0.0,1
116500.0,834600.0,15230.41,3,2.82,61.5,27.0,0.0,1
36400.0,364800.0,6657.15,3,0.49,48.7,25.6,0.0,1
57900.0,509400.0,9295.92,5,0.13,70.8,28.9,0.0,1
89600.0,689900.0,12589.82,3,4.12,69.4,33.6,18.0,1
68300.0,742600.0,13551.53,2,5.97,72.8,26.2,18.0,1
92800.0,772900.0,14104.46,5,0.31,79.5,18.8,5.0,1
91300.0,826100.0,15075.3,2,5.18,67.1,34.9,0.0,1
84400.0,615100.0,11224.81,3,1.0,77.3,24.0,0.0,1
145500.0,1352700.0,24685.09,2,1.5,59.9,28.2,0.0,1
20800.0,174300.0,3180.76,3,5.65,75.7,45.2,18.0,1
54200.0,471200.0,8598.81,1,2.67,74.4,19.0,0.0,1
42700.0,326900.0,5965.52,2,0.77,81.5,45.1,5.0,1
66000.0,505500.0,9224.75,1,1.67,55.4,25.0,0.0,1
38500.0,319700.0,5834.13,0,8.9,53.2,23.9,0.0,1
110700.0,867900.0,15838.09,4,2.18,53.7,8.0,5.0,1
36600.0,286400.0,5226.44,8,0.65,71.6,12.9,5.0,1
99900.0,965800.0,17624.65,1,0.4,59.5,27.1,0.0,1
21000.0,220900.0,4031.15,3,8.69,55.7,55.8,18.0,1
79600.0,665100.0,12137.25,3,5.09,65.3,22.8,18.0,1
141500.0,1327600.0,24227.05,1,4.24,79.4,18.7,18.0,1
103700.0,741200.0,13525.98,4,4.03,66.1,20.5,0.0,1
97600.0,877400.0,16011.46,1,3.46,57.3,20.5,0.0,1
132900.0,1060900.0,19360.1,2,2.82,65.6,22.5,0.0,1
43600.0,461800.0,8427.27,3,3.25,64.0,12.6,5.0,1
77100.0,797200.0,14547.91,0,9.76,77.1,26.4,0.0,1
68800.0,527900.0,9633.52,0,5.49,55.0,53.3,5.0,1
21900.0,189100.0,3450.84,6,1.21,80.3,46.4,18.0,1
116700.0,1287600.0,23497.1,0,7.77,63.6,21.8,0.0,1
30700.0,258000.0,4708.18,3,0.48,72.0,18.4,5.0,1
64800.0,681800.0,12442.0,4,0.62,82.1,18.6,0.0,1
54600.0,407300.0,7432.72,5,1.01,96.0,40.6,5.0,1
52100.0,376500.0,6870.66,1,0.59,48.5,33.9,0.0,1
25600.0,196800.0,3591.35,5,0.97,63.5,16.7,5.0,1
111200.0,1016600.0,18551.68,1,0.37,62.9,29.1,18.0,1
65000.0,572500.0,10447.41,8,0.28,92.9,17.9,5.0,0
43900.0,453700.0,8279.46,0,7.84,78.1,30.7,0.0,1
111000.0,934700.0,17057.11,2,0.45,60.2,21.8,5.0,1
136900.0,1048800.0,19139.29,3,3.48,55.3,22.7,0.0,1
122900.0,1241500.0,22655.83,1,1.06,57.7,20.5,18.0,1
108600.0,837400.0,15281.51,2,2.64,45.0,21.0,0.0,1
25800.0,275700.0,5031.18,2,1.2,78.1,14.1,5.0,1
62200.0,608100.0,11097.07,3,1.92,72.7,47.0,5.0,1
77100.0,608500.0,11104.37,7,0.5,58.3,19.1,5.0,0
19900.0,148700.0,2713.59,3,0.68,76.0,34.5,5.0,1
36200.0,284600.0,5193.6,1,2.11,71.7,25.2,0.0,1
210400.0,1600900.0,29214.43,2,1.17,56.2,19.4,18.0,1
116200.0,853400.0,15573.49,4,5.25,49.0,22.5,0.0,1
22300.0,205400.0,3748.29,0,5.23,82.3,45.5,5.0,1
75400.0,773000.0,14106.29,3,2.04,66.1,26.6,0.0,1
52700.0,418600.0,7638.93,4,0.73,70.6,16.7,5.0,1
43400.0,423300.0,7724.7,2,9.4,67.4,13.7,18.0,1
33300.0,257000.0,4689.93,8,0.81,63.3,18.5,5.0,1
78900.0,659600.0,12036.88,1,0.31,44.7,29.1,0.0,1
38900.0,336400.0,6138.88,2,2.38,59.3,55.1,18.0,1
58800.0,559800.0,10215.65,4,4.53,64.1,12.3,5.0,1
94700.0,911200.0,16628.27,2,1.9,64.3,17.9,0.0,1
36800.0,283000.0,5164.4,5,0.41,83.2,21.0,5.0,1
33800.0,283400.0,5171.7,4,7.29,95.0,13.4,5.0,1
142000.0,1090700.0,19903.92,2,0.49,94.8,18.5,0.0,1
204600.0,1663500.0,30356.8,1,8.74,59.5,17.1,18.0,1
26500.0,197300.0,3600.48,1,4.44,69.8,23.1,18.0,1
168200.0,1300700.0,23736.16,4,4.47,39.5,28.5,0.0,1
178100.0,1769100.0,32283.87,3,1.58,71.8,40.2,0.0,1
78800.0,602100.0,10987.58,3,2.1,57.5,26.3,18.0,1
70400.0,698400.0,12744.93,5,0.43,81.1,15.6,5.0,1
12200.0,133500.0,2436.21,2,0.9,90.3,52.6,18.0,1
187500.0,1434000.0,26168.71,3,0.38,77.9,31.2,0.0,1
104300.0,1101800.0,20106.48,4,1.67,60.0,24.2,0.0,1
185500.0,1390800.0,25380.37,1,8.36,59.1,18.9,18.0,1
155700.0,1571900.0,28685.22,4,8.62,83.0,29.7,0.0,1
30600.0,332600.0,6069.54,1,0.95,73.9,23.4,0.0,1
25400.0,275700.0,5031.18,9,0.72,73.0,12.7,5.0,0
125500.0,896800.0,16365.48,1,2.24,74.8,16.2,18.0,1
57500.0,576600.0,10522.23,4,5.72,58.4,41.7,18.0,1
191600.0,1579900.0,28831.21,4,0.71,73.5,38.2,0.0,1
25600.0,238900.0,4359.63,3,1.27,64.4,15.4,0.0,1
145000.0,1154200.0,21062.71,4,0.86,57.9,20.1,0.0,1
76100.0,655400.0,11960.23,5,0.14,58.2,16.9,5.0,0
128600.0,1297400.0,23675.93,5,1.4,77.0,20.6,0.0,1
42400.0,335600.0,6124.28,4,0.4,67.9,23.4,0.0,1
46800.0,441800.0,8062.3,0,6.6,81.9,29.8,0.0,1
47200.0,422500.0,7710.1,3,3.42,48.9,36.9,5.0,1
42300.0,425700.0,7768.49,2,6.32,69.2,22.2,0.0,1
113200.0,959900.0,17516.98,4,0.31,96.0,26.1,0.0,1
171900.0,1302100.0,23761.7,0,9.03,86.4,14.9,18.0,1
168600.0,1840400.0,33585.01,2,4.33,57.5,15.8,0.0,1
88800.0,705900.0,12881.8,0,5.93,81.5,23.6,0.0,1
23200.0,187500.0,3421.64,5,0.16,75.7,27.4,18.0,1
32800.0,275500.0,5027.53,5,0.29,84.8,15.7,5.0,1
53900.0,423300.0,7724.7,3,7.31,63.8,19.9,0.0,1
32200.0,275300.0,5023.88,4,2.44,55.3,44.5,5.0,1
224600.0,2037600.0,37183.66,1,1.97,71.6,14.8,18.0,1
105100.0,1044000.0,19051.7,4,6.07,86.2,24.1,0.0,1
63300.0,637300.0,11629.93,3,1.74,72.1,19.4,5.0,1
106100.0,862900.0,15746.85,0,7.11,85.9,23.2,0.0,1
23500.0,222600.0,4062.17,5,0.4,83.0,53.3,18.0,1
49600.0,443600.0,8095.15,2,1.83,67.5,40.0,5.0,1
112000.0,1230500.0,22455.09,1,13.38,65.2,24.8,18.0,1
54100.0,510800.0,9321.46,6,0.11,52.4,14.2,5.0,0
182900.0,1320600.0,24099.31,2,0.69,64.0,36.9,0.0,1
61500.0,506800.0,9248.47,1,1.18,63.5,30.5,0.0,1
52400.0,446200.0,8142.59,1,0.32,63.9,14.4,0.0,1
180100.0,1815400.0,33128.79,1,0.83,54.2,28.1,0.0,1
173800.0,1297500.0,23677.76,4,4.78,62.7,28.9,0.0,1
26300.0,192300.0,3509.24,5,1.26,80.7,10.5,5.0,1
73900.0,578500.0,10556.9,3,4.22,76.9,37.4,5.0,1
90200.0,685200.0,12504.05,0,5.09,72.7,29.6,0.0,1
50700.0,435200.0,7941.86,3,2.29,60.1,33.0,5.0,1
131300.0,1178100.0,21498.86,2,2.41,69.7,24.5,0.0,1
45500.0,366500.0,6688.17,3,0.98,92.0,53.3,18.0,1
82500.0,657600.0,12000.38,2,0.43,67.6,30.1,0.0,1
77200.0,672800.0,12277.76,4,1.68,68.4,17.2,5.0,1
28600.0,215200.0,3927.13,5,1.58,50.4,11.6,5.0,1
63400.0,618000.0,11277.73,6,1.42,78.6,13.3,5.0,1
38700.0,360500.0,6578.68,4,0.76,96.0,20.8,18.0,1
40900.0,379300.0,6921.75,2,1.53,66.9,20.7,0.0,1
162700.0,1538800.0,28081.18,3,0.61,79.4,31.8,0.0,1
17200.0,125400.0,2288.39,1,0.9,64.6,12.1,5.0,1
71400.0,771000.0,14069.79,2,1.71,56.1,26.5,0.0,1
83600.0,673200.0,12285.06,1,2.09,65.9,27.2,0.0,1
17700.0,159100.0,2903.38,0,4.68,56.1,27.7,5.0,1
98300.0,872300.0,15918.39,2,5.21,85.7,39.2,18.0,1
79300.0,637400.0,11631.76,8,0.79,77.9,11.8,5.0,1
111800.0,935300.0,17068.06,3,0.46,60.7,27.5,0.0,1
107000.0,953700.0,17403.84,4,0.51,81.5,10.4,5.0,1
86200.0,815000.0,14872.74,6,2.58,81.6,19.4,18.0,1
21800.0,179300.0,3272.0,2,0.86,69.9,49.6,5.0,1
64800.0,678500.0,12381.78,5,1.02,67.7,15.8,5.0,1
60900.0,646300.0,11794.17,2,0.85,52.1,28.8,18.0,1
48400.0,351200.0,6408.96,5,1.33,65.2,15.9,5.0,1
74400.0,532800.0,9722.94,2,0.48,86.2,19.9,0.0,1
54900.0,462400.0,8438.22,2,1.67,69.8,22.6,0.0,1
116800.0,912900.0,16659.29,1,4.0,88.4,27.0,0.0,1
151600.0,1374700.0,25086.56,4,1.27,57.9,18.5,18.0,1
139900.0,1122200.0,20478.75,1,2.48,58.0,26.1,0.0,1
155300.0,1304300.0,23801.85,3,7.73,87.8,21.5,18.0,1
45600.0,474200.0,8653.56,1,1.12,57.8,17.5,5.0,1
42200.0,368800.0,6730.14,2,0.92,69.1,17.5,5.0,1
22800.0,248500.0,4534.82,5,0.69,76.9,21.5,5.0,1
104400.0,1004300.0,18327.22,1,0.61,64.9,32.0,0.0,1
115400.0,828700.0,15122.74,0,6.01,71.3,24.3,0.0,1
47500.0,453000.0,8266.69,7,1.02,82.9,12.4,5.0,1
105000.0,978600.0,17858.23,4,0.54,81.8,25.2,0.0,1
10900.0,108700.0,1983.64,6,0.64,65.6,37.9,5.0,1
87000.0,799300.0,14586.23,1,4.57,84.8,35.2,18.0,1
114900.0,854900.0,15600.86,5,0.21,72.3,19.1,0.0,1
34500.0,248200.0,4529.34,4,4.65,84.1,20.2,18.0,1
57700.0,566000.0,10328.8,1,1.53,81.8,24.3,0.0,1
89600.0,864300.0,15772.4,2,3.53,60.7,21.1,0.0,1
160100.0,1187800.0,21675.87,1,2.31,67.1,27.6,0.0,1
115800.0,1062800.0,19394.78,0,6.0,78.6,17.0,5.0,1
81000.0,608600.0,11106.19,3,3.35,67.7,33.4,0.0,1
196900.0,1496700.0,27312.91,3,0.82,49.1,25.6,0.0,1
37800.0,316900.0,5783.03,2,0.45,67.8,13.9,5.0,1
75300.0,586400.0,10701.07,3,0.36,70.3,17.6,5.0,1
54400.0,508900.0,9286.79,0,5.52,55.3,30.7,0.0,1
156300.0,1363900.0,24889.48,6,0.95,91.6,28.5,0.0,1
109600.0,1107200.0,20205.02,2,2.5,57.9,25.0,0.0,1
149100.0,1075700.0,19630.19,1,1.64,46.6,20.3,0.0,1
108900.0,790100.0,14418.34,3,3.09,75.2,24.2,0.0,1
61500.0,588400.0,10737.57,3,0.93,73.9,44.7,5.0,1
109000.0,1046800.0,19102.8,1,0.44,55.4,30.4,0.0,1
61000.0,489900.0,8940.07,2,0.36,86.8,30.5,5.0,1
89000.0,844100.0,15403.77,2,2.15,86.6,13.6,5.0,1
138200.0,1123600.0,20504.3,1,0.67,96.0,33.1,0.0,1
32800.0,256600.0,4682.63,4,0.55,73.4,15.0,5.0,1
47600.0,356500.0,6505.68,3,2.76,60.3,15.4,5.0,1
43100.0,418900.0,7644.4,0,6.17,65.7,32.9,0.0,1
116800.0,1114400.0,20336.41,3,3.99,92.2,17.8,5.0,1
49600.0,437300.0,7980.18,8,0.13,66.4,49.2,5.0,0
88700.0,636700.0,11618.98,5,0.1,61.8,13.7,5.0,1
150400.0,1083600.0,19774.35,3,3.91,89.2,20.4,18.0,1
18100.0,136300.0,2487.31,6,0.15,89.2,68.0,18.0,1
102100.0,807200.0,14730.39,2,5.33,70.0,10.7,5.0,1
35300.0,352300.0,6429.04,7,0.46,66.4,15.2,5.0,0
130000.0,1271300.0,23199.64,1,0.84,78.9,24.3,18.0,1
20900.0,170600.0,3113.24,1,1.72,67.6,34.9,5.0,1
56700.0,556200.0,10149.96,1,2.63,88.4,22.6,0.0,1
161100.0,1714000.0,31278.37,1,2.48,74.8,24.9,0.0,1
80500.0,741400.0,13529.63,2,0.61,66.2,20.2,18.0,1
63100.0,594000.0,10839.76,4,0.66,70.4,12.7,5.0,1
28600.0,253500.0,4626.06,2,1.53,81.3,17.7,5.0,1
60500.0,438100.0,7994.78,9,0.12,60.0,59.4,18.0,0
30700.0,233500.0,4261.08,5,1.18,72.9,14.3,5.0,1
46600.0,362200.0,6609.7,0,4.7,76.4,15.8,18.0,1
88800.0,971000.0,17719.54,0,7.75,66.6,39.7,18.0,1
68200.0,565300.0,10316.02,4,6.94,73.2,38.7,0.0,1
84000.0,653900.0,11932.86,1,2.04,86.6,20.2,0.0,1
48900.0,439700.0,8023.98,5,0.57,60.8,16.2,5.0,0
35500.0,327000.0,5967.34,1,3.27,60.8,66.2,18.0,1
104000.0,1032300.0,18838.19,4,1.93,56.4,18.7,18.0,1
112100.0,1236200.0,22559.11,1,1.44,62.0,19.3,0.0,1
36100.0,287000.0,5237.39,3,1.62,77.1,25.7,0.0,1
106200.0,1158900.0,21148.48,4,6.29,65.0,25.1,0.0,1
101700.0,895500.0,16341.76,5,0.51,52.8,19.2,0.0,0
101800.0,904000.0,16496.87,4,0.66,52.7,18.3,5.0,1
77800.0,784400.0,14314.32,4,2.14,80.3,12.6,5.0,1
142900.0,1078200.0,19675.81,1,1.82,95.9,25.9,0.0,1
78700.0,807600.0,14737.69,4,6.54,61.0,38.7,18.0,1
50200.0,360400.0,6576.85,3,0.4,40.2,13.2,5.0,1
23400.0,195700.0,3571.28,4,1.76,85.1,54.3,18.0,1
95600.0,720700.0,13151.88,8,1.4,61.6,12.4,5.0,1
71800.0,662000.0,12080.68,4,2.65,89.2,19.5,18.0,1
52200.0,526100.0,9600.67,3,1.97,79.4,47.9,5.0,1
107500.0,890300.0,16246.87,5,0.49,76.6,18.0,5.0,1
25200.0,181000.0,3303.02,4,2.0,72.1,33.4,5.0,1
106900.0,1120200.0,20442.26,2,0.75,90.1,15.0,5.0,1
95800.0,1051400.0,19186.74,3,1.23,83.7,20.3,18.0,1
23500.0,223500.0,4078.6,1,0.8,63.4,42.2,5.0,1
185400.0,1608000.0,29344.0,2,0.43,62.6,27.9,0.0,1
52800.0,386400.0,7051.32,2,2.39,76.1,27.1,0.0,1
111100.0,837700.0,15286.98,6,0.78,65.4,16.6,5.0,1
105100.0,806600.0,14719.45,2,1.64,81.3,18.2,18.0,1
27400.0,274200.0,5003.81,5,0.87,70.7,53.8,18.0,1
63200.0,454400.0,8292.23,1,4.62,68.0,16.3,5.0,1
172100.0,1355900.0,24743.49,1,1.74,51.8,39.3,0.0,1
44800.0,328700.0,5998.37,2,2.76,80.6,31.2,0.0,1
34600.0,313600.0,5722.81,5,0.59,80.5,14.9,5.0,1
70700.0,591600.0,10795.96,2,0.34,49.0,17.8,0.0,1
72700.0,699500.0,12765.0,1,1.86,82.3,30.3,0.0,1
167800.0,1506500.0,27491.75,2,3.44,87.2,25.9,0.0,1
80700.0,794900.0,14505.94,5,0.41,76.4,27.2,0.0,1
105500.0,915800.0,16712.21,5,0.8,77.8,14.0,5.0,1
90100.0,903600.0,16489.57,2,3.57,66.4,24.3,0.0,1
151900.0,1518800.0,27716.21,2,5.15,75.8,20.7,0.0,1
233300.0,1878100.0,34272.99,1,3.74,54.7,18.4,18.0,1
49900.0,531700.0,9702.86,2,1.63,68.5,21.8,0.0,1
64900.0,553800.0,10106.16,3,3.64,86.9,20.6,0.0,1
149300.0,1278700.0,23334.68,4,1.55,71.2,22.0,18.0,1
87400.0,933900.0,17042.51,5,0.23,65.7,24.2,0.0,0
46600.0,393000.0,7171.76,5,1.18,62.4,11.9,5.0,1
160700.0,1200400.0,21905.81,0,6.54,65.5,36.0,0.0,1
200000.0,1744400.0,31833.13,1,0.4,48.2,37.1,0.0,1
132800.0,1045200.0,19073.6,1,10.54,86.6,21.2,0.0,1
56700.0,427200.0,7795.87,3,3.42,67.1,34.0,5.0,1
130900.0,1276400.0,23292.71,3,0.75,61.1,20.4,0.0,1
35500.0,360100.0,6571.38,6,0.8,96.0,27.3,0.0,1
144800.0,1524300.0,27816.58,3,1.3,75.9,24.7,0.0,1
64500.0,483400.0,8821.45,2,0.68,75.5,20.5,5.0,1
54400.0,484500.0,8841.52,2,3.59,90.9,27.5,0.0,1
92900.0,1022600.0,18661.18,1,0.9,59.2,25.3,0.0,1
120700.0,1243900.0,22699.63,3,0.36,70.5,27.3,0.0,1
85900.0,695600.0,12693.83,2,0.92,65.6,25.2,0.0,1
38700.0,317300.0,5790.33,5,0.76,69.6,15.1,5.0,1
34400.0,310000.0,5657.11,4,0.32,72.2,24.3,18.0,1
72600.0,781800.0,14266.88,2,1.89,54.7,45.3,5.0,1
105100.0,981200.0,17905.68,3,3.54,53.1,13.7,5.0,1
112400.0,808200.0,14748.64,7,0.83,70.3,23.5,18.0,1
73800.0,691800.0,12624.49,2,1.8,80.0,24.2,0.0,1
55400.0,465200.0,8489.32,2,3.34,73.0,23.6,0.0,1
70000.0,745000.0,13595.32,3,0.32,85.0,14.1,5.0,1
66400.0,564700.0,10305.07,1,1.03,60.0,24.3,0.0,1
82500.0,704200.0,12850.77,2,0.77,64.5,9.8,18.0,1
119300.0,1233700.0,22513.49,0,9.31,84.3,32.7,18.0,1
176300.0,1858100.0,33908.01,1,4.72,61.3,33.8,0.0,1
50200.0,414900.0,7571.41,2,1.65,84.7,14.6,18.0,1
46200.0,406400.0,7416.29,2,3.93,69.5,66.4,18.0,1
18500.0,159700.0,2914.33,5,1.07,87.3,20.0,5.0,1
81800.0,779800.0,14230.38,3,0.3,85.1,11.7,5.0,1
36300.0,317600.0,5795.8,7,0.56,80.8,50.1,5.0,1
34000.0,258300.0,4713.65,5,0.69,77.4,41.8,18.0,1
83700.0,892300.0,16283.36,6,0.11,74.3,15.5,5.0,0
117000.0,1264500.0,23075.55,3,0.71,88.5,31.9,18.0,1
170300.0,1427300.0,26046.45,3,0.99,59.9,23.8,0.0,1
15400.0,122200.0,2230.0,5,0.5,89.5,18.5,5.0,1
95300.0,794900.0,14505.94,4,0.62,68.6,16.5,5.0,1
145500.0,1272100.0,23214.24,0,7.98,65.1,31.0,0.0,1
46100.0,342900.0,6257.5,1,4.38,72.1,34.8,18.0,1
109300.0,1121300.0,20462.33,7,0.79,59.7,13.4,5.0,0
45500.0,333100.0,6078.66,2,1.14,83.6,27.2,18.0,1
87700.0,687000.0,12536.89,3,1.16,71.9,13.4,5.0,1
75500.0,638400.0,11650.01,1,4.7,80.0,30.7,5.0,1
41200.0,442900.0,8082.37,1,2.95,73.7,42.4,5.0,1
107800.0,1007100.0,18378.32,1,1.57,81.5,18.5,0.0,1
106000.0,1163700.0,21236.08,5,1.16,70.0,18.8,5.0,1
155900.0,1182700.0,21582.8,0,8.61,61.8,29.4,0.0,1
48300.0,350800.0,6401.66,2,2.39,70.2,49.3,5.0,1
131000.0,1395600.0,25467.96,3,2.07,48.6,23.7,18.0,1
34000.0,256000.0,4671.68,6,0.39,85.8,18.1,0.0,1
96700.0,717900.0,13100.78,3,1.33,96.0,14.2,5.0,1
52200.0,401900.0,7334.17,3,2.65,65.1,30.8,0.0,1
83700.0,717000.0,13084.36,3,3.3,80.2,20.0,5.0,1
150400.0,1312900.0,23958.79,1,0.44,78.9,28.8,0.0,1
228300.0,1678700.0,30634.18,2,3.82,61.3,15.2,18.0,1
31200.0,276900.0,5053.08,4,2.19,50.2,22.6,5.0,1
117700.0,858400.0,15664.73,1,2.06,65.8,28.5,18.0,1
29900.0,243400.0,4441.75,3,1.06,53.7,20.6,0.0,1
116500.0,973200.0,17759.69,6,0.6,58.7,19.2,5.0,1
72400.0,578600.0,10558.73,7,0.66,65.6,16.0,5.0,1
117600.0,949200.0,17321.72,1,2.13,66.8,21.3,5.0,1
41100.0,300100.0,5476.45,4,0.9,68.0,14.3,5.0,1
27600.0,251400.0,4587.74,3,0.56,40.4,40.5,5.0,1
35500.0,293500.0,5356.01,0,7.77,77.1,23.4,0.0,1
138400.0,1059300.0,19330.91,3,4.07,79.8,36.5,18.0,1
48900.0,394000.0,7190.01,1,1.04,64.6,26.7,18.0,1
53500.0,466000.0,8503.92,1,1.46,46.0,30.0,5.0,1
43300.0,315700.0,5761.13,0,9.03,63.3,35.4,0.0,1
22400.0,174500.0,3184.41,2,1.74,60.9,21.0,5.0,1
140000.0,1286700.0,23480.67,2,3.36,60.5,27.2,18.0,1
89800.0,660800.0,12058.78,4,0.52,69.4,14.9,5.0,1
110500.0,838100.0,15294.28,3,0.55,81.6,17.8,5.0,1
46100.0,465400.0,8492.97,3,1.32,67.8,22.9,0.0,1
35600.0,254600.0,4646.13,0,8.12,72.9,25.3,0.0,1
104200.0,1016300.0,18546.21,1,7.34,67.6,35.7,0.0,1
57600.0,531900.0,9706.51,1,0.59,63.4,16.3,0.0,1
106800.0,955700.0,17440.34,0,5.25,64.8,27.0,0.0,1
36100.0,291200.0,5314.04,2,0.77,62.9,44.7,5.0,1
67400.0,642600.0,11726.65,2,3.19,64.6,16.1,0.0,1
183300.0,1597100.0,29145.09,4,1.3,66.1,29.0,0.0,1
64100.0,657500.0,11998.56,2,0.68,67.6,44.1,5.0,1
17500.0,152500.0,2782.94,3,2.12,64.2,12.7,5.0,1
126000.0,1079300.0,19695.88,2,0.32,70.0,21.7,0.0,1
24300.0,195400.0,3565.81,3,1.83,63.1,44.0,5.0,1
56800.0,458000.0,8357.93,2,1.16,60.4,13.9,5.0,1
169800.0,1746700.0,31875.1,1,6.25,62.6,27.3,0.0,1
154600.0,1400200.0,25551.91,3,5.16,66.7,23.8,0.0,1
19100.0,179600.0,3277.48,2,0.37,80.7,13.2,5.0,1
107100.0,957900.0,17480.48,3,2.04,79.5,13.2,5.0,1
64300.0,602400.0,10993.05,1,3.96,69.4,17.7,18.0,1
40100.0,340500.0,6213.7,2,2.72,78.6,17.7,0.0,1
71900.0,796600.0,14536.96,6,0.2,66.9,48.5,5.0,0
111900.0,962400.0,17562.6,4,2.36,75.3,21.6,18.0,1
113800.0,904200.0,16500.52,2,0.3,71.4,21.9,0.0,1
26000.0,228800.0,4175.32,1,1.35,68.5,54.5,18.0,1
61900.0,443200.0,8087.85,3,1.58,52.1,58.3,18.0,1
62200.0,605800.0,11055.1,4,3.35,42.9,48.7,5.0,1
26500.0,196600.0,3587.71,2,2.54,86.0,21.0,5.0,1
46800.0,386000.0,7044.02,6,0.37,68.3,41.5,5.0,1
39400.0,422900.0,7717.4,4,0.73,72.7,22.7,0.0,1
29100.0,247000.0,4507.44,1,10.6,78.1,34.8,18.0,1
190800.0,1833400.0,33457.27,2,4.96,72.5,28.5,0.0,1
64600.0,487000.0,8887.14,3,3.62,65.9,10.5,5.0,1
77400.0,553200.0,10095.21,4,0.89,56.1,26.2,0.0,1
83400.0,723100.0,13195.67,4,3.32,37.1,20.2,0.0,1
95000.0,953600.0,17402.01,3,3.68,72.0,19.7,0.0,1
156700.0,1329200.0,24256.24,3,1.09,69.3,21.6,18.0,1
133500.0,1220200.0,22267.13,4,2.61,52.6,29.2,0.0,1
152200.0,1088200.0,19858.3,3,0.68,48.2,20.4,18.0,1
110500.0,894400.0,16321.69,4,11.58,59.7,21.9,5.0,1
122900.0,958400.0,17489.61,5,1.75,82.6,19.2,0.0,1
102200.0,917400.0,16741.41,2,3.07,69.2,22.4,0.0,1
69300.0,750900.0,13702.99,3,4.1,57.8,19.4,5.0,1
169500.0,1505100.0,27466.2,3,0.79,91.9,14.3,0.0,1
85600.0,687400.0,12544.19,2,0.52,64.1,21.6,5.0,1
144300.0,1212500.0,22126.62,2,3.22,74.9,33.1,18.0,1
42300.0,420500.0,7673.6,2,1.06,77.4,35.2,18.0,1
198800.0,1641200.0,29949.86,0,4.59,68.1,23.3,0.0,1
129800.0,1261000.0,23011.68,1,5.56,96.0,32.2,18.0,1
50700.0,416500.0,7600.61,3,1.48,55.4,18.6,5.0,1
62800.0,630000.0,11496.72,3,2.29,67.6,25.3,0.0,1
123700.0,971500.0,17728.67,4,2.02,71.9,27.9,0.0,1
34200.0,294500.0,5374.26,1,2.12,70.2,46.4,5.0,1
67000.0,650300.0,11867.17,2,1.39,82.5,24.8,18.0,1
21000.0,175900.0,3209.96,3,0.8,69.2,12.9,5.0,1
118000.0,1014400.0,18511.54,2,0.39,70.5,18.9,0.0,1
64000.0,606800.0,11073.34,1,1.47,35.0,18.7,0.0,1
76000.0,674400.0,12306.96,3,1.81,77.3,30.3,18.0,1
59600.0,462300.0,8436.4,5,0.77,59.2,35.8,5.0,1
28900.0,241000.0,4397.95,4,0.96,92.8,49.8,5.0,1
59300.0,477700.0,8717.43,2,0.68,62.7,44.1,5.0,1
28400.0,219700.0,4009.25,0,9.74,66.3,29.0,0.0,1
85800.0,931000.0,16989.59,4,1.74,76.6,14.2,5.0,1
78400.0,719900.0,13137.28,1,0.49,55.0,24.4,0.0,1
93300.0,720500.0,13148.23,0,6.79,89.3,22.2,0.0,1
31000.0,338600.0,6179.03,2,0.52,76.6,38.3,18.0,1
70900.0,527800.0,9631.69,3,0.9,85.3,16.5,0.0,1
161400.0,1440900.0,26294.63,4,5.99,62.3,21.5,0.0,1
147000.0,1115400.0,20354.66,3,2.81,78.8,29.8,0.0,1
84500.0,694400.0,12671.94,3,1.62,63.9,17.3,5.0,1
46200.0,331000.0,6040.34,0,7.1,56.6,39.3,5.0,1
168600.0,1389100.0,25349.35,0,8.54,52.5,28.8,0.0,1
147600.0,1270300.0,23181.39,4,5.28,64.2,23.1,18.0,1
143300.0,1094800.0,19978.74,2,1.0,70.6,27.9,0.0,1
99600.0,812000.0,14817.99,3,2.47,85.4,18.4,5.0,1
77400.0,768200.0,14018.69,4,1.23,61.5,30.2,5.0,1
113700.0,1064700.0,19429.45,1,0.41,71.3,26.5,0.0,1
90200.0,759900.0,13867.23,4,2.35,86.0,18.3,18.0,1
69100.0,526100.0,9600.67,3,1.05,69.7,20.1,5.0,1
115300.0,1188300.0,21685.0,1,0.35,70.0,20.0,18.0,1
94000.0,794800.0,14504.11,0,5.64,54.5,24.6,18.0,1
122000.0,1135700.0,20725.11,5,0.68,56.9,21.4,18.0,1
112700.0,929000.0,16953.09,3,1.08,86.4,23.2,5.0,1
97100.0,983100.0,17940.35,5,1.24,69.1,21.2,5.0,1
167700.0,1209300.0,22068.22,3,1.8,68.2,25.1,0.0,1
48000.0,441500.0,8056.83,4,0.41,57.4,17.0,5.0,1
38900.0,378500.0,6907.15,4,4.24,86.1,43.3,0.0,1
54500.0,468900.0,8556.84,3,3.93,71.2,17.1,18.0,1
86600.0,711600.0,12985.81,4,5.92,71.4,12.6,5.0,1
70900.0,554000.0,10109.81,5,0.39,77.8,32.1,0.0,1
48000.0,438700.0,8005.73,3,2.25,86.2,11.8,5.0,1
56500.0,529000.0,9653.59,1,0.7,71.2,68.0,18.0,1
122900.0,916300.0,16721.33,4,2.82,77.6,33.6,18.0,1
76500.0,821600.0,14993.18,2,1.95,47.4,22.7,0.0,1
43500.0,364400.0,6649.85,0,5.07,96.0,34.7,0.0,1
113900.0,1179600.0,21526.23,2,4.55,64.6,35.2,18.0,1
145400.0,1115700.0,20360.14,2,5.3,70.4,28.8,0.0,1
43200.0,387200.0,7065.92,4,2.72,48.1,18.5,5.0,1
157200.0,1354600.0,24719.76,1,1.55,60.7,20.4,0.0,1
51400.0,439400.0,8018.5,4,2.38,70.2,40.2,5.0,1
111500.0,905800.0,16529.72,0,6.42,60.2,29.2,18.0,1
77700.0,718400.0,13109.91,2,7.02,60.9,45.4,5.0,1
31300.0,273600.0,4992.86,3,2.68,76.3,20.9,0.0,1
75100.0,726500.0,13257.72,0,8.72,90.4,13.1,18.0,1
31200.0,317300.0,5790.33,1,0.96,70.5,28.6,0.0,1
43600.0,326600.0,5960.04,1,1.24,41.8,24.9,0.0,1
41700.0,424900.0,7753.9,7,0.79,50.3,60.1,18.0,1
99200.0,794600.0,14500.46,5,0.74,91.0,14.8,5.0,1
218700.0,2088200.0,38107.05,0,6.07,77.3,16.9,18.0,1
83500.0,788800.0,14394.62,3,3.99,51.1,27.1,0.0,1
108900.0,817000.0,14909.23,7,0.31,73.4,14.9,5.0,0
64200.0,704800.0,12861.72,7,0.35,82.4,16.3,5.0,0
33700.0,347200.0,6335.97,4,3.09,71.8,27.3,18.0,1
53300.0,449300.0,8199.17,0,5.58,71.8,28.6,0.0,1
97800.0,715700.0,13060.63,1,0.86,78.8,25.3,0.0,1
197000.0,1486700.0,27130.42,2,1.15,96.0,13.1,18.0,1
83000.0,653700.0,11929.21,3,5.47,88.0,25.5,0.0,1
193300.0,2045900.0,37335.13,4,3.32,80.0,24.8,0.0,1
153900.0,1161700.0,21199.58,2,3.38,75.4,25.0,0.0,1
54100.0,485900.0,8867.07,3,1.06,76.7,28.9,5.0,1
106700.0,1083300.0,19768.88,3,1.16,86.0,22.4,0.0,1
71400.0,512100.0,9345.19,5,2.01,78.8,37.3,0.0,1
107100.0,845700.0,15432.97,1,0.65,35.0,34.3,18.0,1
100000.0,801000.0,14617.25,3,5.73,83.9,29.0,18.0,1
40000.0,443400.0,8091.5,1,3.1,47.9,14.4,5.0,1
52400.0,463400.0,8456.47,2,1.46,76.3,52.4,18.0,1
34700.0,307500.0,5611.49,2,1.98,71.3,40.9,5.0,1
55100.0,580500.0,10593.4,6,0.68,76.2,17.2,5.0,0
28900.0,217100.0,3961.8,2,2.0,72.1,18.7,5.0,1
45500.0,381900.0,6969.2,5,0.41,73.9,28.9,0.0,1
38700.0,335700.0,6126.11,1,3.63,74.5,12.9,5.0,1
163000.0,1788200.0,32632.42,5,0.39,59.8,30.8,0.0,0
59500.0,519100.0,9472.93,5,0.92,66.3,15.3,5.0,1
98300.0,925500.0,16889.22,5,1.1,53.7,17.9,5.0,1
133600.0,998900.0,18228.68,3,2.04,75.8,25.9,0.0,1
85800.0,743000.0,13558.82,4,1.37,89.3,32.0,18.0,1
91500.0,884200.0,16135.55,4,5.48,81.3,38.3,18.0,1
84200.0,751900.0,13721.24,6,0.29,80.0,12.0,5.0,0
149800.0,1228800.0,22424.07,2,0.77,55.3,26.7,0.0,1
130700.0,1263600.0,23059.13,4,3.11,56.9,20.6,0.0,1
89500.0,696000.0,12701.13,3,3.38,64.5,35.5,0.0,1
57400.0,412900.0,7534.91,2,3.47,72.0,32.1,0.0,1
66400.0,695100.0,12684.71,3,0.88,40.3,18.6,5.0,1
77500.0,739700.0,13498.6,2,0.65,77.6,19.2,18.0,1
49800.0,543300.0,9914.55,2,2.35,79.0,56.9,18.0,1
44800.0,441400.0,8055.0,1,1.88,74.3,19.0,18.0,1
21900.0,187100.0,3414.34,1,1.95,68.3,63.9,18.0,1
60600.0,501200.0,9146.28,0,6.96,62.1,18.2,0.0,1
177800.0,1640900.0,29944.38,2,1.38,80.2,22.7,0.0,1
181700.0,1453600.0,26526.39,0,9.1,75.5,26.3,0.0,1
174600.0,1278400.0,23329.21,1,5.91,35.3,39.1,0.0,1
90500.0,872700.0,15925.69,1,2.37,96.0,18.2,18.0,1
22100.0,166600.0,3040.24,2,2.03,75.5,43.3,5.0,1
140500.0,1190100.0,21717.84,3,2.08,90.9,19.6,18.0,1
93700.0,767000.0,13996.79,5,1.24,68.1,23.9,18.0,1
198900.0,1763500.0,32181.68,4,1.47,71.3,27.3,0.0,1
74500.0,726200.0,13252.25,1,2.88,71.4,44.8,5.0,1
138100.0,1149900.0,20984.24,7,0.47,96.0,24.0,0.0,1
26100.0,206100.0,3761.07,4,2.56,80.7,14.5,5.0,1
112000.0,1129800.0,20617.44,2,1.17,64.2,27.2,18.0,1
33200.0,303000.0,5529.37,0,7.02,51.4,17.8,0.0,1
35800.0,284700.0,5195.42,4,0.37,64.6,46.1,5.0,1
42500.0,374800.0,6839.63,6,0.71,45.0,36.1,18.0,1
69900.0,651800.0,11894.54,3,3.1,69.4,13.4,5.0,1
172000.0,1726500.0,31506.48,1,5.83,35.0,25.8,0.0,1
120000.0,1037000.0,18923.96,1,3.03,74.4,25.3,0.0,1
126600.0,1020000.0,18613.73,0,7.82,70.7,19.2,0.0,1
116600.0,842100.0,15367.28,2,3.57,82.3,19.8,0.0,1
73600.0,790100.0,14418.34,3,4.87,66.1,22.9,18.0,1
117100.0,923600.0,16854.55,1,0.53,62.9,17.8,5.0,1
97400.0,932500.0,17016.96,2,0.91,80.4,22.9,18.0,1
116400.0,852500.0,15557.06,1,2.02,62.7,29.6,18.0,1
60700.0,532500.0,9717.46,3,1.19,60.5,19.9,0.0,1
178000.0,1725100.0,31480.93,1,3.25,82.4,26.7,0.0,1
27400.0,257200.0,4693.58,3,2.55,63.5,19.7,5.0,1
17100.0,133200.0,2430.73,5,2.24,74.3,18.9,5.0,1
79900.0,628400.0,11467.52,0,7.51,66.1,23.8,0.0,1
122900.0,1203500.0,21962.38,2,1.4,58.0,26.0,0.0,1
94500.0,784000.0,14307.02,4,0.86,69.3,26.5,0.0,1
43100.0,321700.0,5870.62,1,0.99,58.2,13.7,5.0,1
80900.0,610900.0,11148.16,4,0.57,58.3,18.6,5.0,1
26400.0,266200.0,4857.82,0,7.0,56.5,30.7,5.0,1
91500.0,707100.0,12903.69,2,7.77,67.6,16.8,0.0,1
117000.0,838100.0,15294.28,2,12.78,53.2,42.5,18.0,1
72500.0,528700.0,9648.12,2,3.76,71.7,10.9,5.0,1
240100.0,2309400.0,42143.67,2,0.97,68.6,9.3,18.0,1
99800.0,874900.0,15965.84,4,3.64,61.6,20.2,5.0,1
55200.0,445200.0,8124.35,0,9.12,71.9,16.2,0.0,1
84000.0,621500.0,11341.6,0,7.02,68.0,26.9,0.0,1
32700.0,359600.0,6562.25,3,1.32,49.0,14.7,5.0,1
32400.0,236400.0,4314.01,4,0.41,83.2,20.8,18.0,1
52100.0,394600.0,7200.96,5,0.38,90.4,34.7,0.0,1
47200.0,427700.0,7804.99,5,0.38,73.9,17.9,5.0,1
174000.0,1701100.0,31042.96,0,6.8,67.8,26.6,0.0,1
129500.0,1176600.0,21471.48,1,0.41,62.9,33.1,18.0,1
108600.0,1095300.0,19987.86,3,3.13,91.3,26.6,0.0,1
62600.0,472200.0,8617.06,2,4.8,70.4,15.4,5.0,1
60800.0,488000.0,8905.39,6,0.35,87.9,43.0,5.0,1
127900.0,916600.0,16726.81,3,1.94,66.0,27.2,0.0,1
90100.0,653600.0,11927.39,9,1.1,61.0,16.4,5.0,1
61600.0,500400.0,9131.68,3,4.4,81.1,45.4,5.0,1
19200.0,155600.0,2839.51,4,5.2,75.8,53.4,5.0,1
128500.0,1049100.0,19144.77,5,1.22,50.2,30.2,0.0,1
64100.0,516600.0,9427.31,5,0.17,65.0,16.7,5.0,1
79700.0,679200.0,12394.55,1,6.93,71.8,20.7,0.0,1
73600.0,663700.0,12111.7,1,0.5,51.9,24.1,0.0,1
25000.0,224800.0,4102.32,8,0.8,69.9,17.0,5.0,1
58100.0,504200.0,9201.02,6,0.32,92.4,13.7,5.0,1
82900.0,657600.0,12000.38,3,5.3,54.8,22.9,0.0,1
10900.0,103000.0,1879.62,8,0.24,47.2,49.8,5.0,0
77500.0,823400.0,15026.02,3,2.67,79.9,16.8,18.0,1
35200.0,275500.0,5027.53,2,2.74,58.5,20.9,0.0,1
125300.0,975600.0,17803.49,4,10.48,79.1,19.2,0.0,1
56700.0,571600.0,10430.99,0,7.54,91.7,25.6,18.0,1
38900.0,409600.0,7474.69,3,4.51,69.3,21.8,0.0,1
49700.0,498900.0,9104.3,3,3.08,79.3,27.1,18.0,1
73800.0,616900.0,11257.66,1,0.52,82.1,18.5,0.0,1
57800.0,586200.0,10697.42,0,8.06,58.7,29.5,0.0,1
47400.0,450000.0,8211.94,2,1.09,88.1,25.1,0.0,1
124600.0,1274400.0,23256.21,4,0.66,96.0,22.4,0.0,1
76700.0,743200.0,13562.47,1,4.57,62.5,42.5,5.0,1
102600.0,834300.0,15224.94,2,3.31,59.8,13.1,5.0,1
159900.0,1440700.0,26290.98,3,1.05,82.0,22.4,0.0,1
207300.0,2234200.0,40771.37,2,0.9,67.9,21.3,18.0,1
64800.0,615100.0,11224.81,1,0.54,83.5,27.0,0.0,1
55800.0,404400.0,7379.8,5,1.1,70.2,16.6,5.0,1
126400.0,980400.0,17891.08,5,0.14,57.5,23.4,18.0,0
26900.0,221400.0,4040.27,1,1.16,70.2,19.1,0.0,1
104200.0,830200.0,15150.12,5,0.75,63.7,33.0,18.0,1
46700.0,515100.0,9399.93,4,1.65,78.0,43.9,5.0,1
52100.0,396700.0,7239.28,0,8.73,73.3,16.6,5.0,1
161900.0,1226000.0,22372.97,2,7.82,71.5,26.4,0.0,1
77400.0,652800.0,11912.79,1,2.85,63.7,31.9,5.0,1
29000.0,211600.0,3861.44,1,3.49,86.5,20.4,5.0,1
96700.0,869000.0,15858.17,4,1.18,53.2,15.7,5.0,1
142800.0,1533500.0,27984.47,1,0.86,67.8,26.4,0.0,1
28500.0,218700.0,3991.0,4,0.55,53.3,14.5,5.0,1
60500.0,447300.0,8162.67,5,2.91,70.8,17.5,5.0,1
108600.0,1094300.0,19969.61,2,5.01,70.4,22.4,0.0,1
158600.0,1655700.0,30214.46,1,2.81,96.0,27.5,18.0,1
80900.0,629600.0,11489.42,3,2.04,81.6,16.2,5.0,1
39400.0,367700.0,6710.07,2,7.15,59.7,18.4,5.0,1
54600.0,470900.0,8593.34,1,0.85,45.2,21.8,0.0,1
163600.0,1563400.0,28530.1,5,0.78,93.1,13.6,0.0,1
31800.0,237100.0,4326.78,5,0.64,75.7,22.7,18.0,1
82900.0,855100.0,15604.51,5,0.34,85.1,25.8,0.0,1
133800.0,1073700.0,19593.69,1,1.13,84.6,19.5,0.0,1
56800.0,445800.0,8135.29,1,0.89,77.2,51.1,5.0,1
74800.0,804900.0,14688.42,0,8.21,58.4,32.7,5.0,1
85300.0,701300.0,12797.85,1,6.18,71.4,32.7,0.0,1
118700.0,1077200.0,19657.56,4,0.85,89.9,30.0,0.0,1
193900.0,2029700.0,37039.5,3,1.1,35.0,20.8,18.0,1
72800.0,599800.0,10945.6,9,0.52,75.4,14.1,5.0,0
203100.0,1570100.0,28652.37,5,1.82,59.6,20.3,18.0,1
108700.0,901600.0,16453.08,7,0.52,82.7,26.7,0.0,1
45600.0,476700.0,8699.18,0,8.34,59.8,28.0,0.0,1
72800.0,580900.0,10600.7,6,0.92,82.5,15.3,5.0,1
84800.0,791300.0,14440.24,7,0.85,57.1,22.5,0.0,1
111800.0,820200.0,14967.63,3,1.05,70.2,12.0,5.0,1
181100.0,1606900.0,29323.92,2,1.84,72.3,34.6,0.0,1
13600.0,100700.0,1837.65,0,6.43,76.4,51.1,18.0,1
29000.0,225500.0,4115.09,2,2.24,62.2,15.3,5.0,1
107800.0,833200.0,15204.86,8,0.92,77.9,14.5,5.0,1
35200.0,370600.0,6762.99,7,1.0,76.0,17.1,5.0,0
72300.0,540700.0,9867.1,5,1.12,75.5,42.9,5.0,1
24000.0,232800.0,4248.31,2,7.07,68.8,15.2,5.0,1
116400.0,962800.0,17569.9,6,1.37,81.2,22.4,18.0,1
92400.0,674100.0,12301.49,6,2.52,64.0,11.0,18.0,1
40900.0,294700.0,5377.91,2,2.21,60.6,35.4,18.0,1
92800.0,1018100.0,18579.06,2,5.12,61.9,31.6,0.0,1
102900.0,817800.0,14923.83,4,1.67,96.0,16.1,5.0,1
128200.0,1339800.0,24449.68,2,5.91,54.5,26.8,0.0,1
101200.0,784500.0,14316.15,7,0.36,69.7,20.6,5.0,1
130800.0,1416600.0,25851.19,1,3.26,72.1,21.9,0.0,1
99900.0,734100.0,13396.41,2,3.45,76.3,29.9,0.0,1
16700.0,151100.0,2757.39,3,3.08,63.7,42.1,5.0,1
20200.0,149900.0,2735.49,5,1.24,58.0,61.8,18.0,1
32900.0,361100.0,6589.63,4,2.84,76.7,13.7,5.0,1
111900.0,890600.0,16252.34,1,4.71,68.3,22.5,18.0,1
70200.0,723600.0,13204.8,1,1.39,55.5,51.0,5.0,1
60300.0,585600.0,10686.47,2,0.8,65.9,30.7,0.0,1
47100.0,368600.0,6726.49,2,0.33,84.3,22.1,0.0,1
41200.0,305600.0,5576.82,4,2.42,71.2,27.2,0.0,1
57100.0,455700.0,8315.96,2,3.01,76.9,13.5,5.0,1
115900.0,1196700.0,21838.28,1,1.46,59.3,26.2,0.0,1
54400.0,582200.0,10624.43,5,0.13,78.6,54.2,18.0,0
50800.0,452400.0,8255.74,2,2.58,89.8,24.2,0.0,1
173500.0,1820700.0,33225.51,3,3.83,63.9,16.8,18.0,1
75000.0,609400.0,11120.79,1,2.65,48.8,33.8,0.0,1
18000.0,129400.0,2361.39,5,0.47,65.7,14.1,5.0,1
173300.0,1774900.0,32389.72,0,5.81,78.7,29.3,0.0,1
40200.0,329800.0,6018.44,4,0.42,69.5,18.3,5.0,1
54300.0,519700.0,9483.88,3,3.07,66.0,21.7,0.0,1
61200.0,501200.0,9146.28,2,3.86,62.2,21.2,0.0,1
115800.0,857100.0,15641.01,2,1.32,61.7,32.2,18.0,1
55300.0,409100.0,7465.57,5,0.78,92.3,22.1,18.0,1
78600.0,795100.0,14509.58,2,0.35,80.8,39.1,5.0,1
76700.0,550700.0,10049.59,2,3.31,63.1,32.3,5.0,1
52000.0,389300.0,7104.24,2,0.81,70.1,22.0,0.0,1
35300.0,355400.0,6485.61,4,0.63,69.7,58.7,5.0,1
74800.0,562900.0,10272.22,3,1.45,65.0,37.5,18.0,1
30100.0,308600.0,5631.57,3,0.65,57.9,26.7,18.0,1
119100.0,1291900.0,23575.57,5,0.41,75.8,16.3,5.0,1
63900.0,524800.0,9576.95,8,0.51,85.4,28.5,5.0,1
119100.0,944900.0,17243.25,4,0.69,72.7,37.1,18.0,1
77300.0,708700.0,12932.89,1,9.64,86.1,26.3,0.0,1
17800.0,175900.0,3209.96,1,2.04,67.5,15.3,5.0,1
78000.0,675400.0,12325.21,7,0.73,72.4,44.8,5.0,1
79800.0,871900.0,15911.09,1,1.42,74.5,44.5,5.0,1
24300.0,261600.0,4773.87,6,0.99,73.6,16.2,5.0,1
33200.0,263300.0,4804.9,4,3.21,67.6,42.3,5.0,1
144200.0,1284700.0,23444.18,5,0.67,81.5,24.7,18.0,1
54000.0,427900.0,7808.64,5,0.31,43.2,16.8,5.0,0
92600.0,793300.0,14476.74,1,5.46,71.2,31.4,0.0,1
153100.0,1144100.0,20878.4,0,7.12,67.2,17.9,18.0,1
75700.0,802800.0,14650.1,3,1.59,58.9,42.3,5.0,1
57700.0,571100.0,10421.86,1,6.09,52.7,29.0,0.0,1
104800.0,956000.0,17445.81,1,0.48,51.9,27.1,0.0,1
113100.0,938200.0,17120.98,3,1.43,59.4,30.8,18.0,1
48600.0,526900.0,9615.27,2,0.59,55.9,20.7,0.0,1
23300.0,201600.0,3678.95,5,0.27,92.7,48.2,18.0,1
95500.0,885200.0,16153.8,0,8.76,54.8,30.5,0.0,1
119900.0,1003500.0,18312.63,3,0.85,79.1,17.4,5.0,1
92500.0,728000.0,13285.09,6,1.35,91.4,16.6,5.0,1
93900.0,902100.0,16462.2,3,0.77,53.3,22.0,5.0,1
31800.0,237300.0,4330.43,3,0.46,75.8,24.4,0.0,1
27500.0,282500.0,5155.27,4,0.49,63.7,24.1,5.0,1
112200.0,1197000.0,21843.76,1,3.09,66.9,31.2,0.0,1
44700.0,352600.0,6434.51,5,0.21,67.4,26.0,0.0,1
91300.0,732300.0,13363.56,1,2.04,69.9,18.8,5.0,1
87400.0,728900.0,13301.52,1,0.35,87.0,14.4,5.0,1
98700.0,759700.0,13863.58,5,0.22,55.5,20.1,5.0,1
39100.0,411500.0,7509.36,4,0.61,52.5,38.3,5.0,1
112200.0,901400.0,16449.43,1,4.24,66.5,22.9,0.0,1
65600.0,526700.0,9611.62,6,2.27,87.4,11.6,5.0,1
51400.0,387600.0,7073.22,4,1.53,96.0,25.5,0.0,1
172800.0,1306700.0,23845.65,3,1.84,41.5,19.2,0.0,1
35200.0,382000.0,6971.02,2,2.59,83.7,19.2,0.0,1
146400.0,1291800.0,23573.74,3,1.39,60.0,28.2,0.0,1
97300.0,1079100.0,19692.23,1,0.35,77.5,24.8,0.0,1
66800.0,597300.0,10899.98,3,3.51,69.8,22.7,5.0,1
56300.0,489600.0,8934.59,6,0.46,35.0,17.5,5.0,0
120700.0,871200.0,15898.32,3,2.2,69.4,23.1,18.0,1
83600.0,664900.0,12133.6,3,1.32,51.5,24.2,0.0,1
35600.0,265700.0,4848.69,1,10.12,72.2,56.0,5.0,1
80400.0,849500.0,15502.32,2,2.07,39.8,11.5,5.0,1
163500.0,1356000.0,24745.31,0,7.21,61.0,24.0,0.0,1
24200.0,181800.0,3317.62,2,1.77,75.3,30.9,5.0,1
101500.0,1116500.0,20374.73,2,12.31,66.2,35.4,18.0,1
140900.0,1305300.0,23820.1,4,1.69,75.4,25.2,18.0,1
112900.0,911000.0,16624.62,5,0.53,56.3,15.4,5.0,1
119600.0,1297100.0,23670.46,1,0.32,74.6,18.5,18.0,1
21800.0,187100.0,3414.34,2,4.37,72.7,16.8,5.0,1
72300.0,589300.0,10753.99,3,1.55,81.3,14.3,5.0,1
81800.0,713300.0,13016.84,0,9.52,79.7,27.9,0.0,1
197000.0,1546500.0,28221.7,2,0.33,55.4,25.3,0.0,1
140400.0,1356200.0,24748.96,3,0.55,68.3,20.4,0.0,1
130900.0,1123300.0,20498.83,2,0.5,57.3,20.2,18.0,1
160100.0,1185000.0,21624.77,1,2.21,67.9,24.4,0.0,1
110400.0,802900.0,14651.93,5,0.85,71.4,15.0,5.0,1
39300.0,330900.0,6038.51,4,0.69,35.0,18.0,0.0,1
133000.0,1379700.0,25177.81,4,1.92,70.4,31.6,0.0,1
47100.0,499400.0,9113.43,4,4.01,83.4,22.6,18.0,1
62700.0,663500.0,12108.05,4,1.21,74.6,23.3,0.0,1
50800.0,369600.0,6744.74,2,1.79,68.9,30.8,18.0,1
22900.0,213400.0,3894.28,4,3.02,67.3,38.6,5.0,1
46100.0,435000.0,7938.21,5,0.34,55.6,18.8,0.0,0
30700.0,337000.0,6149.83,3,3.13,95.2,14.5,5.0,1
95400.0,937200.0,17102.73,1,0.8,80.4,37.8,18.0,1
67300.0,674400.0,12306.96,2,3.49,68.2,14.9,18.0,1
77600.0,764800.0,13956.65,3,2.17,80.3,47.6,5.0,1
82200.0,742000.0,13540.58,4,3.83,79.8,12.7,5.0,1
97600.0,882100.0,16097.23,4,1.94,61.6,29.8,5.0,1
38700.0,318300.0,5808.58,4,5.5,80.8,41.0,5.0,1
80800.0,836800.0,15270.56,10,0.47,67.3,14.6,5.0,0
47000.0,390600.0,7127.96,2,1.04,71.1,45.1,18.0,1
153900.0,1458500.0,26615.81,0,4.9,61.0,21.6,0.0,1
42600.0,371600.0,6781.24,4,1.8,83.7,24.2,18.0,1
96100.0,796300.0,14531.48,1,2.39,71.9,25.7,0.0,1
62700.0,481000.0,8777.65,4,0.66,85.5,13.6,5.0,1
28100.0,265600.0,4846.87,6,0.23,79.1,18.2,18.0,0
36000.0,276300.0,5042.13,2,7.03,85.4,40.9,5.0,1
30400.0,227900.0,4158.89,5,0.13,60.9,12.9,5.0,0
40800.0,315700.0,5761.13,6,0.26,83.4,42.5,5.0,1
58500.0,550000.0,10036.82,3,0.58,56.9,47.6,18.0,1
70200.0,690400.0,12598.94,6,0.67,86.8,17.4,5.0,1
132500.0,1141100.0,20823.65,1,0.56,48.7,38.5,18.0,1
101400.0,847300.0,15462.17,6,0.26,64.8,17.3,5.0,0
59000.0,443200.0,8087.85,2,4.26,78.2,26.4,0.0,1
31500.0,251100.0,4582.26,4,2.64,70.5,16.8,5.0,1
35800.0,355300.0,6483.78,3,1.02,68.2,45.5,5.0,1
50300.0,437200.0,7978.36,3,0.59,74.9,63.6,18.0,1
67100.0,547500.0,9991.19,3,3.42,70.7,25.9,0.0,1
160400.0,1354400.0,24716.11,1,6.75,48.5,16.2,0.0,1
43400.0,361400.0,6595.1,7,0.33,68.3,16.5,5.0,0
98000.0,875500.0,15976.78,7,0.31,66.5,20.4,5.0,0
167700.0,1412300.0,25772.72,1,1.22,57.6,23.3,0.0,1
155200.0,1444300.0,26356.68,3,5.82,66.4,37.2,0.0,1
38500.0,305100.0,5567.7,7,0.41,74.9,20.3,5.0,1
117500.0,1275800.0,23281.76,0,4.54,71.1,27.6,0.0,1
103800.0,861700.0,15724.95,4,0.77,58.5,13.6,5.0,1
16400.0,168400.0,3073.09,8,0.57,78.3,34.0,5.0,0
51800.0,479700.0,8753.93,0,9.69,65.7,25.7,0.0,1
84600.0,883200.0,16117.3,1,1.57,82.3,25.6,0.0,1
64100.0,598000.0,10912.76,1,4.59,85.7,28.2,0.0,1
64900.0,639500.0,11670.08,2,2.29,54.1,39.3,5.0,1
79200.0,709400.0,12945.67,1,1.76,91.1,25.5,0.0,1
63900.0,645800.0,11785.05,4,1.12,76.3,15.9,0.0,1
37200.0,290000.0,5292.14,5,0.27,48.8,42.0,18.0,1
15000.0,140600.0,2565.77,0,8.47,52.9,37.8,5.0,1
13400.0,112100.0,2045.69,2,5.51,71.5,66.5,18.0,1
99600.0,774300.0,14130.01,2,0.61,69.7,35.8,0.0,1
127700.0,1029600.0,18788.92,1,1.13,60.0,31.1,0.0,1
168000.0,1300900.0,23739.81,4,1.2,67.9,17.2,18.0,1
71600.0,658600.0,12018.63,6,0.22,68.3,11.8,18.0,0
55400.0,505300.0,9221.1,1,0.65,80.7,62.8,18.0,1
67600.0,499800.0,9120.73,3,8.73,55.6,8.9,5.0,1
147900.0,1351000.0,24654.07,0,9.43,70.0,33.0,0.0,1
52800.0,481900.0,8794.07,3,1.19,64.4,27.7,0.0,1
28200.0,268700.0,4903.44,0,8.19,67.1,40.8,18.0,1
36900.0,292800.0,5343.24,3,0.7,73.5,21.6,5.0,1
65500.0,488800.0,8919.99,3,1.43,57.2,41.3,18.0,1
39600.0,365500.0,6669.92,1,0.39,61.6,23.2,18.0,1
69900.0,605500.0,11049.62,8,0.3,53.0,19.1,5.0,0
57700.0,426400.0,7781.27,8,0.54,73.1,15.3,5.0,1
80800.0,611700.0,11162.76,2,0.39,58.7,34.1,18.0,1
177600.0,1542800.0,28154.18,3,1.2,40.1,31.3,0.0,1
159800.0,1159300.0,21155.78,3,1.44,65.9,33.4,0.0,1
79700.0,626900.0,11440.14,1,2.19,47.6,35.0,0.0,1
35200.0,345900.0,6312.24,4,0.54,59.2,35.2,5.0,1
149100.0,1376500.0,25119.41,4,0.71,80.1,38.2,18.0,1
48400.0,362400.0,6613.35,0,8.65,56.1,23.1,18.0,1
64800.0,474000.0,8649.91,5,0.3,53.6,43.2,5.0,1
100500.0,893000.0,16296.14,1,1.3,78.9,17.7,5.0,1
46700.0,411800.0,7514.84,2,4.71,96.0,17.2,5.0,1
67500.0,577800.0,10544.13,4,1.23,49.9,63.0,18.0,1
161000.0,1535700.0,28024.61,5,0.25,78.4,17.7,0.0,0
109200.0,814300.0,14859.96,2,1.53,78.9,39.4,0.0,1
41800.0,348900.0,6366.99,0,6.22,67.6,30.6,0.0,1
45100.0,336300.0,6137.06,0,9.39,51.7,43.7,5.0,1
102400.0,828600.0,15120.92,3,4.0,67.3,15.6,5.0,1
109900.0,875300.0,15973.14,5,0.84,70.2,24.0,0.0,1
147200.0,1168400.0,21321.85,1,6.57,57.0,32.5,0.0,1
79700.0,867100.0,15823.5,1,2.48,67.1,29.2,18.0,1
11300.0,118600.0,2164.3,2,2.55,77.2,47.4,5.0,1
29000.0,207700.0,3790.27,1,1.05,82.8,46.0,5.0,1
195000.0,1562700.0,28517.33,2,4.54,80.0,28.6,0.0,1
80800.0,701300.0,12797.85,6,1.48,58.2,13.6,5.0,1
209200.0,2155500.0,39335.19,2,4.14,94.6,19.8,18.0,1
143200.0,1562200.0,28508.2,1,4.12,69.1,22.0,0.0,1
96100.0,842600.0,15376.4,2,2.06,55.0,21.5,5.0,1
146500.0,1522700.0,27787.38,3,0.85,58.2,30.2,0.0,1
76800.0,746400.0,13620.87,4,0.99,70.5,12.4,5.0,1
89200.0,750100.0,13688.39,7,0.56,61.0,17.4,5.0,0
75500.0,642300.0,11721.18,6,0.39,88.5,21.9,5.0,1
79200.0,819500.0,14954.85,1,0.47,86.1,18.7,5.0,1
92700.0,683300.0,12469.37,3,0.47,95.5,22.2,0.0,1
97800.0,721400.0,13164.65,0,8.65,77.3,23.9,0.0,1
146700.0,1578700.0,28809.31,2,0.62,73.4,39.2,0.0,1
43300.0,354500.0,6469.18,0,4.53,54.6,17.2,18.0,1
56600.0,466700.0,8516.69,2,3.81,73.6,33.6,18.0,1
139500.0,1015100.0,18524.31,0,6.83,62.4,29.8,0.0,1
175700.0,1454900.0,26550.11,1,3.66,93.7,29.9,0.0,1
146700.0,1416600.0,25851.19,4,1.99,89.9,42.3,18.0,1
14100.0,151200.0,2759.21,2,2.44,64.0,37.5,18.0,1
190600.0,1605300.0,29294.73,0,5.41,65.8,28.9,0.0,1
47300.0,484100.0,8834.22,3,0.69,66.2,16.5,5.0,1
52800.0,464600.0,8478.37,6,0.11,67.7,19.6,5.0,0
66200.0,700300.0,12779.6,2,0.36,89.8,19.5,0.0,1
48800.0,393100.0,7173.59,5,0.78,77.5,23.0,0.0,1
125400.0,1120800.0,20453.2,0,8.42,78.1,27.7,0.0,1
72300.0,657600.0,12000.38,2,1.26,57.6,26.8,0.0,1
78000.0,785800.0,14339.87,1,0.31,71.4,14.5,18.0,1
43800.0,379000.0,6916.28,5,0.82,67.3,17.2,5.0,1
45900.0,399400.0,7288.55,4,2.05,53.4,62.5,18.0,1
52400.0,396100.0,7228.33,4,0.95,59.0,41.4,5.0,1
34900.0,267800.0,4887.02,4,1.84,75.9,17.9,5.0,1
35600.0,369900.0,6750.21,8,0.21,70.9,27.8,18.0,0
73800.0,683800.0,12478.5,7,0.26,78.9,18.9,0.0,0
11600.0,125100.0,2282.92,3,2.24,70.2,49.4,5.0,1
149700.0,1134800.0,20708.69,2,6.41,61.4,27.3,18.0,1
21600.0,161500.0,2947.17,4,1.2,61.5,21.0,5.0,1
30600.0,262800.0,4795.77,2,2.09,55.0,46.4,5.0,1
75500.0,591800.0,10799.61,0,7.5,86.1,11.0,18.0,1
20600.0,177600.0,3240.98,2,4.22,74.0,33.9,18.0,1
156400.0,1239800.0,22624.81,2,1.95,57.2,25.9,0.0,1
112800.0,835300.0,15243.18,3,1.29,71.5,14.6,18.0,1
78800.0,804000.0,14672.0,4,5.86,77.4,16.4,5.0,1
49200.0,475900.0,8684.58,4,0.46,72.2,22.1,5.0,1
37200.0,278700.0,5085.93,3,4.22,69.6,23.4,18.0,1
62300.0,494400.0,9022.18,5,0.37,63.5,54.3,5.0,1
116100.0,1096100.0,20002.46,1,1.0,71.2,21.4,0.0,1
136200.0,1010900.0,18447.67,2,3.27,74.0,20.8,0.0,1
195000.0,1564200.0,28544.7,2,5.48,81.2,15.5,18.0,1
20300.0,154300.0,2815.78,4,0.43,65.3,34.2,18.0,1
35900.0,370000.0,6752.04,2,8.6,49.2,15.9,5.0,1
43600.0,363000.0,6624.3,1,3.84,56.1,26.7,0.0,1
100800.0,798000.0,14562.51,7,0.77,70.7,10.6,5.0,1
73800.0,658800.0,12022.28,1,1.15,65.6,33.8,0.0,1
27100.0,279600.0,5102.35,5,0.11,76.8,15.1,5.0,0
50400.0,444000.0,8102.45,2,6.15,55.6,62.8,18.0,1
122700.0,1002300.0,18290.73,1,2.33,72.3,24.6,0.0,1
141400.0,1049200.0,19146.59,7,0.13,69.5,34.9,0.0,0
88500.0,651900.0,11896.36,4,0.4,82.0,16.5,5.0,1
55100.0,416400.0,7598.78,2,4.18,70.9,28.8,0.0,1
67000.0,717800.0,13098.96,0,5.34,81.4,22.6,0.0,1
49600.0,486900.0,8885.32,4,6.79,64.7,60.3,18.0,1
142600.0,1511300.0,27579.34,1,7.92,86.9,21.2,0.0,1
31900.0,248600.0,4536.64,4,1.28,96.0,14.9,5.0,1
108500.0,1153400.0,21048.11,4,2.68,94.2,13.0,5.0,1
53100.0,506400.0,9241.17,4,8.09,82.0,58.4,18.0,1
177200.0,1306800.0,23847.47,4,1.68,65.2,25.5,0.0,1
103800.0,1124000.0,20511.6,4,1.92,45.2,18.1,5.0,1
68100.0,557100.0,10166.38,5,2.2,62.0,10.9,5.0,1
84000.0,827700.0,15104.49,1,1.06,83.5,10.1,5.0,1
65400.0,707700.0,12914.64,2,1.31,48.0,25.9,0.0,1
70300.0,652400.0,11905.49,9,0.11,74.5,16.5,5.0,0
80000.0,588600.0,10741.22,5,0.84,71.2,31.7,0.0,1
66200.0,502300.0,9166.35,2,6.06,61.1,31.2,0.0,1
108100.0,1102500.0,20119.25,1,1.13,94.2,15.3,5.0,1
60200.0,564500.0,10301.42,0,7.72,58.9,24.7,0.0,1
70900.0,668300.0,12195.64,3,1.15,84.5,19.6,0.0,1
61000.0,439600.0,8022.15,4,4.18,46.9,54.7,18.0,1
85100.0,915600.0,16708.56,2,2.39,75.1,19.7,5.0,1
43800.0,347000.0,6332.32,2,2.37,79.9,22.1,18.0,1
49700.0,437800.0,7989.3,1,2.9,70.1,23.8,0.0,1
23600.0,190200.0,3470.91,7,0.44,86.3,19.5,5.0,1
52400.0,376500.0,6870.66,3,0.39,73.4,13.3,18.0,1
85200.0,682800.0,12460.25,3,3.8,51.0,24.1,18.0,1
74900.0,587400.0,10719.32,2,1.66,92.4,43.5,5.0,1
20100.0,148700.0,2713.59,4,2.86,61.0,18.5,5.0,1
69300.0,726300.0,13254.07,4,6.21,69.7,58.2,5.0,1
49300.0,371100.0,6772.11,4,2.82,68.4,36.2,5.0,1
145600.0,1291600.0,23570.09,4,8.01,53.6,31.0,18.0,1
115100.0,1189500.0,21706.89,4,5.87,67.5,18.8,5.0,1
36800.0,332400.0,6065.89,2,2.85,62.9,48.3,5.0,1
95300.0,1055100.0,19254.26,10,0.12,83.0,10.6,5.0,0
29100.0,228700.0,4173.49,4,1.92,87.3,68.0,18.0,1
15500.0,129600.0,2365.04,6,0.63,80.3,68.0,18.0,1
20100.0,204800.0,3737.34,2,3.86,91.2,40.6,5.0,1
163000.0,1621800.0,29595.83,2,2.25,42.3,15.6,18.0,1
29200.0,225600.0,4116.92,3,4.63,56.8,39.1,5.0,1
61900.0,467500.0,8531.29,5,0.69,80.8,16.2,5.0,1
97900.0,880100.0,16060.73,6,0.12,42.8,15.7,5.0,0
15800.0,145300.0,2651.54,1,2.63,64.6,33.7,5.0,1
140500.0,1012900.0,18484.16,5,1.95,79.3,36.1,18.0,1
61000.0,441700.0,8060.48,3,1.49,51.3,18.7,0.0,1
124300.0,914200.0,16683.01,2,4.2,61.7,23.7,0.0,1
78200.0,607300.0,11082.47,6,0.87,63.7,24.6,5.0,1
100800.0,868200.0,15843.57,2,1.46,89.8,24.5,0.0,1
66400.0,655900.0,11969.36,3,0.41,68.0,17.0,5.0,1
92900.0,694100.0,12666.46,5,0.22,79.6,14.2,5.0,1
127100.0,1326800.0,24212.45,2,0.45,75.8,28.3,0.0,1
75700.0,651800.0,11894.54,4,6.65,62.0,19.0,5.0,1
122800.0,1141900.0,20838.25,4,1.49,56.1,21.9,0.0,1
206600.0,2090900.0,38156.32,3,3.68,73.6,18.5,18.0,1
132000.0,1443700.0,26345.73,1,2.4,61.8,33.9,18.0,1
69400.0,581400.0,10609.83,1,2.95,66.9,57.4,5.0,1
76400.0,794000.0,14489.51,6,3.61,59.3,41.8,18.0,1
90100.0,686900.0,12535.07,5,1.21,88.2,17.7,18.0,1
49700.0,389700.0,7111.54,3,3.76,91.9,23.6,0.0,1
24600.0,177300.0,3235.5,3,1.89,55.1,29.2,18.0,1
24300.0,214100.0,3907.06,4,2.4,65.4,42.0,5.0,1
147400.0,1071600.0,19555.37,4,1.4,54.8,43.9,18.0,1
17400.0,179300.0,3272.0,3,5.79,63.9,17.4,5.0,1
33000.0,276700.0,5049.43,6,1.39,67.8,52.2,18.0,1
142800.0,1070200.0,19529.82,2,0.92,41.6,12.9,18.0,1
27000.0,197200.0,3598.65,0,4.53,63.0,15.2,5.0,1
101700.0,919700.0,16783.38,1,8.53,57.1,25.6,0.0,1
71700.0,701200.0,12796.03,2,1.94,62.3,24.8,0.0,1
71100.0,509000.0,9288.62,3,6.48,61.1,18.8,18.0,1
47200.0,404800.0,7387.1,1,1.03,88.6,18.6,5.0,1
107000.0,1058100.0,19309.01,2,0.72,59.5,33.5,0.0,1
129100.0,1080800.0,19723.25,7,2.09,54.0,21.7,18.0,1
125600.0,980700.0,17896.55,3,0.87,92.9,24.8,0.0,1
98500.0,1072500.0,19571.79,10,0.84,57.6,16.1,5.0,0
26500.0,258800.0,4722.78,6,0.46,69.0,20.2,5.0,0
49100.0,381800.0,6967.37,1,1.0,80.4,40.5,18.0,1
127200.0,1011100.0,18451.32,2,2.25,71.9,26.6,0.0,1
88500.0,651600.0,11890.89,0,9.11,78.6,15.8,5.0,1
136200.0,1011900.0,18465.92,4,1.54,70.1,28.7,18.0,1
122700.0,1097200.0,20022.53,5,0.94,79.4,23.5,0.0,1
177600.0,1516500.0,27674.24,2,1.2,66.9,32.2,0.0,1
16300.0,126500.0,2308.47,3,0.88,76.1,42.0,5.0,1
42900.0,424800.0,7752.07,1,5.47,77.2,66.5,18.0,1
29500.0,228700.0,4173.49,6,0.85,93.1,41.4,18.0,1
45600.0,369800.0,6748.39,3,0.52,70.1,18.9,18.0,1
14300.0,107600.0,1963.57,6,0.33,84.2,41.1,5.0,1
65900.0,721500.0,13166.48,1,8.28,78.4,22.7,0.0,1
69300.0,522100.0,9527.67,2,1.12,68.8,16.2,5.0,1
44400.0,349300.0,6374.29,5,0.36,76.3,40.2,18.0,1
44300.0,358000.0,6533.05,5,1.49,38.1,12.4,5.0,1
98300.0,767200.0,14000.44,5,1.69,79.1,23.2,0.0,1
79800.0,621300.0,11337.95,3,0.93,65.0,44.0,5.0,1
148200.0,1598000.0,29161.51,1,0.95,67.2,18.8,18.0,1
87600.0,699000.0,12755.88,2,1.07,92.5,28.0,0.0,1
96700.0,957000.0,17464.06,1,2.08,74.8,27.6,0.0,1
110500.0,995800.0,18172.11,2,1.18,61.2,29.2,0.0,1
123700.0,887800.0,16201.24,3,2.51,74.2,33.1,18.0,1
26700.0,227800.0,4157.07,2,5.79,78.3,28.1,0.0,1
92400.0,822500.0,15009.6,3,0.98,65.0,19.2,18.0,1
184000.0,1349600.0,24628.52,3,4.42,53.3,17.7,18.0,1
147800.0,1417700.0,25871.26,0,8.77,94.7,24.8,0.0,1
79400.0,754300.0,13765.04,2,0.52,80.6,15.9,0.0,1
43000.0,442500.0,8075.07,3,2.28,62.0,45.4,5.0,1
52100.0,410300.0,7487.46,3,0.52,77.2,35.2,18.0,1
175600.0,1316100.0,24017.19,3,4.47,65.4,18.4,0.0,1
70000.0,581300.0,10608.0,3,0.65,75.9,20.5,0.0,1
75600.0,719000.0,13120.85,0,7.4,75.3,30.4,0.0,1
79000.0,638100.0,11644.53,7,0.8,71.6,19.8,5.0,1
61100.0,506500.0,9242.99,3,0.59,53.6,68.0,18.0,1
30600.0,338300.0,6173.55,2,6.02,79.8,38.0,5.0,1
131300.0,1401300.0,25571.98,3,2.84,74.0,22.3,18.0,1
68100.0,504700.0,9210.15,1,1.15,78.5,32.7,5.0,1
84600.0,736500.0,13440.21,6,1.06,67.1,13.6,5.0,1
81900.0,755700.0,13790.58,5,0.56,48.2,12.6,5.0,1
64900.0,644200.0,11755.85,2,1.15,71.2,17.9,5.0,1
71600.0,541700.0,9885.35,5,0.84,75.9,18.8,5.0,1
137500.0,1448600.0,26435.15,1,0.94,68.3,28.4,18.0,1
10300.0,107900.0,1969.04,1,4.41,72.1,45.0,5.0,1
69900.0,704600.0,12858.07,3,1.07,68.4,18.7,5.0,1
40700.0,396700.0,7239.28,2,2.62,72.9,28.5,18.0,1
38200.0,350500.0,6396.19,3,0.64,60.8,13.9,5.0,1
141300.0,1092100.0,19929.47,1,5.16,56.4,27.5,0.0,1
85000.0,746100.0,13615.4,3,0.91,91.4,32.5,0.0,1
101600.0,1007400.0,18383.8,2,1.2,58.2,19.6,18.0,1
109700.0,1178400.0,21504.33,2,1.39,87.6,21.7,0.0,1
130800.0,1021600.0,18642.93,4,2.19,69.9,27.3,0.0,1
102700.0,887900.0,16203.07,1,1.67,67.7,17.3,5.0,1
41800.0,369900.0,6750.21,3,1.41,64.2,49.7,5.0,1
113800.0,1054100.0,19236.01,1,4.7,70.9,27.4,18.0,1
160900.0,1490200.0,27194.29,1,0.33,81.7,24.9,0.0,1
81000.0,601200.0,10971.15,3,8.09,53.6,17.1,5.0,1
60200.0,549000.0,10018.57,5,2.33,83.9,27.3,18.0,1
70900.0,636200.0,11609.86,5,1.78,82.6,14.7,5.0,1
170900.0,1266900.0,23119.35,1,3.56,78.5,21.0,18.0,1
128100.0,1212600.0,22128.44,3,2.3,55.4,30.3,18.0,1
35300.0,312700.0,5706.39,1,1.0,74.4,21.7,0.0,1
79700.0,630400.0,11504.02,1,2.53,79.3,23.8,0.0,1
25500.0,188700.0,3443.54,2,0.96,58.2,28.9,5.0,1
54300.0,445000.0,8120.7,1,2.61,47.1,13.8,5.0,1
170000.0,1522900.0,27791.03,0,5.24,67.5,24.7,0.0,1
102300.0,942800.0,17204.93,2,3.11,87.4,22.6,0.0,1
194400.0,1579500.0,28823.91,1,1.75,91.8,27.1,0.0,1
18100.0,133900.0,2443.51,1,4.96,74.8,48.8,18.0,1
18300.0,179400.0,3273.83,3,0.43,68.0,52.4,5.0,1
36300.0,365200.0,6664.45,3,1.19,72.2,27.8,0.0,1
127900.0,960400.0,17526.1,1,4.39,56.8,17.9,18.0,1
30500.0,297100.0,5421.71,1,1.02,60.0,37.9,0.0,1
136100.0,1432700.0,26144.99,1,6.12,65.6,28.8,0.0,1
79800.0,659300.0,12031.4,1,2.87,67.0,27.0,0.0,1
101100.0,920600.0,16799.8,5,1.13,83.0,32.7,0.0,1
114000.0,844300.0,15407.42,2,1.28,60.7,19.3,0.0,1
104500.0,1001600.0,18277.95,0,9.23,83.6,30.0,0.0,1
27200.0,298800.0,5452.73,1,11.42,77.2,20.2,0.0,1
143900.0,1206700.0,22020.77,0,9.0,55.0,27.5,0.0,1
233300.0,2484800.0,45344.51,0,9.73,49.9,17.8,18.0,1
68600.0,530900.0,9688.26,2,1.79,80.9,40.7,5.0,1
120400.0,919100.0,16772.43,1,2.69,62.2,33.8,0.0,1
110500.0,815100.0,14874.56,7,0.43,74.9,18.3,5.0,1
31900.0,274200.0,5003.81,1,5.37,90.3,21.9,18.0,1
19300.0,181600.0,3313.97,1,8.08,61.5,43.0,5.0,1
118100.0,1070600.0,19537.12,1,0.43,85.2,23.1,0.0,1
124600.0,1216000.0,22190.49,0,5.58,78.8,27.6,18.0,1
59000.0,523700.0,9556.87,5,0.15,88.1,20.9,18.0,1
187900.0,1801100.0,32867.83,1,1.27,64.7,32.6,0.0,1
67400.0,495000.0,9033.13,4,4.03,88.7,41.1,5.0,1
28700.0,286300.0,5224.62,4,1.31,73.3,23.5,18.0,1
103800.0,870100.0,15878.24,3,4.58,69.3,20.0,0.0,1
82300.0,913400.0,16668.41,4,0.89,93.2,19.2,5.0,1
35400.0,256700.0,4684.46,7,0.38,64.3,38.1,5.0,1
87500.0,805300.0,14695.72,4,2.73,96.0,23.6,0.0,1
30700.0,297100.0,5421.71,6,0.72,58.5,42.3,5.0,1
101800.0,745600.0,13606.27,3,1.21,56.6,24.0,0.0,1
31000.0,327100.0,5969.17,1,2.01,57.0,23.6,0.0,1
151900.0,1361600.0,24847.5,0,7.92,69.9,24.2,0.0,1
111100.0,1108200.0,20223.27,6,0.36,84.6,19.6,5.0,0
121700.0,1247800.0,22770.8,3,8.92,76.5,20.3,0.0,1
47000.0,417200.0,7613.38,0,6.86,64.1,25.4,0.0,1
49500.0,438300.0,7998.43,4,3.76,67.1,12.4,18.0,1
141800.0,1023000.0,18668.48,3,0.33,68.8,33.4,0.0,1
44100.0,396000.0,7226.51,3,8.69,82.6,46.3,18.0,1
20300.0,178500.0,3257.4,3,2.03,89.2,16.4,5.0,1
158100.0,1505000.0,27464.38,4,8.37,73.8,24.7,0.0,1
72800.0,583700.0,10651.8,4,2.58,62.9,14.3,5.0,1
97600.0,1041600.0,19007.9,1,5.27,79.2,23.1,0.0,1
118700.0,913700.0,16673.89,5,0.32,63.6,29.7,18.0,1
164800.0,1429100.0,26079.3,0,5.25,73.7,23.2,0.0,1
21300.0,209200.0,3817.64,3,2.85,66.0,19.5,5.0,1
76100.0,631700.0,11527.74,2,2.96,80.4,21.4,0.0,1
146700.0,1439100.0,26261.78,2,8.41,62.8,38.7,0.0,1
91600.0,829400.0,15135.52,2,1.17,54.8,30.5,0.0,1
82400.0,753800.0,13755.91,2,3.15,56.2,29.8,0.0,1
69200.0,600000.0,10949.25,4,2.84,61.2,15.1,5.0,1
71900.0,560200.0,10222.95,0,8.89,78.7,50.5,5.0,1
19900.0,190000.0,3467.26,6,1.2,68.6,15.0,5.0,1
47000.0,360000.0,6569.55,4,15.08,63.5,14.8,5.0,1
58900.0,608800.0,11109.84,1,0.97,76.0,37.8,18.0,1
77600.0,614800.0,11219.33,4,2.42,57.8,40.9,18.0,1
118000.0,1084600.0,19792.6,3,0.82,80.0,30.5,0.0,1
50500.0,362300.0,6611.52,3,1.12,71.0,33.5,5.0,1
78000.0,582500.0,10629.9,1,0.95,78.4,43.4,5.0,1
68600.0,546200.0,9967.47,1,1.41,70.6,33.6,0.0,1
25500.0,194900.0,3556.68,2,3.64,60.3,16.4,5.0,1
99600.0,956600.0,17456.76,3,0.39,88.2,29.9,0.0,1
131400.0,1155100.0,21079.14,4,2.65,73.4,30.7,18.0,1
92300.0,918300.0,16757.83,2,0.39,56.5,26.9,0.0,1
84100.0,810500.0,14790.62,5,0.36,73.4,18.9,5.0,1
80200.0,777300.0,14184.76,2,0.81,53.9,22.3,0.0,1
39300.0,322700.0,5888.87,5,0.67,80.3,10.8,5.0,1
95700.0,731000.0,13339.84,0,7.59,66.6,25.6,0.0,1
35200.0,323200.0,5898.0,6,0.24,62.0,15.6,5.0,0
20200.0,164600.0,3003.75,1,1.76,68.9,18.1,5.0,1
35500.0,307100.0,5604.19,3,1.86,77.2,16.7,5.0,1
132400.0,1422300.0,25955.2,4,3.15,65.2,20.2,0.0,1
17600.0,154600.0,2821.26,2,0.72,78.7,67.1,18.0,1
156200.0,1617100.0,29510.06,0,6.59,73.3,22.2,0.0,1
96300.0,932600.0,17018.79,5,0.26,57.8,30.6,0.0,1
119200.0,1096400.0,20007.93,3,2.53,59.5,27.6,0.0,1
38400.0,381900.0,6969.2,7,0.7,69.5,15.5,5.0,0
198200.0,1843900.0,33648.88,1,3.2,65.8,25.5,0.0,1
100000.0,835600.0,15248.66,3,1.42,88.3,23.4,18.0,1
116900.0,912800.0,16657.46,2,6.32,70.4,22.3,0.0,1
95700.0,843700.0,15396.47,5,0.36,96.0,24.4,0.0,1
83600.0,598400.0,10920.05,0,8.19,75.4,28.3,0.0,1
24600.0,178100.0,3250.1,3,7.01,77.2,15.1,5.0,1
58400.0,514000.0,9379.86,2,0.47,96.0,68.0,18.0,1
108300.0,912700.0,16655.64,8,0.21,77.9,20.1,5.0,0
17900.0,179000.0,3266.53,2,1.39,73.9,16.1,5.0,1
58100.0,571600.0,10430.99,6,2.06,96.0,18.9,5.0,1
102900.0,838500.0,15301.58,0,9.54,71.9,26.6,18.0,1
184500.0,1634500.0,29827.59,2,0.76,46.9,28.1,0.0,1
30600.0,274000.0,5000.16,3,1.31,71.7,14.4,5.0,1
58500.0,548300.0,10005.79,4,2.42,71.9,10.7,5.0,1
48600.0,426800.0,7788.57,5,0.55,68.2,41.2,5.0,1
85400.0,745900.0,13611.75,4,0.57,72.7,17.3,5.0,1
103100.0,1056100.0,19272.51,4,2.74,60.2,22.9,0.0,1
134000.0,1085900.0,19816.32,1,2.51,61.8,34.7,0.0,1
95900.0,856200.0,15624.58,6,0.14,64.2,17.7,5.0,0
120800.0,913600.0,16672.06,2,2.55,80.5,34.5,0.0,1
19700.0,156700.0,2859.58,4,2.91,76.6,15.3,5.0,1
64600.0,528900.0,9651.77,6,0.29,41.4,33.4,5.0,0
133800.0,1429800.0,26092.07,7,0.95,81.7,19.6,18.0,1
68300.0,577800.0,10544.13,8,1.31,72.1,13.9,5.0,1
106100.0,1083400.0,19770.7,1,0.52,96.0,24.0,0.0,1
18200.0,189000.0,3449.01,3,0.65,63.3,15.6,5.0,1
67400.0,687800.0,12551.49,2,2.47,85.0,37.7,18.0,1
95800.0,766200.0,13982.2,1,2.57,85.0,23.3,0.0,1
138800.0,1405500.0,25648.62,6,0.26,60.6,16.8,18.0,0
116900.0,975200.0,17796.19,0,4.68,65.5,15.5,5.0,1
25600.0,184900.0,3374.19,5,1.98,74.3,44.2,5.0,1
31400.0,308100.0,5622.44,2,7.2,84.2,38.0,5.0,1
140000.0,1019300.0,18600.96,2,0.65,69.5,35.0,18.0,1
11700.0,114200.0,2084.01,2,3.48,84.5,50.5,5.0,1
130400.0,1245900.0,22736.12,4,0.32,78.3,29.3,0.0,1
54800.0,492700.0,8991.16,4,2.95,46.5,22.6,0.0,1
117900.0,847200.0,15460.35,1,1.0,55.0,10.3,5.0,1
104200.0,1100600.0,20084.58,2,1.4,73.0,15.7,5.0,1
31200.0,338200.0,6171.73,6,0.89,91.1,42.1,5.0,1
113700.0,981100.0,17903.85,3,1.89,69.8,31.8,0.0,1
77200.0,662200.0,12084.33,3,0.38,59.6,19.0,0.0,1
33800.0,296200.0,5405.28,2,1.47,66.9,23.2,0.0,1
71900.0,625800.0,11420.07,1,4.28,63.7,20.7,0.0,1
113200.0,1191300.0,21739.74,1,0.95,84.7,29.6,18.0,1
125800.0,1273300.0,23236.14,2,0.58,74.1,28.8,0.0,1
60800.0,528700.0,9648.12,3,1.57,71.2,23.8,5.0,1
59900.0,524400.0,9569.65,7,0.33,84.6,16.0,5.0,0
77300.0,742100.0,13542.4,2,2.72,75.1,19.8,5.0,1
146400.0,1046000.0,19088.2,5,0.7,67.0,30.1,0.0,1
55400.0,609700.0,11126.27,3,1.7,57.3,15.9,5.0,1
112900.0,1226400.0,22380.27,5,0.51,70.4,13.5,5.0,0
30100.0,295000.0,5383.38,3,0.39,70.3,47.2,5.0,1
49000.0,465800.0,8500.27,3,0.79,68.2,60.4,18.0,1
90000.0,674000.0,12299.66,4,0.32,58.6,13.0,5.0,1
133200.0,1052000.0,19197.69,3,2.3,56.6,26.6,0.0,1
96300.0,888600.0,16215.84,2,3.19,49.2,22.0,5.0,1
108400.0,778900.0,14213.96,10,1.45,71.6,14.7,5.0,1
140300.0,1169700.0,21345.57,3,0.54,50.6,14.6,18.0,1
32300.0,289500.0,5283.01,0,9.76,64.4,42.1,5.0,1
111100.0,1145700.0,20907.6,4,0.91,71.5,33.8,18.0,1
79700.0,599700.0,10943.78,0,4.52,75.7,23.0,0.0,1
86400.0,845500.0,15429.32,1,1.77,81.7,24.4,0.0,1
128200.0,1008500.0,18403.87,1,2.15,66.1,27.8,0.0,1
112200.0,1242500.0,22674.08,2,1.2,69.6,22.5,0.0,1
26300.0,190000.0,3467.26,3,2.29,66.6,19.7,0.0,1
30300.0,233200.0,4255.61,1,0.6,94.8,25.1,0.0,1
28000.0,244800.0,4467.3,2,0.6,72.6,53.3,18.0,1
124900.0,1104500.0,20155.75,4,2.06,68.5,22.1,18.0,1
70800.0,600800.0,10963.85,2,0.99,77.1,32.7,0.0,1
43500.0,443600.0,8095.15,4,6.05,71.5,21.3,0.0,1
55000.0,445800.0,8135.29,5,1.4,89.7,13.6,5.0,1
46900.0,456700.0,8334.21,2,5.1,59.4,16.8,5.0,1
75300.0,721600.0,13168.3,8,0.25,68.4,15.5,5.0,0
191800.0,2027100.0,36992.05,0,7.7,72.4,28.5,0.0,1
59300.0,580000.0,10584.28,1,5.48,95.7,24.8,0.0,1
179200.0,1372700.0,25050.07,0,5.57,72.6,24.9,0.0,1
59000.0,525600.0,9591.55,3,2.94,76.9,17.0,5.0,1
94900.0,761200.0,13890.95,4,0.46,87.5,16.8,0.0,1
121100.0,1010900.0,18447.67,1,7.02,71.6,18.4,0.0,1
74000.0,712000.0,12993.11,5,1.95,64.2,18.2,5.0,1
118500.0,1093100.0,19947.71,10,0.56,82.0,17.0,5.0,0
36800.0,320200.0,5843.25,6,0.7,62.7,18.9,5.0,1
122800.0,1079600.0,19701.36,2,3.38,40.4,24.3,0.0,1
223500.0,1924700.0,35123.38,3,0.53,63.5,20.2,18.0,1
143500.0,1500400.0,27380.43,0,6.96,68.2,30.8,0.0,1
25400.0,255300.0,4658.91,2,0.38,90.6,29.9,18.0,1
143400.0,1226400.0,22380.27,5,0.78,58.4,30.6,18.0,1
26000.0,188600.0,3441.72,0,6.26,76.9,55.0,5.0,1
158600.0,1216200.0,22194.14,6,0.55,84.7,25.6,18.0,1
156800.0,1546900.0,28229.0,3,1.24,46.1,24.2,18.0,1
64600.0,543000.0,9909.07,2,1.72,85.6,13.0,5.0,1
64100.0,526800.0,9613.44,0,5.07,89.0,29.4,0.0,1
66400.0,483700.0,8826.92,10,0.18,78.0,16.2,5.0,0
52500.0,479400.0,8748.45,2,1.46,70.2,27.4,0.0,1
71800.0,707200.0,12905.52,5,1.68,83.0,18.3,5.0,1
79800.0,773800.0,14120.89,2,2.14,63.1,27.3,0.0,1
82800.0,739000.0,13485.83,2,7.58,86.1,24.4,0.0,1
85900.0,756200.0,13799.71,1,0.83,48.8,33.7,0.0,1
57800.0,629200.0,11482.12,4,4.03,62.2,13.2,5.0,1
109500.0,1084300.0,19787.12,7,0.83,94.0,16.9,5.0,1
44700.0,434000.0,7919.96,0,7.22,55.8,12.7,0.0,1
37500.0,403000.0,7354.25,1,3.32,76.9,11.6,0.0,1
112700.0,936300.0,17086.31,5,0.3,56.7,35.8,18.0,1
72300.0,584300.0,10662.75,2,0.53,57.1,27.5,5.0,1
97300.0,789000.0,14398.27,5,0.72,73.1,28.7,0.0,1
39500.0,283600.0,5175.35,3,0.37,87.0,27.0,0.0,1
74000.0,666400.0,12160.97,5,0.44,68.6,17.6,5.0,1
114900.0,852900.0,15564.36,3,3.0,55.1,12.9,5.0,1
129600.0,1056400.0,19277.98,0,6.69,64.7,21.8,18.0,1
112400.0,949900.0,17334.49,4,6.28,75.8,16.0,5.0,1
98400.0,1078000.0,19672.16,2,1.02,61.2,24.3,0.0,1
50400.0,463600.0,8460.12,5,3.09,49.8,18.8,5.0,1
73300.0,714000.0,13029.61,3,3.7,60.7,18.2,5.0,1
68600.0,724100.0,13213.92,3,1.94,48.1,38.8,5.0,1
99500.0,1053300.0,19221.41,2,0.89,57.4,18.5,5.0,1
60600.0,486200.0,8872.54,4,1.96,79.3,12.6,5.0,1
107100.0,874200.0,15953.06,3,1.11,46.1,27.4,18.0,1
53700.0,389400.0,7106.07,3,0.91,80.4,22.0,0.0,1
33300.0,329900.0,6020.26,3,2.35,59.7,21.0,18.0,1
54600.0,474700.0,8662.68,5,0.24,79.8,44.4,5.0,1
48700.0,474600.0,8660.86,3,3.81,46.1,37.6,5.0,1
29700.0,280400.0,5116.95,2,1.03,88.0,20.1,18.0,1
52200.0,425500.0,7764.85,2,0.55,67.6,41.2,5.0,1
183500.0,1917500.0,34991.99,1,1.45,60.3,28.8,0.0,1
47300.0,352500.0,6432.69,3,0.42,73.5,34.7,5.0,1
64200.0,472000.0,8613.41,4,1.73,78.2,34.6,5.0,1
96800.0,764900.0,13958.47,3,0.77,74.7,22.0,0.0,1
23600.0,204300.0,3728.22,6,0.19,67.8,40.4,5.0,0
82400.0,716300.0,13071.58,7,1.38,80.0,17.6,5.0,1
50800.0,478400.0,8730.2,0,8.82,72.6,20.2,0.0,1
64000.0,558300.0,10188.28,2,1.77,77.2,18.1,5.0,1
69600.0,654200.0,11938.34,2,0.42,65.4,28.3,0.0,1
116300.0,1009700.0,18425.77,4,3.4,71.9,20.7,5.0,1
55400.0,499700.0,9118.9,1,0.51,41.3,27.0,0.0,1
108900.0,1085700.0,19812.67,3,0.78,56.4,17.1,5.0,1
148600.0,1294600.0,23624.84,2,0.96,63.4,28.5,0.0,1
120700.0,910200.0,16610.02,0,9.26,67.2,21.3,0.0,1
148800.0,1073100.0,19582.74,2,6.35,95.9,26.1,0.0,1
161900.0,1308700.0,23882.15,1,4.03,49.3,29.3,0.0,1
24400.0,180000.0,3284.78,4,2.53,67.3,15.5,5.0,1
36100.0,289300.0,5279.36,1,6.8,65.3,33.3,5.0,1
92200.0,851300.0,15535.17,4,0.79,76.8,24.1,18.0,1
70300.0,563300.0,10279.52,6,1.38,54.6,13.9,5.0,1
20300.0,158900.0,2899.73,3,0.33,83.3,46.9,5.0,1
141700.0,1347300.0,24586.55,2,6.11,66.3,19.5,0.0,1
103700.0,888300.0,16210.37,5,2.25,64.4,13.4,5.0,1
71900.0,560300.0,10224.78,6,0.1,62.3,15.1,5.0,0
192500.0,1895200.0,34585.04,4,3.53,63.5,30.7,0.0,1
133600.0,1057600.0,19299.88,1,1.64,54.3,33.7,0.0,1
118600.0,1137500.0,20757.96,2,5.38,65.3,19.4,5.0,1
47600.0,448500.0,8184.57,2,2.55,72.3,23.1,0.0,1
123300.0,1260600.0,23004.38,1,10.72,89.1,24.9,0.0,1
199700.0,1701500.0,31050.26,2,0.53,60.5,29.8,0.0,1
198600.0,1965400.0,35866.1,1,2.36,46.4,27.8,0.0,1
80200.0,685700.0,12513.17,7,1.5,69.2,14.5,5.0,1
77800.0,734700.0,13407.36,1,1.89,89.1,25.9,0.0,1
134900.0,1217400.0,22216.03,1,6.17,71.0,31.2,18.0,1
100700.0,967000.0,17646.55,8,0.23,68.2,14.0,5.0,0
118800.0,1272900.0,23228.84,4,1.26,71.1,17.1,5.0,1
56500.0,493200.0,9000.29,2,0.33,80.0,23.4,0.0,1
38800.0,329600.0,6014.79,2,5.63,54.7,32.3,18.0,1
39000.0,398600.0,7273.95,1,1.63,91.8,27.6,0.0,1
178900.0,1537600.0,28059.29,0,6.96,64.1,31.1,0.0,1
47200.0,487800.0,8901.74,5,0.27,62.0,15.2,5.0,0
75100.0,757800.0,13828.91,2,1.24,96.0,14.9,5.0,1
132200.0,960900.0,17535.23,5,0.45,71.8,21.8,18.0,1
12100.0,97000.0,1770.13,2,0.36,74.0,46.2,5.0,1
71700.0,555800.0,10142.66,4,6.6,76.6,18.0,0.0,1
104500.0,909500.0,16597.24,3,1.02,89.4,18.8,5.0,1
33900.0,352200.0,6427.21,1,1.04,63.0,18.4,0.0,1
100100.0,1016800.0,18555.33,0,5.75,71.9,25.6,0.0,1
100700.0,995700.0,18170.29,5,0.44,83.8,18.8,5.0,1
63000.0,664800.0,12131.77,1,1.16,75.6,22.1,18.0,1
51800.0,519900.0,9487.53,1,13.4,63.9,35.7,0.0,1
87500.0,770400.0,14058.84,4,1.25,77.4,13.7,5.0,1
23400.0,198100.0,3615.08,4,3.19,64.3,45.9,5.0,1
103100.0,904200.0,16500.52,8,0.27,71.0,11.7,5.0,0
106900.0,887000.0,16186.65,1,2.92,90.0,27.1,0.0,1
16400.0,126300.0,2304.82,4,3.55,90.2,13.3,5.0,1
163700.0,1321700.0,24119.38,1,4.05,83.2,29.0,0.0,1
72300.0,544400.0,9934.62,0,9.19,79.4,42.3,18.0,1
110400.0,1222600.0,22310.93,1,2.76,58.4,32.4,18.0,1
80100.0,577000.0,10529.53,2,3.52,65.3,27.7,0.0,1
43600.0,372900.0,6804.96,2,0.52,95.0,14.1,5.0,1
57000.0,452100.0,8250.26,6,0.3,66.2,18.6,5.0,0
120600.0,1150600.0,20997.02,5,0.77,75.7,17.4,18.0,1
28100.0,274000.0,5000.16,1,1.01,60.1,23.3,18.0,1
104000.0,743500.0,13567.95,5,0.33,70.5,18.6,5.0,1
50600.0,421100.0,7684.55,3,1.07,70.4,14.5,5.0,1
117900.0,887800.0,16201.24,3,0.96,73.9,21.9,0.0,1
150700.0,1627500.0,29699.85,5,0.18,68.8,20.7,18.0,0
158800.0,1448800.0,26438.8,3,1.13,46.5,25.6,0.0,1
52900.0,475500.0,8677.28,3,0.84,73.2,30.9,0.0,1
60100.0,607900.0,11093.42,7,0.35,62.2,23.2,5.0,0
110400.0,984300.0,17962.25,2,5.12,87.4,32.8,0.0,1
34600.0,247200.0,4511.09,0,6.59,84.5,26.7,0.0,1
55500.0,539800.0,9850.68,3,1.35,37.9,29.8,18.0,1
160900.0,1336500.0,24389.46,5,0.34,64.1,23.0,0.0,1
131100.0,1314400.0,23986.16,1,3.18,60.8,18.7,18.0,1
111100.0,1231500.0,22473.34,2,0.85,64.7,24.7,0.0,1
111700.0,1030100.0,18798.04,6,2.23,62.0,23.2,18.0,1
115500.0,1047500.0,19115.57,4,2.3,51.8,17.7,5.0,1
28400.0,217100.0,3961.8,6,0.55,62.0,13.1,5.0,1
78200.0,633300.0,11556.94,0,8.4,70.8,29.6,0.0,1
99500.0,1089000.0,19872.89,2,0.59,80.2,18.5,18.0,1
94100.0,726600.0,13259.55,4,1.15,68.5,19.0,5.0,1
121500.0,1049900.0,19159.37,4,3.75,65.2,17.8,18.0,1
106200.0,838100.0,15294.28,1,0.77,64.7,22.1,5.0,1
86600.0,664000.0,12117.17,4,5.17,60.6,25.2,18.0,1
41900.0,330400.0,6029.39,1,0.53,77.5,38.9,5.0,1
67400.0,499000.0,9106.13,2,3.24,69.4,30.5,5.0,1
113400.0,1003800.0,18318.1,5,0.31,68.1,20.7,5.0,1
107300.0,907300.0,16557.1,0,7.15,67.8,24.4,0.0,1
48300.0,366800.0,6693.64,1,0.79,88.8,34.2,18.0,1
26500.0,253400.0,4624.23,1,2.7,72.6,14.3,0.0,1
67800.0,710400.0,12963.92,4,2.75,69.8,43.1,18.0,1
116500.0,1183300.0,21593.75,5,0.65,58.3,29.2,18.0,1
114500.0,1187500.0,21670.4,0,5.16,69.2,27.1,0.0,1
69500.0,733200.0,13379.99,3,2.99,87.4,31.1,18.0,1
26700.0,271000.0,4945.41,1,0.36,71.1,31.5,18.0,1
28300.0,230200.0,4200.86,1,1.49,56.1,13.1,5.0,1
189300.0,1633500.0,29809.34,1,3.4,62.2,28.4,0.0,1
84100.0,618900.0,11294.15,5,0.84,74.7,16.7,5.0,1
167500.0,1388500.0,25338.4,3,2.89,96.0,37.1,0.0,1
96900.0,861000.0,15712.18,3,2.02,54.5,14.3,5.0,1
162400.0,1268300.0,23144.9,2,4.8,88.9,26.8,0.0,1
51000.0,470700.0,8589.69,3,6.41,57.7,25.9,0.0,1
72300.0,650500.0,11870.82,3,2.12,96.0,20.6,18.0,1
21000.0,199200.0,3635.15,2,2.19,64.5,37.2,5.0,1
22400.0,173600.0,3167.98,6,0.14,68.7,68.0,18.0,1
148700.0,1618700.0,29539.26,1,2.65,68.1,22.9,0.0,1
185600.0,2006900.0,36623.43,1,0.6,82.2,35.0,0.0,1
32000.0,286500.0,5228.27,5,0.9,66.5,18.2,5.0,1
58800.0,477100.0,8706.48,4,2.7,60.0,18.0,5.0,1
25000.0,192100.0,3505.59,2,2.24,64.9,29.1,0.0,1
26400.0,220300.0,4020.2,4,0.89,53.6,31.1,18.0,1
143100.0,1403500.0,25612.13,2,1.67,68.1,32.8,0.0,1
37600.0,291700.0,5323.16,1,3.33,71.3,21.7,0.0,1
49800.0,417500.0,7618.86,8,1.02,57.8,16.9,5.0,1
44800.0,432500.0,7892.59,2,1.37,78.8,28.7,18.0,1
69800.0,765800.0,13974.9,1,0.5,82.9,48.8,5.0,1
47500.0,463500.0,8458.3,2,0.67,86.9,19.3,18.0,1
41500.0,461000.0,8412.68,2,0.88,70.1,30.0,0.0,1
175400.0,1482900.0,27061.08,1,1.18,93.0,23.1,0.0,1
95000.0,946000.0,17263.32,8,0.3,71.8,15.3,5.0,0
70300.0,571300.0,10425.51,0,9.05,70.9,36.4,5.0,1
65400.0,490400.0,8949.19,3,5.62,71.0,10.7,5.0,1
22900.0,217200.0,3963.63,6,1.29,71.6,54.1,5.0,1
50100.0,548400.0,10007.62,6,0.4,61.0,17.4,5.0,0
71500.0,516800.0,9430.96,1,1.99,63.0,29.2,0.0,1
12600.0,114900.0,2096.78,3,1.41,71.5,40.5,5.0,1
63700.0,506900.0,9250.29,4,1.78,40.2,17.9,5.0,1
77600.0,677400.0,12361.71,2,2.46,69.3,29.4,18.0,1
62900.0,545200.0,9949.22,1,3.58,71.1,20.6,18.0,1
213000.0,1650000.0,30110.45,2,1.9,46.9,16.2,18.0,1
67600.0,666500.0,12162.8,4,3.39,85.7,27.0,0.0,1
74700.0,605000.0,11040.5,7,0.34,60.6,65.8,18.0,1
189100.0,1536500.0,28039.21,3,0.82,58.9,29.6,0.0,1
42700.0,392300.0,7158.99,2,1.64,96.0,46.7,5.0,1
100100.0,824900.0,15053.4,1,2.21,74.5,27.1,18.0,1
180000.0,1298500.0,23696.01,0,6.59,54.4,33.9,0.0,1
60700.0,522400.0,9533.15,4,5.45,62.6,66.3,18.0,1
99700.0,1060000.0,19343.68,3,3.64,70.9,15.5,18.0,1
109300.0,1041400.0,19004.25,5,0.18,67.1,21.8,5.0,0
21100.0,168500.0,3074.92,1,2.39,89.6,18.3,5.0,1
154700.0,1259500.0,22984.31,3,1.82,67.8,19.8,0.0,1
27100.0,255100.0,4655.26,0,8.76,64.9,23.7,0.0,1
113700.0,1035600.0,18898.41,2,5.35,59.8,17.3,5.0,1
20700.0,186200.0,3397.92,1,2.88,68.7,56.3,18.0,1
27500.0,215800.0,3938.08,5,0.12,82.6,18.5,5.0,0
12800.0,121500.0,2217.22,1,1.45,63.6,68.0,18.0,1
171700.0,1823900.0,33283.9,2,2.08,87.2,19.9,0.0,1
59400.0,475200.0,8671.81,2,2.55,69.4,46.6,5.0,1
98300.0,859100.0,15677.51,4,1.83,77.5,15.4,5.0,1
16400.0,140500.0,2563.95,3,3.14,69.8,51.8,18.0,1
100500.0,738600.0,13478.53,3,0.95,87.4,16.3,0.0,1
150300.0,1186100.0,21644.85,0,8.48,72.1,25.9,0.0,1
49700.0,360500.0,6578.68,5,0.63,65.8,22.8,0.0,1
58600.0,625100.0,11407.3,3,2.65,50.0,24.3,0.0,1
40200.0,360400.0,6576.85,5,1.82,88.8,13.7,5.0,1
96100.0,812300.0,14823.46,4,0.37,80.3,14.7,18.0,1
163200.0,1784700.0,32568.55,2,7.7,64.0,29.3,0.0,1
70400.0,598600.0,10923.7,4,1.08,58.7,17.6,5.0,1
103900.0,807200.0,14730.39,9,0.11,72.1,16.0,5.0,0
101700.0,829700.0,15140.99,4,4.7,62.2,15.7,5.0,1
23200.0,242700.0,4428.97,5,0.62,57.6,32.2,5.0,1
66700.0,698000.0,12737.63,0,6.27,85.4,46.0,5.0,1
88700.0,735700.0,13425.61,3,0.6,86.1,30.0,18.0,1
118000.0,865500.0,15794.3,4,1.39,57.7,16.6,5.0,1
52000.0,486300.0,8874.37,3,5.23,71.9,15.9,5.0,1
108300.0,1074700.0,19611.94,5,0.35,76.0,12.6,5.0,0
45100.0,329700.0,6016.61,3,3.1,75.3,31.9,18.0,1
72200.0,672900.0,12279.59,4,3.54,73.6,21.8,0.0,1
12500.0,123600.0,2255.55,3,1.91,84.0,32.8,5.0,1
95700.0,1042600.0,19026.15,3,8.53,74.4,14.2,18.0,1
106300.0,853100.0,15568.01,5,0.32,77.2,22.4,18.0,1
42600.0,322500.0,5885.22,2,0.34,79.8,23.2,0.0,1
74800.0,594800.0,10854.36,5,0.37,76.2,20.3,5.0,1
69500.0,586600.0,10704.72,2,0.32,61.3,22.1,0.0,1
13300.0,130300.0,2377.81,5,0.17,41.4,37.0,5.0,0
99200.0,781100.0,14254.1,1,1.58,66.6,24.6,0.0,1
169900.0,1426900.0,26039.15,2,0.61,63.0,27.0,0.0,1
67300.0,670200.0,12230.32,2,3.07,78.3,25.0,0.0,1
36700.0,376500.0,6870.66,3,2.99,54.9,13.5,5.0,1
91000.0,695000.0,12682.88,3,6.26,67.1,16.7,5.0,1
63600.0,645300.0,11775.92,4,0.37,94.6,68.0,18.0,1
79100.0,663100.0,12100.75,1,0.36,96.0,26.3,0.0,1
28900.0,277800.0,5069.5,0,4.57,60.9,25.5,18.0,1
101200.0,1031100.0,18816.29,5,1.53,82.5,17.0,5.0,1
132100.0,1134900.0,20710.51,1,4.0,65.4,44.9,18.0,1
51300.0,507400.0,9259.42,4,0.44,73.5,23.5,5.0,1
95400.0,972800.0,17752.39,2,2.6,66.9,35.2,0.0,1
166100.0,1312200.0,23946.02,0,7.47,69.7,23.3,18.0,1
40200.0,322800.0,5890.7,5,0.96,72.5,21.6,0.0,1
48000.0,452500.0,8257.56,2,1.71,76.5,17.6,5.0,1
30200.0,325500.0,5939.97,4,4.52,85.5,50.9,5.0,1
58700.0,626300.0,11429.2,1,0.91,81.2,31.5,18.0,1
77900.0,627600.0,11452.92,1,5.71,78.3,29.8,0.0,1
132100.0,1450500.0,26469.82,1,3.04,65.6,33.5,0.0,1
68000.0,524200.0,9566.0,3,4.08,78.8,62.9,18.0,1
17700.0,166400.0,3036.59,4,1.31,54.1,16.7,5.0,1
189400.0,1464700.0,26728.95,1,0.46,73.8,25.9,0.0,1
89400.0,700900.0,12790.55,2,0.54,52.5,13.6,5.0,1
93400.0,959900.0,17516.98,3,1.12,73.8,17.3,5.0,1
69500.0,585100.0,10677.35,6,0.23,80.5,34.6,18.0,1
89600.0,822600.0,15011.43,3,1.92,69.3,22.1,0.0,1
138500.0,1478900.0,26988.08,2,2.32,60.0,41.0,18.0,1
17900.0,167300.0,3053.02,4,2.21,81.7,14.9,5.0,1
123100.0,1106200.0,20186.77,0,4.65,53.3,23.5,0.0,1
76700.0,658700.0,12020.45,6,0.33,90.0,43.0,5.0,1
98100.0,932300.0,17013.31,6,0.61,63.7,12.7,5.0,0
56800.0,619200.0,11299.63,1,0.97,75.9,39.5,18.0,1
64900.0,589000.0,10748.52,4,2.93,65.3,11.2,5.0,1
61700.0,457100.0,8341.51,5,0.36,72.3,16.2,5.0,1
133100.0,1215900.0,22188.66,4,3.04,90.2,21.1,0.0,1
137900.0,1352300.0,24677.79,1,2.21,62.5,20.0,0.0,1
170200.0,1797000.0,32793.01,2,2.04,77.8,25.8,0.0,1
28100.0,212700.0,3881.51,4,1.17,77.5,46.8,5.0,1
83600.0,831700.0,15177.49,5,0.24,71.9,12.9,5.0,0
93300.0,961600.0,17548.0,2,0.54,60.9,23.1,0.0,1
39400.0,430500.0,7856.09,6,1.73,84.2,20.2,5.0,1
29800.0,248400.0,4532.99,1,3.93,66.9,42.2,5.0,1
50900.0,447000.0,8157.19,4,0.55,46.9,11.3,5.0,1
166900.0,1398100.0,25513.58,0,9.6,62.5,21.9,0.0,1
91500.0,800600.0,14609.95,1,3.14,63.3,15.3,5.0,1
44000.0,334100.0,6096.91,4,1.15,70.0,19.3,5.0,1
54100.0,597400.0,10901.81,3,0.8,87.2,22.0,0.0,1
46400.0,407400.0,7434.54,1,1.91,96.0,30.3,0.0,1
128200.0,966700.0,17641.07,2,3.73,79.5,25.5,0.0,1
73100.0,795600.0,14518.71,1,1.91,66.0,23.1,0.0,1
40500.0,368400.0,6722.84,1,2.34,92.2,34.7,0.0,1
108800.0,962400.0,17562.6,2,8.41,60.2,25.2,0.0,1
105900.0,1130100.0,20622.92,5,0.56,66.4,15.6,5.0,0
58300.0,563700.0,10286.82,2,0.7,73.3,21.8,0.0,1
51800.0,405200.0,7394.4,3,4.4,57.8,18.8,18.0,1
46100.0,381000.0,6952.78,1,2.6,77.5,21.0,0.0,1
66700.0,705200.0,12869.02,5,0.29,81.4,19.3,5.0,0
55200.0,567600.0,10357.99,4,4.23,73.9,15.9,5.0,1
132700.0,1027100.0,18743.3,0,7.65,47.8,29.6,0.0,1
46200.0,451100.0,8232.01,4,10.02,89.4,46.0,5.0,1
78000.0,806600.0,14719.45,3,0.6,72.4,35.3,0.0,1
17200.0,142700.0,2604.1,6,0.34,83.6,17.0,5.0,1
64600.0,490600.0,8952.84,1,0.77,90.8,34.8,0.0,1
95400.0,914000.0,16679.36,1,1.19,84.5,18.1,0.0,1
70800.0,596300.0,10881.73,6,0.8,62.4,46.4,18.0,1
161500.0,1541000.0,28121.33,0,4.96,60.1,24.8,0.0,1
40400.0,361000.0,6587.8,2,1.52,77.0,22.9,0.0,1
175900.0,1411000.0,25748.99,2,0.66,75.2,26.8,0.0,1
67300.0,626700.0,11436.49,3,2.24,88.9,27.5,18.0,1
108400.0,913500.0,16670.24,4,3.98,61.2,17.9,5.0,1
191300.0,1752100.0,31973.64,4,0.68,53.7,30.4,0.0,1
29700.0,246800.0,4503.79,2,0.5,68.5,22.4,0.0,1
64100.0,671900.0,12261.34,5,0.48,84.8,68.0,18.0,1
34100.0,300800.0,5489.23,5,0.4,60.5,14.0,5.0,1
56100.0,589700.0,10761.29,2,5.8,64.8,27.0,0.0,1
148700.0,1295600.0,23643.09,3,1.0,64.3,24.0,0.0,1
69200.0,560500.0,10228.43,3,2.02,44.7,17.4,5.0,1
59800.0,643800.0,11748.55,5,0.29,83.7,56.5,18.0,1
50900.0,383100.0,6991.1,5,0.2,46.2,28.6,0.0,1
35500.0,387400.0,7069.57,1,2.62,96.0,30.3,0.0,1
73700.0,610000.0,11131.74,1,3.21,66.3,45.5,18.0,1
101200.0,839300.0,15316.18,2,5.14,63.7,17.4,5.0,1
82900.0,731600.0,13350.79,7,0.15,79.4,17.7,5.0,0
39600.0,369200.0,6737.44,4,0.37,83.6,29.9,0.0,1
109200.0,1072600.0,19573.61,1,4.29,86.7,15.4,5.0,1
75100.0,577200.0,10533.18,1,2.97,96.0,30.9,18.0,1
103700.0,950200.0,17339.97,0,5.21,76.2,32.0,0.0,1
121800.0,913000.0,16661.11,3,4.33,64.9,30.8,0.0,1
116500.0,991400.0,18091.82,4,4.15,73.7,20.1,0.0,1
82500.0,748200.0,13653.72,2,0.49,75.5,32.1,0.0,1
118500.0,1030100.0,18798.04,3,2.0,52.0,11.2,5.0,1
102400.0,790600.0,14427.47,1,1.13,85.2,22.4,0.0,1
71800.0,766800.0,13993.15,5,1.18,53.7,17.0,5.0,1
67100.0,664500.0,12126.3,3,2.99,77.2,29.0,5.0,1
81600.0,714400.0,13036.91,3,3.63,62.4,25.2,18.0,1
45000.0,380900.0,6950.95,4,0.5,54.7,24.3,18.0,1
43100.0,365400.0,6668.1,2,0.82,53.3,26.9,0.0,1
98600.0,977900.0,17845.46,4,1.19,55.4,14.7,5.0,1
60700.0,583900.0,10655.45,0,5.86,74.7,21.6,18.0,1
118000.0,891400.0,16266.94,3,2.09,65.8,33.3,18.0,1
115000.0,921800.0,16821.7,3,0.64,39.1,14.5,18.0,1
73400.0,668600.0,12201.12,5,0.11,62.4,44.7,5.0,1
29600.0,242600.0,4427.15,2,5.69,75.4,30.8,5.0,1
187100.0,1967800.0,35909.9,2,0.7,55.1,39.7,0.0,1
70200.0,538100.0,9819.65,1,1.03,55.4,26.3,0.0,1
111100.0,1013800.0,18500.59,4,1.42,82.0,19.5,5.0,1
40900.0,372200.0,6792.19,2,0.99,76.4,27.4,5.0,1
213700.0,1534800.0,28008.19,3,3.12,87.1,18.6,18.0,1
41100.0,353700.0,6454.58,5,1.56,77.1,39.5,5.0,1
54800.0,494600.0,9025.83,4,2.91,53.0,42.1,5.0,1
46800.0,404200.0,7376.15,6,0.37,65.6,19.6,5.0,0
21500.0,178100.0,3250.1,7,1.73,66.4,22.0,5.0,1
136500.0,1157400.0,21121.11,2,0.69,65.9,21.4,0.0,1
75000.0,635800.0,11602.56,4,1.67,90.5,18.0,5.0,1
163000.0,1548300.0,28254.55,1,3.1,83.1,28.6,0.0,1
135300.0,973600.0,17766.99,2,3.48,78.2,34.3,0.0,1
37100.0,396900.0,7242.93,4,0.82,66.3,23.8,0.0,1
18500.0,192600.0,3514.71,4,6.02,51.9,47.0,18.0,1
146800.0,1281600.0,23387.6,2,8.33,96.0,24.5,0.0,1
65400.0,673800.0,12296.01,2,3.25,53.8,23.9,0.0,1
117900.0,1098900.0,20053.56,3,2.63,96.0,25.3,18.0,1
70900.0,549600.0,10029.52,4,1.22,72.7,18.3,5.0,1
52500.0,501600.0,9153.58,3,2.13,67.6,29.9,0.0,1
85900.0,750900.0,13702.99,4,2.68,55.6,23.4,0.0,1
90500.0,943800.0,17223.17,3,2.02,64.6,33.2,0.0,1
46500.0,436800.0,7971.06,5,0.2,61.0,22.1,18.0,0
100600.0,778900.0,14213.96,5,0.95,60.7,23.4,0.0,1
48000.0,458700.0,8370.7,0,8.44,51.3,21.6,0.0,1
69000.0,758300.0,13838.03,4,0.84,75.5,49.1,5.0,1
82300.0,615400.0,11230.28,7,0.72,76.8,15.8,5.0,1
70400.0,774000.0,14124.54,3,1.65,79.2,21.4,5.0,1
146800.0,1382400.0,25227.08,2,2.08,52.5,21.5,0.0,1
28700.0,306000.0,5584.12,2,5.3,56.2,16.8,5.0,1
54600.0,448700.0,8188.22,2,1.19,65.7,25.0,0.0,1
57800.0,444500.0,8111.57,2,2.01,82.8,33.5,5.0,1
159200.0,1436300.0,26210.69,1,2.78,69.0,20.4,18.0,1
98600.0,981600.0,17912.98,0,6.68,76.6,14.9,0.0,1
23400.0,208600.0,3806.69,3,1.9,73.9,29.2,18.0,1
102600.0,1052300.0,19203.16,2,5.15,50.7,28.2,0.0,1
110300.0,1202300.0,21940.48,3,3.07,64.4,18.6,5.0,1
38600.0,378700.0,6910.8,0,4.73,69.2,14.5,18.0,1
16200.0,136800.0,2496.43,4,2.41,88.6,13.8,5.0,1
26700.0,269500.0,4918.04,5,0.68,70.6,21.4,18.0,1
50800.0,466400.0,8511.22,1,1.79,69.7,32.4,0.0,1
123500.0,930800.0,16985.94,1,2.6,45.2,28.1,0.0,1
70900.0,778900.0,14213.96,6,0.27,70.9,19.4,5.0,0
142500.0,1320900.0,24104.78,1,2.99,55.9,25.9,0.0,1
33400.0,246800.0,4503.79,1,0.6,65.4,49.9,5.0,1
147000.0,1149800.0,20982.42,1,2.21,72.1,26.0,0.0,1
40100.0,290600.0,5303.09,0,4.86,82.2,28.0,0.0,1
140400.0,1040400.0,18986.0,2,1.38,57.7,20.8,0.0,1
114800.0,914500.0,16688.49,6,1.72,74.4,18.9,18.0,1
99600.0,1049000.0,19142.94,2,1.46,60.7,16.6,5.0,1
45500.0,393100.0,7173.59,3,0.31,70.2,51.9,18.0,1
49300.0,415700.0,7586.01,2,1.19,78.5,44.0,5.0,1
178600.0,1930300.0,35225.57,1,0.35,50.5,24.4,0.0,1
84100.0,770400.0,14058.84,2,3.52,76.9,27.4,0.0,1
77200.0,749700.0,13681.09,2,5.05,66.6,23.0,0.0,1
17900.0,157800.0,2879.65,1,1.21,74.8,34.4,5.0,1
147900.0,1641500.0,29955.33,3,3.14,75.5,27.6,0.0,1
37500.0,319500.0,5830.48,2,3.67,73.8,19.6,5.0,1
50600.0,477400.0,8711.96,2,1.21,67.0,32.3,5.0,1
38900.0,341100.0,6224.65,3,4.45,89.1,34.6,18.0,1
105600.0,887600.0,16197.59,4,8.94,71.4,24.8,18.0,1
106600.0,991900.0,18100.94,2,3.83,60.3,38.2,18.0,1
58400.0,433300.0,7907.19,3,2.03,93.7,17.4,5.0,1
117700.0,1222800.0,22314.58,6,0.78,80.6,21.0,0.0,1
27800.0,292900.0,5345.06,8,0.51,59.2,13.8,5.0,0
160600.0,1529300.0,27907.82,1,7.77,81.7,22.2,0.0,1
36500.0,338600.0,6179.03,4,2.56,75.3,16.9,5.0,1
137300.0,1097100.0,20020.71,1,0.99,44.0,32.2,0.0,1
29500.0,248700.0,4538.47,3,1.02,82.4,38.9,18.0,1
119300.0,862400.0,15737.73,1,1.05,55.1,30.7,0.0,1
52400.0,495900.0,9049.56,0,5.87,80.3,35.9,18.0,1
82200.0,738000.0,13467.58,2,5.03,61.8,20.6,5.0,1
67600.0,515700.0,9410.88,2,7.86,73.7,40.3,5.0,1
139800.0,1356700.0,24758.09,2,0.79,85.3,32.1,18.0,1
74100.0,621900.0,11348.9,5,1.57,71.0,20.6,5.0,1
28200.0,236700.0,4319.48,5,0.41,69.2,51.4,5.0,1
79800.0,819700.0,14958.5,3,6.42,81.7,44.2,5.0,1
58700.0,608500.0,11104.37,1,4.85,77.1,31.7,0.0,1
51200.0,529400.0,9660.89,4,1.8,70.2,19.5,5.0,1
53100.0,400200.0,7303.15,3,0.83,72.0,47.7,5.0,1
26300.0,254800.0,4649.78,2,2.77,87.1,65.9,18.0,1
49300.0,392800.0,7168.11,2,0.47,69.5,24.2,5.0,1
94900.0,814100.0,14856.31,4,0.42,71.5,19.5,5.0,1
114900.0,1015500.0,18531.61,4,3.81,68.3,33.1,18.0,1
45300.0,500200.0,9128.03,4,6.88,80.6,39.5,5.0,1
158400.0,1242600.0,22675.9,2,1.36,53.3,21.3,0.0,1
40400.0,444500.0,8111.57,4,1.14,79.6,16.4,5.0,1
55100.0,539900.0,9852.5,5,0.53,66.2,16.0,5.0,1
38700.0,375200.0,6846.93,2,0.86,44.0,23.1,0.0,1
22600.0,180600.0,3295.73,3,0.88,70.3,16.2,5.0,1
19200.0,171100.0,3122.36,6,0.9,66.5,35.5,5.0,1
98700.0,922100.0,16827.18,5,0.27,78.8,11.9,5.0,0
162000.0,1573300.0,28710.77,2,1.25,81.0,24.4,0.0,1
34000.0,275600.0,5029.36,4,2.16,72.7,11.2,5.0,1
125200.0,1267500.0,23130.3,4,6.97,61.9,22.9,18.0,1
87100.0,642500.0,11724.82,2,4.27,84.2,25.1,0.0,1
51900.0,397800.0,7259.35,2,5.61,69.5,18.2,5.0,1
37600.0,415600.0,7584.18,2,1.05,65.3,17.9,0.0,1
34400.0,314700.0,5742.88,2,2.48,78.4,52.4,18.0,1
124800.0,1277000.0,23303.66,2,1.68,67.1,15.3,18.0,1
66700.0,484700.0,8845.17,1,1.43,75.6,27.3,0.0,1
116300.0,1152100.0,21024.39,6,1.46,84.2,15.2,5.0,1
131600.0,1180600.0,21544.48,3,3.57,82.2,14.9,18.0,1
45400.0,327600.0,5978.29,4,0.39,69.5,25.9,0.0,1
50200.0,412200.0,7522.14,6,2.28,59.4,20.4,5.0,1
40800.0,327300.0,5972.82,0,8.83,80.3,21.4,0.0,1
80700.0,760700.0,13881.83,2,1.19,57.7,29.9,18.0,1
51300.0,402800.0,7350.6,2,3.44,55.9,33.1,0.0,1
191100.0,2068100.0,37740.25,3,0.57,72.8,16.6,18.0,0
31800.0,319700.0,5834.13,1,2.08,65.7,22.3,0.0,1
79100.0,742800.0,13555.18,1,4.63,67.2,26.4,0.0,1
101400.0,1022800.0,18664.83,1,6.46,76.6,15.8,5.0,1
149700.0,1303900.0,23794.55,5,0.94,66.8,22.2,18.0,1
70500.0,684900.0,12498.57,3,1.82,60.7,20.9,0.0,1
192000.0,1964500.0,35849.68,5,1.43,69.8,28.5,0.0,1
58500.0,548200.0,10003.97,4,3.81,53.0,21.4,5.0,1
100000.0,924700.0,16874.62,3,3.99,63.4,42.4,18.0,1
129400.0,955000.0,17427.56,4,2.66,66.3,23.3,18.0,1
57600.0,486200.0,8872.54,2,0.53,76.3,13.9,5.0,1
50100.0,390800.0,7131.61,1,1.16,75.8,47.9,5.0,1
85900.0,734100.0,13396.41,0,8.04,92.0,37.0,18.0,1
238100.0,1775700.0,32404.31,2,2.54,58.3,17.9,18.0,1
107200.0,903100.0,16480.45,3,1.6,93.3,18.7,18.0,1
45200.0,444500.0,8111.57,4,0.55,67.6,19.0,5.0,1
29900.0,248500.0,4534.82,2,0.93,78.7,27.7,0.0,1
101900.0,937200.0,17102.73,7,0.46,65.1,17.7,5.0,0
68400.0,633900.0,11567.89,3,3.86,56.8,33.0,18.0,1
106600.0,1036500.0,18914.83,3,6.38,75.5,22.9,0.0,1
49300.0,480500.0,8768.53,3,3.01,59.8,23.2,5.0,1
108500.0,920000.0,16788.85,5,0.8,78.4,13.0,5.0,1
119100.0,1080400.0,19715.95,3,0.73,83.6,14.0,5.0,1
143500.0,1116800.0,20380.21,5,0.86,78.1,21.2,0.0,1
50600.0,376100.0,6863.36,2,0.84,67.6,21.8,0.0,1
180100.0,1335500.0,24371.21,5,0.7,76.5,13.5,18.0,1
143500.0,1049200.0,19146.59,0,5.21,77.7,28.9,0.0,1
113600.0,845400.0,15427.5,1,2.4,73.9,39.1,18.0,1
146600.0,1467300.0,26776.4,0,9.33,71.9,23.0,0.0,1
26200.0,251300.0,4585.91,2,1.17,58.3,41.8,18.0,1
168800.0,1616400.0,29497.29,2,1.24,61.0,32.3,0.0,1
50400.0,513500.0,9370.74,2,3.36,66.4,40.5,5.0,1
84400.0,794900.0,14505.94,0,7.01,67.5,22.0,0.0,1
63000.0,673200.0,12285.06,6,0.18,76.2,37.1,5.0,0
64300.0,504500.0,9206.5,2,7.67,42.6,37.5,18.0,1
76900.0,684900.0,12498.57,1,1.9,77.2,17.9,0.0,1
114100.0,1059400.0,19332.73,1,2.38,65.9,31.0,0.0,1
75800.0,658800.0,12022.28,1,0.79,95.9,24.5,0.0,1
102000.0,936500.0,17089.96,4,11.1,74.1,21.2,5.0,1
102000.0,804000.0,14672.0,2,1.49,68.3,20.0,0.0,1
115900.0,1265500.0,23093.8,5,0.56,81.7,16.0,5.0,1
151300.0,1204500.0,21980.63,6,0.76,76.9,26.6,0.0,1
100900.0,773000.0,14106.29,4,1.75,62.7,14.8,5.0,1
171900.0,1394800.0,25453.36,1,5.62,58.7,24.7,0.0,1
17100.0,171700.0,3133.31,3,1.92,88.7,23.9,5.0,1
106700.0,950900.0,17352.74,6,0.2,67.1,15.1,5.0,0
67100.0,662200.0,12084.33,1,0.47,90.0,29.3,0.0,1
45800.0,432900.0,7899.89,3,0.59,77.4,17.3,5.0,1
40700.0,385600.0,7036.72,2,0.92,66.7,17.0,5.0,1
102400.0,944500.0,17235.95,1,7.37,48.3,24.6,0.0,1
31700.0,272900.0,4980.09,4,2.57,85.0,14.4,5.0,1
69900.0,712100.0,12994.94,4,2.47,71.7,42.9,18.0,1
114800.0,896400.0,16358.18,5,0.75,79.8,12.0,5.0,1
138100.0,1201900.0,21933.18,3,0.97,54.0,25.9,0.0,1
121900.0,888100.0,16206.72,0,5.08,86.9,23.5,0.0,1
74800.0,648400.0,11832.49,6,1.0,68.0,18.3,5.0,1
32900.0,266100.0,4855.99,4,3.01,60.9,15.5,5.0,1
142900.0,1440900.0,26294.63,0,7.78,61.8,21.7,0.0,1
138700.0,1030400.0,18803.52,1,1.6,86.8,27.6,0.0,1
52700.0,464100.0,8469.25,3,3.03,89.4,27.2,0.0,1
57800.0,570200.0,10405.44,2,2.68,60.5,23.6,5.0,1
114500.0,992200.0,18106.41,6,1.1,64.5,18.5,5.0,1
142100.0,1487600.0,27146.85,3,0.99,62.1,22.5,0.0,1
162700.0,1800100.0,32849.58,3,2.36,54.4,24.6,0.0,1
51000.0,528000.0,9635.34,6,0.27,56.6,17.1,5.0,0
116400.0,992000.0,18102.76,3,4.73,50.4,21.1,5.0,1
65000.0,524100.0,9564.17,3,4.51,78.8,15.4,5.0,1
184000.0,1357200.0,24767.21,1,3.18,75.3,23.8,0.0,1
40100.0,320100.0,5841.43,1,10.83,76.7,36.8,0.0,1
160900.0,1260900.0,23009.86,5,0.47,67.8,17.7,0.0,1
56100.0,456500.0,8330.56,3,0.48,59.1,17.6,18.0,1
80800.0,707000.0,12901.87,1,2.61,82.0,31.1,0.0,1
14000.0,146600.0,2675.27,3,0.78,78.7,36.4,5.0,1
30900.0,249400.0,4551.24,7,0.16,62.8,15.4,5.0,0
109900.0,1101400.0,20099.18,10,0.96,57.7,20.3,5.0,0
121300.0,1184700.0,21619.3,1,4.37,60.9,19.0,0.0,1
36400.0,274200.0,5003.81,2,5.67,74.1,17.2,5.0,1
110700.0,1005200.0,18343.65,6,0.8,56.4,18.2,5.0,1
106800.0,907600.0,16562.57,1,6.71,76.7,20.7,0.0,1
31000.0,250000.0,4562.19,4,2.23,87.1,40.2,18.0,1
113800.0,969900.0,17699.47,1,8.25,49.0,23.3,0.0,1
160800.0,1662000.0,30329.43,1,3.51,68.9,19.0,18.0,1
98400.0,814000.0,14854.49,2,8.82,49.9,20.7,5.0,1
78400.0,602500.0,10994.87,5,0.6,64.1,26.5,0.0,1
15600.0,121600.0,2219.05,3,7.02,83.1,52.7,5.0,1
146900.0,1598200.0,29165.16,2,7.42,82.6,32.2,0.0,1
145800.0,1538900.0,28083.01,2,3.24,67.4,30.1,0.0,1
99800.0,963400.0,17580.85,1,0.42,70.3,23.5,0.0,1
180300.0,1735900.0,31678.01,2,1.33,74.3,37.5,0.0,1
118200.0,951500.0,17363.69,2,1.77,89.8,16.4,5.0,1
33500.0,304700.0,5560.4,4,0.64,78.1,34.6,0.0,1
163600.0,1258500.0,22966.06,3,1.05,84.5,29.8,0.0,1
105600.0,919900.0,16787.03,2,0.44,50.5,18.1,0.0,1
42100.0,393700.0,7184.53,3,2.84,65.2,13.7,5.0,1
87500.0,728400.0,13292.39,3,1.09,67.7,14.5,5.0,1
88900.0,731900.0,13356.26,0,9.7,76.1,23.3,0.0,1
48600.0,474900.0,8666.33,1,1.5,76.7,21.3,0.0,1
48000.0,444400.0,8109.75,1,2.71,83.6,26.7,18.0,1
106400.0,1039300.0,18965.93,0,7.41,70.9,29.8,0.0,1
154900.0,1106500.0,20192.25,4,3.4,77.5,18.4,0.0,1
156600.0,1410200.0,25734.39,1,4.68,80.9,17.3,0.0,1
161700.0,1338900.0,24433.26,2,1.14,95.6,19.1,0.0,1
88400.0,866800.0,15818.02,4,0.45,69.7,21.4,18.0,1
31500.0,237300.0,4330.43,2,2.27,74.2,14.9,5.0,1
147000.0,1394800.0,25453.36,1,5.93,87.3,26.4,0.0,1
37900.0,303400.0,5536.67,1,0.62,54.7,20.0,0.0,1
192100.0,1540000.0,28103.08,3,3.27,83.1,18.6,18.0,1
81000.0,628900.0,11476.64,4,0.97,84.8,28.8,0.0,1
30700.0,305100.0,5567.7,5,2.61,60.0,22.1,18.0,1
76600.0,680900.0,12425.58,4,1.51,69.9,44.8,5.0,1
47300.0,391600.0,7146.21,1,4.36,69.9,25.6,0.0,1
109400.0,949500.0,17327.19,3,0.35,73.3,22.3,5.0,1
149800.0,1430500.0,26104.84,2,1.8,83.3,17.5,0.0,1
70900.0,622600.0,11361.67,1,2.21,82.4,29.1,0.0,1
108500.0,956500.0,17454.93,3,1.13,66.3,18.3,5.0,1
107900.0,858600.0,15668.38,1,0.87,70.7,28.0,0.0,1
230900.0,2022900.0,36915.41,2,1.82,86.4,16.6,18.0,1
87100.0,851100.0,15531.52,7,0.54,59.0,14.2,5.0,0
45100.0,345500.0,6304.94,1,1.68,96.0,20.5,0.0,1
116000.0,1256500.0,22929.56,3,4.66,81.5,11.7,18.0,1
110500.0,1213500.0,22144.86,1,1.67,80.4,37.2,0.0,1
92200.0,954800.0,17423.91,5,0.35,52.6,17.0,5.0,0
51900.0,446700.0,8151.72,1,2.4,64.0,20.9,18.0,1
141700.0,1432200.0,26135.87,2,2.63,77.8,12.8,18.0,1
63400.0,613600.0,11197.44,1,3.86,71.9,18.8,5.0,1
102900.0,775100.0,14144.61,2,8.3,77.5,17.7,18.0,1
113900.0,941500.0,17181.2,3,2.25,39.5,34.1,18.0,1
136400.0,1069400.0,19515.22,4,0.9,92.0,34.8,18.0,1
96000.0,717100.0,13086.18,5,0.37,66.5,16.4,5.0,1
29500.0,259800.0,4741.03,1,1.02,95.8,26.9,0.0,1
68800.0,624700.0,11400.0,1,4.52,78.7,22.5,0.0,1
24200.0,179500.0,3275.65,3,0.77,91.4,37.0,5.0,1
41300.0,355700.0,6491.08,3,0.44,84.7,20.7,18.0,1
91000.0,919800.0,16785.2,5,3.29,64.6,24.0,0.0,1
130400.0,1309300.0,23893.09,2,0.32,68.4,17.8,0.0,1
23600.0,178600.0,3259.23,2,2.57,69.4,34.8,5.0,1
153600.0,1561200.0,28489.96,0,5.57,65.8,24.2,0.0,1
14200.0,125600.0,2292.04,4,3.58,61.7,43.3,18.0,1
42700.0,407000.0,7427.24,1,3.29,61.2,26.8,0.0,1
33000.0,236900.0,4323.13,6,2.29,58.6,16.2,5.0,1
99900.0,733000.0,13376.34,2,0.62,86.8,19.6,0.0,1
100500.0,1110200.0,20259.77,7,1.56,61.3,17.9,5.0,1
61300.0,473500.0,8640.79,2,6.75,70.9,37.1,5.0,1
127800.0,1122700.0,20487.88,3,2.03,71.5,25.9,0.0,1
80000.0,809200.0,14766.89,1,4.84,60.4,23.6,0.0,1
90700.0,810300.0,14786.97,4,5.29,79.5,15.0,18.0,1
54200.0,416700.0,7604.26,1,8.03,59.8,18.1,0.0,1
101500.0,943500.0,17217.7,7,0.29,86.3,20.3,5.0,1
107500.0,847800.0,15471.29,4,1.89,69.6,15.4,5.0,1
15400.0,125100.0,2282.92,5,0.42,70.6,47.6,5.0,1
44600.0,381000.0,6952.78,4,4.08,58.5,14.9,5.0,1
166200.0,1298100.0,23688.71,0,8.22,58.5,24.3,0.0,1
54000.0,473500.0,8640.79,6,0.19,72.3,17.3,5.0,0
23300.0,196600.0,3587.71,4,1.49,76.6,39.6,5.0,1
94200.0,951100.0,17356.39,1,0.53,83.9,19.1,0.0,1
15500.0,132100.0,2410.66,3,0.5,59.2,47.3,5.0,1
130100.0,977900.0,17845.46,4,2.26,69.4,28.6,18.0,1
90100.0,756100.0,13797.88,2,1.58,62.8,33.5,0.0,1
113500.0,1194600.0,21799.96,9,1.28,35.0,30.1,18.0,0
98200.0,1036800.0,18920.31,5,1.11,71.0,29.7,0.0,1
137000.0,1278600.0,23332.86,3,0.58,56.8,34.6,0.0,1
76700.0,565400.0,10317.85,1,0.41,88.7,48.3,5.0,1
119800.0,1330800.0,24285.44,2,3.65,64.5,17.7,5.0,1
100700.0,773800.0,14120.89,1,2.65,57.5,27.0,0.0,1
80500.0,641400.0,11704.75,6,0.44,91.6,26.1,18.0,1
55400.0,490200.0,8945.54,1,0.43,86.7,24.3,0.0,1
19200.0,188600.0,3441.72,4,5.31,66.4,42.9,5.0,1
148500.0,1188600.0,21690.47,2,2.34,79.5,35.3,18.0,1
233400.0,1864200.0,34019.33,2,0.59,62.1,14.0,18.0,1
139800.0,1202300.0,21940.48,0,4.81,67.4,28.0,0.0,1
167500.0,1288200.0,23508.05,1,1.65,85.7,28.6,0.0,1
89400.0,802500.0,14644.63,2,0.54,55.8,25.8,0.0,1
81000.0,786500.0,14352.65,0,7.47,60.5,29.6,0.0,1
56300.0,441800.0,8062.3,3,0.84,62.0,35.4,18.0,1
139600.0,1007500.0,18385.62,1,1.89,75.5,16.1,18.0,1
100800.0,867200.0,15825.32,2,3.43,83.0,25.8,0.0,1
38200.0,310800.0,5671.71,3,3.11,64.6,29.3,0.0,1
58400.0,472800.0,8628.01,3,2.38,60.6,27.2,0.0,1
56000.0,427400.0,7799.52,1,3.97,56.6,16.0,5.0,1
51900.0,513500.0,9370.74,3,0.51,80.9,18.9,18.0,1
181300.0,1918100.0,35002.94,2,4.3,78.5,31.3,0.0,1
119700.0,1178200.0,21500.68,2,1.31,62.1,29.9,0.0,1
57200.0,475300.0,8673.63,3,7.33,62.7,26.1,0.0,1
186500.0,1848300.0,33729.17,1,2.39,88.5,20.4,18.0,1
82000.0,714300.0,13035.09,1,3.65,75.3,15.6,5.0,1
99600.0,828400.0,15117.27,4,0.83,72.1,29.3,18.0,1
33800.0,317200.0,5788.51,2,0.94,71.5,17.1,5.0,1
46300.0,355500.0,6487.43,3,1.62,63.4,37.3,5.0,1
50100.0,402500.0,7345.12,7,0.31,76.9,41.0,5.0,1
41900.0,332100.0,6060.41,4,2.35,82.5,17.3,5.0,1
218200.0,1582200.0,28873.18,3,5.61,83.6,14.9,18.0,1
87000.0,763900.0,13940.22,1,3.31,71.2,10.4,5.0,1
40300.0,337100.0,6151.66,1,1.32,80.2,20.5,0.0,1
39500.0,387500.0,7071.39,5,2.72,78.0,17.1,5.0,1
116500.0,1149800.0,20982.42,1,2.88,60.0,38.2,0.0,1
117600.0,1101800.0,20106.48,5,1.07,68.6,12.0,5.0,1
125100.0,898700.0,16400.16,5,0.42,78.9,24.9,0.0,1
89300.0,808400.0,14752.29,2,11.0,81.3,33.9,18.0,1
57300.0,470200.0,8580.56,2,1.01,83.7,36.3,18.0,1
72100.0,711300.0,12980.34,1,1.42,60.2,48.8,18.0,1
104100.0,805100.0,14692.07,2,0.32,55.1,35.0,18.0,1
15200.0,118600.0,2164.3,0,5.06,56.7,21.9,5.0,1
60100.0,576300.0,10516.76,1,3.17,82.3,26.8,0.0,1
48900.0,442100.0,8067.77,2,5.92,76.6,26.0,5.0,1
90100.0,968800.0,17679.39,2,2.71,72.9,26.9,0.0,1
133400.0,1431600.0,26124.92,2,3.44,45.9,25.1,0.0,1
35600.0,283200.0,5168.05,5,0.18,69.2,47.3,5.0,1
105600.0,884100.0,16133.72,1,1.36,61.1,17.2,5.0,1
48300.0,414100.0,7556.81,0,9.57,69.8,43.6,5.0,1
57200.0,576600.0,10522.23,1,2.92,65.6,24.1,0.0,1
66200.0,619100.0,11297.8,0,9.73,77.5,24.5,18.0,1
133400.0,1281000.0,23376.65,4,1.02,67.6,23.5,0.0,1
17000.0,188300.0,3436.24,5,0.2,76.7,14.7,5.0,0
95300.0,697100.0,12721.21,3,7.44,62.2,14.7,5.0,1
100700.0,848900.0,15491.37,3,2.99,74.6,18.2,5.0,1
32800.0,265100.0,4837.74,1,3.67,75.7,67.7,18.0,1
100600.0,768300.0,14020.52,3,3.54,62.2,16.4,18.0,1
75500.0,710300.0,12962.09,2,2.16,94.5,17.0,5.0,1
15900.0,130800.0,2386.94,4,2.7,73.6,15.7,5.0,1
65100.0,542900.0,9907.25,3,0.77,73.0,14.8,5.0,1
77300.0,625500.0,11414.6,4,2.05,60.9,12.4,5.0,1
101900.0,1046000.0,19088.2,6,0.95,58.3,11.6,5.0,0
249300.0,1932000.0,35256.59,2,2.17,85.2,13.5,18.0,1
42500.0,333100.0,6078.66,2,6.94,62.8,46.5,5.0,1
64400.0,624600.0,11398.17,2,2.48,67.8,25.0,0.0,1
113900.0,1219800.0,22259.83,2,2.3,67.9,28.7,0.0,1
50400.0,394100.0,7191.83,5,0.47,64.0,31.8,5.0,1
27100.0,197600.0,3605.95,5,1.23,81.8,44.4,5.0,1
45500.0,364600.0,6653.5,1,8.82,77.8,31.9,0.0,1
17400.0,128900.0,2352.26,7,0.38,87.2,48.5,5.0,1
82600.0,609900.0,11129.92,0,5.21,96.0,17.6,5.0,1
108500.0,837100.0,15276.03,0,6.52,46.7,26.9,0.0,1
77000.0,593200.0,10825.16,1,0.45,67.4,33.0,0.0,1
135600.0,1300500.0,23732.51,1,7.94,66.5,22.4,18.0,1
149600.0,1260700.0,23006.21,2,2.26,55.9,20.3,0.0,1
172700.0,1772500.0,32345.92,2,0.34,61.2,30.0,0.0,1
182100.0,1570100.0,28652.37,2,0.38,66.8,24.7,0.0,1
114100.0,876100.0,15987.73,7,0.19,46.8,12.6,5.0,0
175700.0,1943300.0,35462.81,3,2.64,66.1,22.3,0.0,1
42200.0,340600.0,6215.53,3,0.58,46.1,29.7,0.0,1
195900.0,2026000.0,36971.98,2,8.7,56.0,14.4,18.0,1
111500.0,1107700.0,20214.15,2,1.36,82.9,34.8,0.0,1
27200.0,274500.0,5009.28,2,1.31,71.0,15.0,5.0,1
30900.0,273600.0,4992.86,8,1.33,86.1,16.7,5.0,1
133600.0,1035100.0,18889.29,1,3.21,77.9,32.1,0.0,1
12900.0,115100.0,2100.43,6,0.11,81.4,47.6,5.0,1
119300.0,928100.0,16936.67,7,0.53,79.7,12.0,5.0,1
157000.0,1349700.0,24630.34,1,5.01,83.5,13.5,18.0,1
60800.0,584400.0,10664.57,3,0.5,92.4,24.1,0.0,1
129500.0,1290100.0,23542.72,3,1.5,69.0,24.9,0.0,1
122300.0,900600.0,16434.83,3,2.4,83.5,20.9,0.0,1
105700.0,984000.0,17956.77,5,0.34,82.0,19.8,5.0,1
31100.0,288800.0,5270.24,1,5.69,72.3,43.6,5.0,1
69100.0,587200.0,10715.67,4,0.69,69.8,26.9,5.0,1
47400.0,450600.0,8222.89,2,2.69,80.1,26.7,0.0,1
80900.0,671000.0,12244.91,3,1.73,55.4,15.3,5.0,1
45300.0,370200.0,6755.69,2,0.58,52.5,24.2,0.0,1
98600.0,759100.0,13852.63,2,0.43,67.7,30.6,0.0,1
31000.0,292400.0,5335.94,4,4.33,76.8,12.7,5.0,1
119500.0,1135300.0,20717.81,3,3.5,71.8,13.7,5.0,1
89900.0,672900.0,12279.59,3,1.41,59.0,41.9,18.0,1
64100.0,505600.0,9226.57,4,0.96,67.7,44.8,5.0,1
57300.0,486900.0,8885.32,2,2.13,66.8,27.1,0.0,1
66500.0,570000.0,10401.79,3,6.41,74.3,20.1,5.0,1
45700.0,361600.0,6598.75,0,8.72,70.1,27.8,18.0,1
44800.0,320800.0,5854.2,4,3.46,84.7,14.2,5.0,1
44600.0,381100.0,6954.6,1,0.7,71.4,29.0,0.0,1
59200.0,456500.0,8330.56,2,1.29,56.4,46.9,5.0,1
103800.0,821700.0,14995.0,2,0.71,77.9,25.1,0.0,1
110800.0,946900.0,17279.75,3,2.22,62.8,18.2,5.0,1
60000.0,434100.0,7921.78,4,0.95,66.4,11.2,5.0,1
158500.0,1479000.0,26989.91,4,3.24,54.4,16.3,18.0,1
33500.0,304300.0,5553.1,0,8.14,68.3,26.5,0.0,1
74100.0,581600.0,10613.48,5,0.12,74.9,47.5,5.0,1
74400.0,662500.0,12089.8,3,11.49,67.5,34.8,5.0,1
69300.0,515400.0,9405.41,5,2.37,72.5,22.4,0.0,1
47800.0,504600.0,9208.32,4,0.63,77.0,17.5,5.0,1
70900.0,605200.0,11044.15,4,6.63,69.5,18.9,18.0,1
60500.0,508700.0,9283.14,0,6.75,80.5,28.4,0.0,1
130800.0,1185500.0,21633.9,1,2.37,63.6,24.9,0.0,1
118500.0,990000.0,18066.27,0,6.31,72.9,24.2,0.0,1
181900.0,1989700.0,36309.55,0,8.33,56.8,18.5,18.0,1
27200.0,264300.0,4823.15,4,0.78,75.5,43.9,5.0,1
104100.0,800000.0,14599.0,5,0.33,65.8,19.4,5.0,1
54700.0,462300.0,8436.4,6,0.13,53.6,15.6,5.0,0
198900.0,1779500.0,32473.66,2,6.24,47.9,29.7,0.0,1
75900.0,595700.0,10870.78,8,0.43,77.6,17.2,5.0,1
148400.0,1255300.0,22907.66,2,3.5,65.1,26.5,0.0,1
42100.0,316800.0,5781.21,0,5.23,74.2,25.9,0.0,1
81500.0,694700.0,12677.41,1,0.62,90.7,15.5,18.0,1
19600.0,215600.0,3934.43,3,5.77,64.0,54.7,18.0,1
55900.0,527800.0,9631.69,3,1.18,64.7,20.9,0.0,1
61100.0,545300.0,9951.05,0,8.59,56.3,22.5,18.0,1
110300.0,998400.0,18219.56,4,0.51,94.8,12.9,5.0,1
70600.0,698300.0,12743.11,3,2.77,59.0,29.6,18.0,1
165700.0,1562900.0,28520.98,4,1.03,68.9,20.8,0.0,1
35900.0,331000.0,6040.34,3,0.92,54.0,23.0,0.0,1
139600.0,1342500.0,24498.95,2,1.24,80.7,25.2,0.0,1
114400.0,877400.0,16011.46,0,9.19,94.6,34.2,0.0,1
159700.0,1663400.0,30354.98,4,1.89,75.8,16.7,0.0,1
135000.0,1288600.0,23515.35,2,0.55,72.4,17.3,0.0,1
29800.0,251800.0,4595.04,1,2.33,71.5,24.7,0.0,1
80100.0,604400.0,11029.55,4,0.86,64.8,16.5,5.0,1
67200.0,580800.0,10598.88,1,1.01,80.4,27.3,0.0,1
85100.0,737700.0,13462.11,3,1.39,76.3,18.3,5.0,1
48400.0,387500.0,7071.39,3,0.66,91.8,37.4,5.0,1
84500.0,779700.0,14228.55,7,0.33,82.7,18.1,5.0,0
111900.0,829600.0,15139.17,0,7.12,64.4,24.1,0.0,1
48200.0,374800.0,6839.63,2,0.79,58.7,26.3,0.0,1
148700.0,1116200.0,20369.26,3,1.2,66.9,32.9,18.0,1
105200.0,1073800.0,19595.51,5,0.32,69.9,35.3,0.0,1
49500.0,513400.0,9368.91,1,2.9,89.7,34.8,18.0,1
36900.0,309900.0,5655.29,3,0.34,71.4,26.1,0.0,1
116100.0,916200.0,16719.51,1,0.8,63.0,20.4,18.0,1
35300.0,325900.0,5947.27,3,2.95,47.5,56.7,18.0,1
40700.0,331700.0,6053.11,4,0.71,71.9,14.8,5.0,1
197000.0,2102000.0,38358.88,2,3.61,76.1,26.3,0.0,1
101400.0,1083600.0,19774.35,1,3.17,35.0,20.2,0.0,1
139000.0,1390700.0,25378.54,2,2.01,55.6,31.8,0.0,1
101200.0,800100.0,14600.83,4,2.14,77.3,10.2,5.0,1
57500.0,602300.0,10991.23,2,3.47,86.8,40.4,5.0,1
115100.0,1114000.0,20329.11,1,0.38,72.0,24.1,0.0,1
134800.0,1015300.0,18527.96,1,0.68,77.7,25.3,0.0,1
54700.0,392800.0,7168.11,3,2.97,51.6,47.2,18.0,1
80900.0,626200.0,11427.37,2,3.75,85.4,22.4,0.0,1
65700.0,552900.0,10089.74,2,5.14,68.8,21.7,0.0,1
57600.0,618700.0,11290.5,2,1.19,91.5,28.3,0.0,1
110000.0,851700.0,15542.46,4,2.98,73.9,24.6,0.0,1
81800.0,660300.0,12049.65,4,5.56,76.2,31.0,0.0,1
66900.0,508700.0,9283.14,2,2.64,68.8,30.1,18.0,1
77300.0,687500.0,12546.02,3,1.28,72.8,35.5,5.0,1
117300.0,863500.0,15757.8,3,1.61,50.2,16.4,18.0,1
80600.0,737200.0,13452.98,5,0.88,62.6,14.7,5.0,1
101000.0,833500.0,15210.34,3,1.42,94.6,24.8,5.0,1
67800.0,546200.0,9967.47,4,1.34,56.6,17.6,5.0,1
64300.0,504200.0,9201.02,4,3.44,63.4,49.8,5.0,1
136100.0,1370200.0,25004.44,0,7.55,76.4,24.1,0.0,1
138900.0,1038400.0,18949.51,3,0.91,61.6,23.9,18.0,1
71300.0,735300.0,13418.31,2,1.04,68.3,36.2,5.0,1
95100.0,1030100.0,18798.04,6,0.45,78.7,29.0,0.0,0
122200.0,1215000.0,22172.24,2,1.83,64.5,32.1,18.0,1
23800.0,188300.0,3436.24,5,0.41,69.9,24.9,18.0,1
74500.0,554900.0,10126.23,4,1.84,70.8,12.6,5.0,1
43600.0,328300.0,5991.07,5,0.64,76.0,62.2,18.0,1
151900.0,1293500.0,23604.76,2,2.35,78.2,26.9,0.0,1
36600.0,271400.0,4952.71,4,1.49,54.3,10.7,5.0,1
171900.0,1551400.0,28311.12,2,0.53,91.8,22.9,0.0,1
90100.0,743400.0,13566.12,1,5.88,87.4,18.9,0.0,1
75500.0,659100.0,12027.75,2,1.5,64.7,30.5,0.0,1
56000.0,545600.0,9956.52,3,1.57,76.2,21.1,0.0,1
26000.0,277200.0,5058.55,1,2.25,54.1,36.1,5.0,1
112500.0,990700.0,18079.04,5,0.3,80.5,16.1,5.0,1
77700.0,587500.0,10721.14,5,0.12,65.2,15.2,5.0,0
153700.0,1212400.0,22124.79,2,3.86,93.3,24.4,18.0,1
148200.0,1315100.0,23998.94,2,0.71,87.3,26.1,0.0,1
66700.0,567700.0,10359.82,3,1.83,65.3,13.0,5.0,1
16600.0,135900.0,2480.01,5,0.19,60.0,46.4,18.0,1
54200.0,490200.0,8945.54,2,1.78,61.4,16.3,5.0,1
161000.0,1631800.0,29778.32,0,6.87,56.1,17.7,0.0,1
129100.0,1250200.0,22814.59,0,8.5,84.3,30.0,0.0,1
70200.0,571500.0,10429.16,4,4.9,54.2,33.5,0.0,1
62500.0,472100.0,8615.24,1,4.96,64.4,19.8,5.0,1
90700.0,961900.0,17553.48,1,2.48,57.5,23.3,0.0,1
40700.0,385200.0,7029.42,2,3.03,64.3,31.6,0.0,1
147800.0,1361000.0,24836.56,1,1.47,64.5,18.0,18.0,1
58900.0,441800.0,8062.3,2,2.49,71.9,15.0,0.0,1
134000.0,1154500.0,21068.19,1,1.65,79.3,31.6,0.0,1
72200.0,644600.0,11763.15,1,1.2,65.6,51.8,5.0,1
143500.0,1389000.0,25347.52,2,0.35,65.7,17.5,18.0,1
41300.0,390800.0,7131.61,2,1.05,56.1,21.1,0.0,1
105300.0,846300.0,15443.92,3,3.11,68.4,16.4,5.0,1
31200.0,332000.0,6058.59,1,1.43,87.5,21.9,0.0,1
127200.0,1301900.0,23758.05,2,1.5,68.3,31.6,0.0,1
42200.0,312100.0,5695.44,4,3.37,70.2,19.5,5.0,1
126300.0,1109900.0,20254.29,1,2.28,69.6,29.2,0.0,1
71600.0,532900.0,9724.76,2,4.85,71.3,36.1,5.0,1
176100.0,1872500.0,34170.79,0,9.08,84.4,19.4,0.0,1
72600.0,583200.0,10642.67,4,0.89,94.6,43.9,5.0,1
72100.0,582900.0,10637.2,1,4.95,55.4,23.9,0.0,1
77900.0,656200.0,11974.83,1,1.46,57.9,23.8,0.0,1
105300.0,1098600.0,20048.08,2,2.21,74.3,28.6,18.0,1
113600.0,912600.0,16653.81,4,4.37,76.0,27.1,0.0,1
81600.0,670400.0,12233.97,3,0.72,67.5,13.8,5.0,1
38500.0,318600.0,5814.05,5,0.62,54.5,18.1,18.0,1
93600.0,702100.0,12812.45,6,0.78,59.0,16.8,5.0,1
43000.0,331500.0,6049.46,4,0.83,81.0,18.4,18.0,1
18100.0,188900.0,3447.19,2,0.79,61.3,44.2,5.0,1
59200.0,507600.0,9263.07,7,0.79,64.8,36.4,5.0,1
164600.0,1332000.0,24307.34,2,4.58,70.1,15.8,18.0,1
100200.0,727700.0,13279.62,5,0.38,42.6,20.5,5.0,1
53200.0,439200.0,8014.85,0,8.25,76.8,40.4,18.0,1
85400.0,658600.0,12018.63,2,0.73,59.8,19.8,18.0,1
54900.0,415700.0,7586.01,3,1.31,55.1,28.1,18.0,1
52300.0,413600.0,7547.69,3,1.98,35.0,21.6,5.0,1
16700.0,177300.0,3235.5,4,0.89,51.6,15.5,5.0,1
75200.0,712600.0,13004.06,3,2.51,79.4,26.3,0.0,1
22800.0,199200.0,3635.15,5,0.28,64.6,22.2,5.0,1
71300.0,613500.0,11195.61,5,0.5,63.5,17.3,5.0,1
189900.0,1601600.0,29227.21,1,0.62,78.4,27.4,0.0,1
111900.0,1049500.0,19152.07,6,0.55,63.2,17.1,5.0,1
64000.0,478700.0,8735.68,3,0.54,88.9,31.0,5.0,1
13200.0,130900.0,2388.76,2,11.61,82.4,34.7,5.0,1
109600.0,1023400.0,18675.78,0,7.24,66.3,13.4,5.0,1
146400.0,1594100.0,29090.34,3,2.24,81.0,24.0,0.0,1
36200.0,298800.0,5452.73,5,0.46,69.1,30.8,5.0,1
58200.0,531800.0,9704.69,4,0.92,47.2,61.5,18.0,1
151300.0,1222100.0,22301.8,3,1.31,79.7,24.8,18.0,1
71300.0,557600.0,10175.51,2,1.45,75.6,51.3,5.0,1
24200.0,206400.0,3766.54,2,1.29,79.0,47.1,5.0,1
116800.0,851300.0,15535.17,2,2.08,66.4,25.5,0.0,1
95300.0,966900.0,17644.72,4,0.55,61.1,23.9,0.0,1
158200.0,1209200.0,22066.39,5,0.21,47.8,25.5,18.0,1
10400.0,90500.0,1651.51,5,1.61,79.7,38.7,5.0,1
25500.0,210500.0,3841.36,7,2.71,72.9,11.1,5.0,1
99200.0,974100.0,17776.11,8,2.17,74.7,15.3,5.0,1
60200.0,539600.0,9847.03,4,1.55,79.1,52.8,5.0,1
92400.0,726500.0,13257.72,3,3.64,63.2,16.1,5.0,1
77500.0,553700.0,10104.34,8,0.75,75.7,44.5,5.0,1
26600.0,263100.0,4801.25,3,0.71,61.5,38.6,18.0,1
35600.0,277300.0,5060.38,3,1.67,76.4,16.6,5.0,1
119900.0,1269000.0,23157.67,4,1.66,80.1,18.4,0.0,1
130900.0,1331100.0,24290.92,2,2.12,79.4,24.0,18.0,1
52500.0,378600.0,6908.98,1,6.56,74.1,16.8,5.0,1
99700.0,1074900.0,19615.59,3,4.08,63.5,21.8,5.0,1
39800.0,362200.0,6609.7,3,0.73,48.6,18.6,0.0,1
129400.0,1086700.0,19830.92,3,0.52,73.0,26.6,0.0,1
81700.0,718600.0,13113.56,4,1.1,52.3,11.6,5.0,1
23700.0,189300.0,3454.49,4,5.58,88.4,55.0,5.0,1
88100.0,853800.0,15580.79,1,4.74,67.8,30.4,18.0,1
105900.0,929900.0,16969.52,5,0.47,59.9,18.1,5.0,1
99300.0,1072900.0,19579.09,3,1.02,57.9,26.8,0.0,1
136800.0,1444500.0,26360.33,4,2.85,72.1,26.1,0.0,1
125700.0,1174500.0,21433.16,5,1.25,63.6,22.5,18.0,1
126800.0,964900.0,17608.22,5,0.45,79.2,29.6,0.0,1
77000.0,573400.0,10463.84,5,1.04,55.9,18.0,5.0,1
149500.0,1418700.0,25889.51,3,0.61,62.2,22.0,0.0,1
139100.0,1063900.0,19414.85,2,0.48,90.8,30.2,0.0,1
94600.0,850100.0,15513.27,2,0.76,70.7,8.5,5.0,1
83200.0,600300.0,10954.73,4,2.44,85.8,34.1,18.0,1
74500.0,631900.0,11531.39,0,6.82,61.8,26.2,0.0,1
105600.0,989600.0,18058.97,1,4.27,75.2,48.7,18.0,1
27100.0,290300.0,5297.61,1,2.66,54.8,24.2,18.0,1
185600.0,1556100.0,28396.89,1,0.51,69.0,22.2,18.0,1
73800.0,728400.0,13292.39,1,0.47,80.0,29.1,0.0,1
144100.0,1083200.0,19767.05,2,0.41,58.5,29.6,18.0,1
59900.0,637400.0,11631.76,5,0.19,70.3,53.7,5.0,1
60600.0,662100.0,12082.5,1,3.72,72.5,35.7,0.0,1
27300.0,298500.0,5447.25,1,2.36,73.8,26.6,0.0,1
42400.0,319100.0,5823.18,2,2.03,73.5,26.2,0.0,1
179000.0,1959800.0,35763.91,0,6.22,63.5,27.1,0.0,1
119200.0,1195400.0,21814.56,3,1.64,69.7,24.0,0.0,1
132400.0,1004000.0,18321.75,1,0.65,73.7,20.5,18.0,1
37800.0,277400.0,5062.2,7,2.33,87.6,23.6,5.0,1
142600.0,1050400.0,19168.49,1,3.04,61.9,28.7,18.0,1
48900.0,375800.0,6857.88,0,5.44,86.6,10.1,18.0,1
113700.0,925400.0,16887.4,3,2.32,81.0,14.2,5.0,1
65200.0,496600.0,9062.33,4,1.36,58.7,33.0,0.0,1
90900.0,658600.0,12018.63,0,7.65,71.5,24.5,0.0,1
78500.0,675000.0,12317.91,3,3.09,78.0,55.4,5.0,1
31300.0,258300.0,4713.65,4,8.4,77.2,17.8,5.0,1
136800.0,1231600.0,22475.17,2,0.72,79.0,21.4,0.0,1
112600.0,916300.0,16721.33,2,2.28,59.6,19.3,5.0,1
69500.0,508800.0,9284.97,3,0.82,72.5,14.5,5.0,1
67500.0,724200.0,13215.75,1,0.41,82.2,55.3,5.0,1
91100.0,670200.0,12230.32,3,4.46,96.0,32.9,18.0,1
62500.0,522700.0,9538.62,3,3.83,86.3,33.1,5.0,1
65200.0,659900.0,12042.35,2,1.44,68.9,23.8,0.0,1
102800.0,934300.0,17049.81,2,0.93,69.8,22.7,18.0,1
150100.0,1081300.0,19732.38,0,9.47,79.6,26.3,0.0,1
181300.0,1402300.0,25590.23,0,4.85,56.4,28.9,0.0,1
66300.0,607100.0,11078.82,6,0.47,69.4,14.3,5.0,1
86000.0,878200.0,16026.06,1,2.31,87.4,20.0,0.0,1
131600.0,1064600.0,19427.62,2,0.72,70.3,24.1,0.0,1
57000.0,582300.0,10626.25,1,6.05,65.2,36.3,18.0,1
118100.0,869700.0,15870.94,1,0.84,67.2,29.6,0.0,1
82100.0,807900.0,14743.17,2,3.93,68.5,19.8,18.0,1
53900.0,437200.0,7978.36,3,1.07,78.9,48.5,5.0,1
90400.0,795300.0,14513.23,3,1.12,65.2,19.0,5.0,1
107400.0,1021100.0,18633.8,3,2.2,49.5,27.3,0.0,1
71600.0,666600.0,12164.62,1,0.72,72.5,29.9,0.0,1
34800.0,307100.0,5604.19,1,1.27,49.8,27.5,5.0,1
127300.0,1145800.0,20909.42,0,7.79,73.9,30.7,0.0,1
30400.0,276100.0,5038.48,1,7.03,51.2,21.8,0.0,1
150000.0,1192900.0,21768.94,1,3.33,52.9,24.8,0.0,1
49400.0,384700.0,7020.3,2,4.16,80.5,12.9,5.0,1
149800.0,1146600.0,20924.02,2,0.53,72.0,34.6,0.0,1
30900.0,231400.0,4222.76,1,0.8,71.9,33.9,0.0,1
80800.0,616000.0,11241.23,6,0.44,86.6,13.5,5.0,1
135300.0,1067700.0,19484.2,2,5.73,82.4,27.8,0.0,1
142900.0,1483100.0,27064.73,3,1.06,81.1,34.3,0.0,1
48200.0,374800.0,6839.63,5,0.65,56.2,19.4,5.0,1
41400.0,350000.0,6387.06,2,0.57,83.9,24.6,0.0,1
108000.0,992200.0,18106.41,5,1.7,76.9,13.9,5.0,1
25500.0,204600.0,3733.7,2,6.11,77.8,22.9,0.0,1
90900.0,967500.0,17655.67,1,1.83,64.1,36.2,0.0,1
28400.0,267600.0,4883.37,10,0.13,78.3,50.9,18.0,0
19900.0,151800.0,2770.16,4,1.48,77.6,59.0,5.0,1
49800.0,365300.0,6666.27,3,8.59,67.9,68.0,18.0,1
109200.0,900500.0,16433.0,1,1.88,90.4,18.1,0.0,1
46000.0,455800.0,8317.78,1,4.67,74.0,42.6,5.0,1
122000.0,930400.0,16978.64,2,0.66,77.7,20.0,0.0,1
61400.0,547300.0,9987.54,0,7.15,83.3,25.8,0.0,1
124800.0,1061100.0,19363.75,3,3.38,65.1,27.4,0.0,1
132300.0,1297800.0,23683.23,1,3.15,76.0,25.6,0.0,1
36200.0,372000.0,6788.54,2,0.37,70.6,49.0,5.0,1
94200.0,1021600.0,18642.93,0,9.5,71.6,29.9,0.0,1
95000.0,831500.0,15173.84,9,0.12,72.1,13.8,5.0,0
185800.0,1351200.0,24657.72,0,6.18,71.7,34.9,0.0,1
52700.0,467300.0,8527.64,8,0.27,74.2,13.0,5.0,0
159600.0,1438700.0,26254.48,2,2.04,70.2,24.6,0.0,1
85300.0,819200.0,14949.38,3,0.54,56.6,28.9,0.0,1
19400.0,172000.0,3138.79,8,0.57,72.6,18.5,5.0,1
106000.0,768300.0,14020.52,1,2.32,77.5,25.3,0.0,1
114900.0,956600.0,17456.76,2,1.18,49.3,24.0,0.0,1
25200.0,280000.0,5109.65,2,1.28,81.9,16.6,5.0,1
44500.0,475100.0,8669.98,0,9.57,65.3,14.6,18.0,1
71200.0,509400.0,9295.92,5,0.94,61.4,18.9,5.0,1
125900.0,1346200.0,24566.47,3,6.75,59.0,26.2,0.0,1
38600.0,311000.0,5675.36,3,5.13,68.3,24.3,0.0,1
219600.0,2037000.0,37172.71,1,1.89,64.7,18.3,18.0,1
32800.0,238100.0,4345.03,4,1.83,66.1,11.9,5.0,1
111900.0,1114100.0,20330.94,4,2.15,38.7,28.0,0.0,1
57600.0,548700.0,10013.09,5,0.46,54.2,68.0,18.0,1
105700.0,761100.0,13889.13,4,2.13,84.9,31.3,18.0,1
49200.0,357200.0,6518.46,3,1.82,54.9,40.6,5.0,1
31800.0,239000.0,4361.45,7,0.69,69.7,14.9,5.0,1
116000.0,1258100.0,22958.76,3,2.0,77.8,19.5,18.0,1
104100.0,974000.0,17774.29,3,2.86,78.0,32.6,0.0,1
111300.0,847500.0,15465.82,8,0.81,51.2,20.0,5.0,1
47500.0,478900.0,8739.33,5,0.59,71.4,32.6,18.0,1
171600.0,1516900.0,27681.54,1,0.42,66.1,28.0,0.0,1
48800.0,453500.0,8275.81,1,5.01,78.5,28.3,0.0,1
55400.0,541000.0,9872.58,2,7.66,54.0,27.2,0.0,1
59300.0,618000.0,11277.73,4,1.15,55.0,21.0,0.0,1
144100.0,1493800.0,27259.99,3,10.43,55.6,17.8,18.0,1
118300.0,1152300.0,21028.04,1,1.34,79.5,12.5,5.0,1
116300.0,1210200.0,22084.64,2,0.69,48.8,18.0,0.0,1
80200.0,631500.0,11524.09,5,0.76,90.3,14.4,5.0,1
81900.0,685100.0,12502.22,1,0.38,55.5,22.8,18.0,1
110400.0,829700.0,15140.99,2,2.63,65.6,16.9,18.0,1
59800.0,508500.0,9279.49,2,1.85,71.9,31.3,0.0,1
44300.0,434600.0,7930.91,3,0.34,58.8,38.7,5.0,1
82100.0,828800.0,15124.57,2,1.24,60.4,31.7,18.0,1
53600.0,497400.0,9076.93,2,2.82,56.2,68.0,18.0,1
51100.0,556000.0,10146.31,1,0.55,83.1,41.7,5.0,1
157600.0,1236100.0,22557.29,2,1.72,85.2,26.6,0.0,1
49100.0,487500.0,8896.27,4,0.74,64.2,40.3,5.0,1
40700.0,404800.0,7387.1,6,0.85,82.4,11.2,5.0,1
108200.0,837700.0,15286.98,0,7.82,76.1,27.6,0.0,1
62900.0,507300.0,9257.59,3,1.47,85.4,18.4,0.0,1
63300.0,641900.0,11713.88,2,6.24,53.7,21.5,0.0,1
39800.0,285000.0,5200.9,4,4.56,51.1,15.0,5.0,1
153300.0,1378200.0,25150.43,1,0.44,73.9,24.5,0.0,1
45100.0,349300.0,6374.29,1,0.68,79.2,47.8,5.0,1
24200.0,203000.0,3704.5,3,0.86,75.4,33.7,5.0,1
27900.0,283500.0,5173.52,2,2.17,72.4,44.6,5.0,1
75200.0,767900.0,14013.22,2,1.45,67.2,46.8,5.0,1
105700.0,1137300.0,20754.31,4,1.11,50.4,15.3,5.0,0
90500.0,651200.0,11883.59,1,1.23,74.8,36.8,18.0,1
29600.0,248700.0,4538.47,2,3.07,83.8,24.6,18.0,1
116500.0,1130100.0,20622.92,5,0.34,70.4,23.8,18.0,0
16200.0,133800.0,2441.68,5,1.26,77.5,46.1,5.0,1
98200.0,727700.0,13279.62,3,1.14,60.9,36.6,0.0,1
61200.0,488700.0,8918.17,2,1.44,73.6,18.9,0.0,1
148900.0,1339000.0,24435.08,2,2.77,81.5,17.3,0.0,1
115000.0,910700.0,16619.14,2,1.21,80.0,29.3,0.0,1
154900.0,1652100.0,30148.77,0,5.76,65.4,30.2,0.0,1
72100.0,762800.0,13920.15,3,3.45,63.3,21.1,5.0,1
177800.0,1284600.0,23442.35,2,1.2,62.2,21.6,0.0,1
22900.0,206300.0,3764.72,6,1.08,66.9,16.1,5.0,1
29400.0,278100.0,5074.98,2,4.65,80.6,20.6,18.0,1
107400.0,1045100.0,19071.77,3,0.46,44.8,12.9,5.0,1
34200.0,360100.0,6571.38,2,4.02,67.4,21.0,18.0,1
86100.0,688100.0,12556.97,5,0.67,65.7,12.6,5.0,1
22200.0,233000.0,4251.96,2,4.99,82.5,47.1,5.0,1
30200.0,320600.0,5850.55,2,2.28,59.2,24.4,0.0,1
87200.0,872100.0,15914.74,5,0.1,78.3,15.4,5.0,0
137000.0,1111200.0,20278.02,0,8.0,89.9,21.5,0.0,1
146600.0,1063800.0,19413.03,6,1.11,78.7,15.4,0.0,1
176900.0,1434400.0,26176.01,3,0.75,96.0,25.5,0.0,1
93500.0,991900.0,18100.94,1,1.35,62.8,24.8,0.0,1
26900.0,230800.0,4211.81,4,0.61,50.4,16.5,5.0,1
227300.0,1865300.0,34039.4,2,7.69,47.2,18.0,18.0,1
88200.0,724500.0,13221.22,3,5.14,64.7,25.7,0.0,1
88200.0,712500.0,13002.24,3,3.14,80.8,23.0,0.0,1
16300.0,117700.0,2147.88,7,0.74,73.6,17.8,5.0,1
74500.0,682800.0,12460.25,4,0.54,71.1,16.2,5.0,1
24900.0,212000.0,3868.74,5,1.0,57.5,17.8,5.0,1
129500.0,1288600.0,23515.35,5,0.5,59.6,30.6,0.0,1
131000.0,939000.0,17135.58,2,1.41,68.2,30.1,0.0,1
114600.0,947400.0,17288.87,5,0.28,96.0,16.2,5.0,1
80000.0,628600.0,11471.17,1,2.62,73.9,23.3,5.0,1
39200.0,371500.0,6779.41,5,1.06,63.7,14.4,5.0,1
154100.0,1506700.0,27495.4,1,9.97,84.0,28.2,0.0,1
54700.0,413600.0,7547.69,0,9.42,61.7,44.5,5.0,1
74500.0,704400.0,12854.42,0,8.37,73.0,24.7,0.0,1
180900.0,1575300.0,28747.26,1,3.94,76.6,33.9,0.0,1
68800.0,516700.0,9429.13,1,0.34,65.1,37.3,5.0,1
44100.0,374400.0,6832.33,3,1.18,92.4,46.7,5.0,1
52600.0,516000.0,9416.36,1,0.4,44.7,48.1,5.0,1
55400.0,537600.0,9810.53,3,5.35,54.4,46.0,5.0,1
158500.0,1696400.0,30957.19,2,0.61,66.4,21.2,0.0,1
98000.0,893600.0,16307.09,6,0.7,81.2,22.4,18.0,1
124300.0,973000.0,17756.04,0,7.75,81.9,28.1,0.0,1
116500.0,871000.0,15894.67,5,0.71,70.4,15.3,5.0,1
65600.0,721900.0,13173.78,4,0.72,70.1,42.3,18.0,1
86700.0,720200.0,13142.75,3,7.32,74.8,19.7,5.0,1
40100.0,327500.0,5976.47,1,1.45,53.1,12.7,5.0,1
73800.0,618600.0,11288.68,1,4.96,59.9,25.2,18.0,1
120500.0,942800.0,17204.93,4,3.89,91.2,18.7,18.0,1
108100.0,1057900.0,19305.36,3,5.22,54.4,28.7,0.0,1
176600.0,1434100.0,26170.54,1,7.94,63.9,34.8,0.0,1
29600.0,218000.0,3978.23,3,1.1,62.9,68.0,18.0,1
200900.0,1716800.0,31329.46,5,0.63,58.2,8.0,18.0,1
63600.0,635800.0,11602.56,3,1.95,68.2,12.6,5.0,1
45400.0,381500.0,6961.9,4,2.75,81.1,19.3,18.0,1
52500.0,432000.0,7883.46,3,2.71,60.9,32.9,0.0,1
76100.0,684300.0,12487.62,3,3.23,76.6,17.3,5.0,1
84600.0,848800.0,15489.54,2,3.43,82.9,36.1,18.0,1
106000.0,840400.0,15336.25,6,0.9,96.0,21.7,5.0,1
144200.0,1392300.0,25407.74,0,9.78,66.3,26.7,0.0,1
165900.0,1276600.0,23296.36,4,4.36,71.8,18.5,18.0,1
15400.0,120100.0,2191.68,3,6.08,96.0,13.7,5.0,1
72700.0,649700.0,11856.22,4,1.52,64.6,28.9,5.0,1
129200.0,1234600.0,22529.91,2,2.08,59.3,32.6,0.0,1
99400.0,728000.0,13285.09,0,7.76,63.0,27.4,0.0,1
116800.0,847300.0,15462.17,2,1.68,54.4,25.5,0.0,1
37900.0,389000.0,7098.77,6,1.09,50.6,58.0,18.0,1
24200.0,210000.0,3832.24,5,0.23,53.4,17.8,5.0,0
103100.0,793600.0,14482.21,2,3.3,82.0,31.7,0.0,1
64900.0,605600.0,11051.45,5,0.2,75.8,29.7,18.0,1
99800.0,952600.0,17383.76,10,0.93,84.9,18.9,5.0,1
146700.0,1602600.0,29245.45,5,0.59,95.4,20.4,0.0,1
96300.0,836300.0,15261.43,4,3.41,64.7,16.1,5.0,1
145100.0,1139700.0,20798.11,2,2.47,52.5,43.7,18.0,1
75200.0,718900.0,13119.03,2,0.42,61.0,24.4,0.0,1
49300.0,522700.0,9538.62,3,3.59,54.1,34.0,18.0,1
28700.0,206400.0,3766.54,1,8.27,77.4,30.9,0.0,1
14700.0,132900.0,2425.26,1,1.47,82.7,33.2,5.0,1
82100.0,690100.0,12593.47,11,1.19,64.7,14.1,5.0,1
63500.0,510800.0,9321.46,1,1.77,66.7,23.5,18.0,1
70400.0,575300.0,10498.51,5,0.53,62.8,17.3,5.0,1
13600.0,103400.0,1886.92,2,5.05,82.6,32.0,18.0,1
37600.0,330800.0,6036.69,4,2.23,56.0,25.3,18.0,1
13500.0,123800.0,2259.2,2,3.24,85.5,55.4,18.0,1
160700.0,1487100.0,27137.72,1,1.52,78.9,19.0,0.0,1
68100.0,661300.0,12067.9,4,0.36,69.9,10.3,5.0,1
22800.0,175800.0,3208.13,4,2.93,85.2,68.0,18.0,1
155700.0,1271300.0,23199.64,0,9.59,73.7,24.1,18.0,1
235200.0,2328400.0,42490.4,2,0.9,90.6,12.4,18.0,1
129900.0,1066900.0,19469.6,5,2.41,78.4,32.1,18.0,1
122800.0,969000.0,17683.04,4,4.42,73.0,20.7,18.0,1
28600.0,250500.0,4571.31,2,6.77,52.5,20.8,0.0,1
118800.0,972300.0,17743.26,5,0.33,82.7,17.0,5.0,1
110700.0,981800.0,17916.63,4,1.47,63.1,13.0,5.0,1
97100.0,906300.0,16538.85,2,0.74,66.9,25.1,0.0,1
16200.0,123200.0,2248.25,1,0.97,92.4,40.5,18.0,1
111300.0,1030100.0,18798.04,4,1.75,65.0,14.6,5.0,1
55100.0,463000.0,8449.17,7,0.52,64.7,13.8,5.0,0
117400.0,1093700.0,19958.66,1,3.1,58.9,15.9,5.0,1
133100.0,1467400.0,26778.22,1,0.33,61.6,30.9,0.0,1
47100.0,475500.0,8677.28,2,2.01,48.2,24.0,0.0,1
70800.0,772500.0,14097.16,4,2.03,66.2,19.0,5.0,1
172600.0,1658500.0,30265.56,4,3.21,67.9,30.7,0.0,1
123900.0,1346500.0,24571.95,4,4.89,67.2,37.1,0.0,1
93300.0,988900.0,18046.19,0,6.77,86.5,28.1,0.0,1
40000.0,423000.0,7719.22,2,0.85,62.1,14.5,5.0,1
172100.0,1420900.0,25929.66,0,4.83,80.1,33.7,0.0,1
41300.0,427200.0,7795.87,4,1.46,79.2,16.8,5.0,1
85000.0,725700.0,13243.12,2,2.01,68.0,13.6,5.0,1
226600.0,2046100.0,37338.78,0,8.69,74.5,22.6,18.0,1
74200.0,700100.0,12775.95,2,2.21,65.6,17.9,5.0,1
104000.0,960000.0,17518.8,2,0.72,48.1,16.4,5.0,1
37600.0,397800.0,7259.35,3,5.11,67.0,31.5,0.0,1
146800.0,1063800.0,19413.03,1,3.64,96.0,20.3,18.0,1
119800.0,983500.0,17947.65,4,0.65,49.3,20.5,18.0,1
149100.0,1165200.0,21263.45,0,8.04,67.1,30.6,0.0,1
43300.0,351500.0,6414.44,4,1.08,45.2,13.4,5.0,1
64800.0,589800.0,10763.12,1,2.53,71.9,40.0,5.0,1
33400.0,289400.0,5281.19,4,2.96,64.5,17.4,5.0,1
145400.0,1104900.0,20163.05,0,8.85,52.0,26.1,18.0,1
105100.0,782600.0,14281.48,4,1.49,65.8,17.0,0.0,1
110600.0,1171500.0,21378.42,0,9.01,77.9,28.3,0.0,1
67800.0,585000.0,10675.52,0,6.34,50.6,29.2,0.0,1
90100.0,808100.0,14746.82,10,0.65,71.9,13.1,5.0,0
196200.0,1516700.0,27677.89,3,0.86,62.5,32.6,0.0,1
62300.0,603700.0,11016.77,6,0.64,61.7,15.5,5.0,1
30300.0,309600.0,5649.81,7,0.46,65.4,19.0,5.0,0
145100.0,1517400.0,27690.66,7,0.16,85.8,23.9,0.0,0
56400.0,425500.0,7764.85,6,0.55,62.1,15.7,5.0,1
130000.0,961600.0,17548.0,2,2.98,73.1,36.2,0.0,1
31700.0,251200.0,4584.09,6,0.44,56.4,11.8,5.0,1
23700.0,202300.0,3691.72,2,10.26,85.1,68.0,18.0,1
104500.0,884800.0,16146.5,3,3.93,79.7,15.1,5.0,1
139700.0,1114600.0,20340.06,1,6.65,85.0,33.9,0.0,1
29500.0,248600.0,4536.64,2,0.41,72.4,35.7,0.0,1
53500.0,420300.0,7669.95,5,1.58,66.9,17.4,0.0,1
198700.0,1499900.0,27371.31,3,5.27,54.7,34.0,0.0,1
58500.0,429900.0,7845.14,3,1.21,73.2,18.7,5.0,1
12700.0,131400.0,2397.89,2,4.27,52.9,51.8,5.0,1
65000.0,517000.0,9434.61,5,0.22,74.7,31.3,18.0,0
99900.0,844900.0,15418.37,3,4.76,68.5,14.5,5.0,1
96900.0,753000.0,13741.31,3,4.43,70.3,22.1,0.0,1
244900.0,1815300.0,33126.96,6,0.5,50.8,19.4,18.0,1
25300.0,269900.0,4925.34,4,6.64,93.2,15.3,5.0,1
39800.0,402300.0,7341.47,2,1.56,67.6,25.8,0.0,1
95700.0,941000.0,17172.08,1,2.3,75.2,21.2,0.0,1
42800.0,339300.0,6191.8,3,0.8,66.6,41.7,5.0,1
102900.0,1125000.0,20529.85,6,0.28,73.4,14.0,5.0,0
98900.0,807000.0,14726.75,0,7.79,57.7,25.9,0.0,1
80500.0,748900.0,13666.49,1,1.08,69.1,19.9,18.0,1
117300.0,958900.0,17498.73,4,3.75,60.2,20.1,0.0,1
74200.0,740500.0,13513.2,2,1.51,71.0,17.1,18.0,1
84600.0,675700.0,12330.68,2,2.39,72.5,35.7,0.0,1
171200.0,1479400.0,26997.21,2,4.35,70.4,25.4,0.0,1
127200.0,1275900.0,23283.59,2,4.32,67.6,30.7,0.0,1
97100.0,938300.0,17122.81,5,1.07,81.0,20.6,18.0,1
127300.0,1117500.0,20392.98,4,1.01,53.7,28.8,0.0,1
47500.0,450100.0,8213.76,0,7.45,66.2,29.9,0.0,1
40100.0,381700.0,6965.55,2,5.58,53.4,22.3,0.0,1
53000.0,385600.0,7036.72,2,0.63,82.1,19.7,0.0,1
152900.0,1438800.0,26256.31,0,8.92,79.6,28.7,0.0,1
34500.0,325700.0,5943.62,0,7.34,81.0,23.9,0.0,1
82100.0,663400.0,12106.22,1,10.6,71.4,31.8,0.0,1
37400.0,305400.0,5573.17,1,1.08,85.4,22.2,0.0,1
118700.0,999200.0,18234.16,2,0.85,76.1,27.9,0.0,1
28200.0,272500.0,4972.79,0,5.32,58.7,23.6,0.0,1
65700.0,594200.0,10843.41,6,0.8,59.5,50.1,5.0,1
34500.0,292400.0,5335.94,3,0.43,69.3,23.8,0.0,1
11000.0,96100.0,1753.71,1,3.59,43.9,43.2,5.0,1
171400.0,1667600.0,30431.62,2,1.71,87.0,23.5,0.0,1
26600.0,277500.0,5064.03,6,0.61,74.5,41.2,5.0,1
60300.0,526300.0,9604.32,4,3.86,69.1,36.4,5.0,1
36200.0,271100.0,4947.24,3,2.15,50.5,42.6,5.0,1
145700.0,1252400.0,22854.74,4,0.8,60.6,24.7,0.0,1
54000.0,486600.0,8879.84,2,0.89,85.5,40.0,18.0,1
47300.0,465700.0,8498.45,5,0.32,41.3,17.7,18.0,0
86700.0,903200.0,16482.28,4,1.1,77.2,34.0,18.0,1
110000.0,792900.0,14469.44,3,1.48,95.9,26.4,0.0,1
101500.0,1093500.0,19955.01,2,1.97,70.4,19.4,18.0,1
63500.0,645000.0,11770.45,7,0.28,53.1,62.6,18.0,0
41600.0,316800.0,5781.21,2,1.87,58.2,47.0,5.0,1
84200.0,734500.0,13403.71,3,2.14,47.8,30.8,18.0,1
159400.0,1474700.0,26911.44,2,2.58,89.7,21.9,18.0,1
130200.0,1085700.0,19812.67,6,1.39,80.5,31.6,18.0,1
124300.0,1013900.0,18502.41,1,4.58,81.3,30.5,0.0,1
36800.0,281800.0,5142.5,0,7.65,52.9,47.2,5.0,1
58400.0,470100.0,8578.74,1,1.19,96.0,26.0,0.0,1
66200.0,532000.0,9708.34,4,0.63,85.6,15.2,5.0,1
59900.0,550200.0,10040.46,2,2.51,94.9,31.1,0.0,1
169900.0,1280200.0,23362.06,1,4.49,48.9,30.4,0.0,1
36800.0,383600.0,7000.22,1,0.53,73.9,25.7,0.0,1
66900.0,612000.0,11168.24,3,3.32,70.1,18.8,18.0,1
96100.0,839500.0,15319.83,5,0.67,53.9,32.7,18.0,1
57600.0,450100.0,8213.76,0,8.1,56.6,9.5,5.0,1
33200.0,311100.0,5677.19,6,0.29,76.5,16.7,5.0,0
44300.0,349300.0,6374.29,5,0.14,91.0,11.2,5.0,1
24200.0,175800.0,3208.13,6,1.23,70.9,8.0,5.0,1
191000.0,1591600.0,29044.72,0,4.54,51.0,26.5,0.0,1
99100.0,721900.0,13173.78,7,0.13,59.3,12.3,5.0,0
38600.0,305100.0,5567.7,7,0.19,67.5,14.0,5.0,0
149600.0,1310900.0,23922.29,3,0.53,96.0,18.0,18.0,1
31600.0,235100.0,4290.28,2,2.34,72.7,31.7,5.0,1
30300.0,300500.0,5483.75,4,2.46,71.7,55.6,18.0,1
161700.0,1296100.0,23652.21,3,3.17,89.6,17.9,18.0,1
69500.0,549700.0,10031.34,0,9.2,71.3,19.5,5.0,1
103700.0,1095300.0,19987.86,5,0.14,60.2,20.4,0.0,0
117600.0,983200.0,17942.18,0,6.85,48.4,25.0,0.0,1
161200.0,1551600.0,28314.77,5,1.22,64.0,15.2,0.0,1
76500.0,807800.0,14741.34,3,2.04,70.2,36.2,5.0,1
94000.0,690100.0,12593.47,3,2.22,88.3,19.8,0.0,1
146100.0,1489700.0,27185.17,1,0.41,89.5,23.0,0.0,1
26100.0,200500.0,3658.88,2,0.8,89.8,36.6,5.0,1
117600.0,1001700.0,18279.78,3,5.97,96.0,26.8,0.0,1
111400.0,1020200.0,18617.38,3,1.45,65.2,21.8,0.0,1
102000.0,734700.0,13407.36,0,4.87,51.5,26.4,0.0,1
136500.0,1184600.0,21617.48,5,0.25,66.0,23.7,0.0,1
154800.0,1290200.0,23544.54,1,1.06,81.1,21.8,0.0,1
69200.0,661000.0,12062.43,1,1.06,60.7,15.0,5.0,1
61200.0,559700.0,10213.83,2,3.86,57.0,20.5,5.0,1
48000.0,369700.0,6746.56,3,0.89,78.5,17.7,5.0,1
25400.0,280800.0,5124.25,2,1.1,78.7,52.3,5.0,1
37200.0,363600.0,6635.25,2,2.72,54.6,54.4,5.0,1
65000.0,554800.0,10124.41,3,3.03,75.9,20.9,0.0,1
29000.0,257000.0,4689.93,4,3.92,69.5,25.9,0.0,1
33000.0,352400.0,6430.86,4,1.7,58.9,19.5,5.0,1
79900.0,583900.0,10655.45,2,2.96,68.7,13.0,0.0,1
70600.0,655400.0,11960.23,3,1.92,73.0,47.1,5.0,1
51400.0,465800.0,8500.27,4,1.45,64.3,13.7,5.0,1
78000.0,654500.0,11943.81,8,0.27,76.2,17.5,5.0,0
80500.0,638100.0,11644.53,0,7.9,88.4,20.9,0.0,1
152000.0,1565500.0,28568.43,4,1.72,72.6,29.0,0.0,1
65500.0,605100.0,11042.32,4,2.27,94.1,16.9,5.0,1
89400.0,791700.0,14447.54,1,2.62,90.8,13.4,18.0,1
99400.0,828000.0,15109.97,7,0.59,58.1,12.2,5.0,1
136100.0,1085400.0,19807.2,3,6.4,65.0,23.9,0.0,1
78900.0,865800.0,15799.77,5,0.1,65.5,16.3,5.0,0
28500.0,214300.0,3910.71,2,0.41,63.1,25.6,0.0,1
92600.0,886600.0,16179.35,1,7.63,65.3,35.6,0.0,1
65800.0,546500.0,9972.94,5,0.57,63.0,43.9,5.0,1
60300.0,584200.0,10660.92,0,5.9,79.7,35.0,0.0,1
71600.0,776300.0,14166.51,4,0.33,61.9,31.5,0.0,0
52700.0,467000.0,8522.17,0,4.72,96.0,30.5,0.0,1
81000.0,872900.0,15929.34,0,5.34,69.1,33.9,18.0,1
191100.0,1882400.0,34351.46,3,0.82,80.1,35.2,0.0,1
110600.0,834000.0,15219.46,2,0.41,69.1,39.2,0.0,1
108300.0,791700.0,14447.54,6,1.63,77.5,13.6,5.0,1
157100.0,1362500.0,24863.93,1,1.47,72.5,15.0,0.0,1
38800.0,422900.0,7717.4,2,1.62,84.8,25.5,0.0,1
52500.0,509400.0,9295.92,6,0.8,74.2,42.2,18.0,1
76700.0,736500.0,13440.21,7,0.51,61.3,19.4,18.0,0
61000.0,656000.0,11971.18,7,0.47,71.8,24.2,0.0,0
95700.0,710600.0,12967.57,3,1.1,73.8,24.2,18.0,1
241300.0,2095900.0,38247.57,3,3.32,59.0,20.7,18.0,1
126100.0,1240200.0,22632.11,3,6.09,84.0,22.0,0.0,1
62500.0,572000.0,10438.29,2,3.21,83.4,19.0,0.0,1
11900.0,113700.0,2074.88,3,2.28,66.2,29.1,5.0,1
240700.0,2021100.0,36882.56,0,7.1,69.1,13.6,18.0,1
172800.0,1732000.0,31606.84,4,7.41,58.6,22.1,0.0,1
38000.0,388400.0,7087.82,3,7.92,78.2,25.5,0.0,1
16400.0,142000.0,2591.32,5,0.63,88.1,18.5,5.0,1
20700.0,152500.0,2782.94,2,0.55,59.3,37.7,5.0,1
79300.0,589200.0,10752.17,6,0.83,69.8,14.3,5.0,1
116500.0,865500.0,15794.3,2,2.27,77.2,20.8,5.0,1
61900.0,672900.0,12279.59,3,4.87,96.0,19.2,18.0,1
77500.0,665100.0,12137.25,3,4.35,62.2,22.4,5.0,1
101300.0,971500.0,17728.67,4,2.64,68.2,15.6,5.0,1
38600.0,395200.0,7211.91,1,4.6,63.4,22.9,0.0,1
73600.0,572200.0,10441.94,1,2.47,67.2,18.9,0.0,1
56100.0,508700.0,9283.14,1,3.04,74.9,28.1,0.0,1
28400.0,274900.0,5016.58,2,0.99,89.8,64.2,18.0,1
58900.0,538100.0,9819.65,5,1.58,68.4,55.2,18.0,1
63800.0,697800.0,12733.98,5,0.52,69.9,21.6,18.0,0
89800.0,748300.0,13655.54,2,6.41,60.6,16.3,18.0,1
42100.0,316900.0,5783.03,2,1.17,79.5,52.1,5.0,1
105100.0,1025400.0,18712.27,1,6.1,74.5,26.4,0.0,1
38300.0,395700.0,7221.03,4,2.66,66.1,17.8,5.0,1
79700.0,629600.0,11489.42,1,0.57,83.1,27.2,0.0,1
41900.0,383900.0,7005.7,4,1.81,76.0,47.7,5.0,1
145700.0,1597500.0,29152.39,1,2.65,49.5,34.9,0.0,1
112800.0,1247800.0,22770.8,1,2.69,85.6,26.9,0.0,1
30000.0,217500.0,3969.1,5,0.19,83.6,16.2,5.0,1
29300.0,227700.0,4155.24,6,0.64,76.8,15.2,5.0,1
93900.0,995000.0,18157.51,4,4.47,56.9,14.8,5.0,1
75800.0,618000.0,11277.73,1,1.19,68.8,24.3,0.0,1
130500.0,1443700.0,26345.73,0,8.62,67.3,22.0,0.0,1
106900.0,784700.0,14319.8,2,1.55,55.0,18.7,0.0,1
44600.0,450400.0,8219.24,1,0.95,78.2,10.9,0.0,1
163900.0,1203300.0,21958.73,0,6.77,66.5,18.5,0.0,1
151500.0,1585100.0,28926.1,3,1.89,59.0,20.3,0.0,1
103500.0,1096500.0,20009.76,7,0.87,84.0,13.2,5.0,1
172100.0,1670000.0,30475.42,3,0.55,87.8,13.7,0.0,1
46500.0,440300.0,8034.93,1,3.34,73.3,12.1,5.0,1
116800.0,871300.0,15900.14,9,0.45,77.8,19.8,5.0,0
18300.0,161800.0,2952.65,5,0.83,81.1,15.2,5.0,1
90800.0,756900.0,13812.48,6,1.5,69.0,23.0,18.0,1
22100.0,171300.0,3126.01,2,7.28,65.6,39.4,5.0,1
88500.0,642100.0,11717.53,2,7.88,77.7,15.7,5.0,1
13400.0,102400.0,1868.67,3,0.68,73.5,49.9,5.0,1
145400.0,1202600.0,21945.95,1,0.85,76.6,33.3,18.0,1
47400.0,410600.0,7492.94,7,0.26,65.4,22.2,5.0,0
48100.0,429900.0,7845.14,2,2.25,69.4,21.0,18.0,1
150600.0,1360000.0,24818.31,2,12.39,72.9,21.9,0.0,1
62400.0,647800.0,11821.54,5,0.2,86.0,15.5,5.0,0
109400.0,990600.0,18077.22,2,2.46,71.5,24.8,0.0,1
71600.0,643300.0,11739.42,1,0.63,64.8,43.0,5.0,1
173900.0,1243900.0,22699.63,2,5.94,67.3,24.6,0.0,1
38700.0,287000.0,5237.39,3,3.92,79.1,30.3,0.0,1
66200.0,691000.0,12609.89,2,2.12,59.2,52.0,5.0,1
56400.0,481800.0,8792.25,2,1.08,59.4,32.9,18.0,1
179000.0,1643500.0,29991.83,1,0.56,84.7,37.2,0.0,1
113000.0,1072400.0,19569.96,5,0.49,55.8,26.4,0.0,1
53500.0,554200.0,10113.46,3,1.15,62.8,31.4,18.0,1
191300.0,1376600.0,25121.24,3,1.13,96.0,34.5,0.0,1
43700.0,483400.0,8821.45,8,2.12,68.0,15.8,5.0,0
45800.0,393500.0,7180.89,5,0.25,69.5,16.4,5.0,0
138900.0,1120500.0,20447.73,4,1.07,83.5,22.6,0.0,1
72700.0,567900.0,10363.47,3,1.83,51.1,64.7,18.0,1
54800.0,434900.0,7936.38,1,3.92,59.2,16.3,0.0,1
74700.0,561900.0,10253.98,3,0.65,67.9,20.9,18.0,1
61500.0,499800.0,9120.73,3,9.57,76.3,24.1,18.0,1
63900.0,457300.0,8345.16,4,5.37,88.0,44.6,5.0,1
111900.0,870300.0,15881.89,2,0.56,73.9,28.7,0.0,1
18900.0,156700.0,2859.58,2,3.4,96.0,37.4,5.0,1
66600.0,546300.0,9969.29,3,5.53,72.9,13.6,5.0,1
14800.0,135500.0,2472.71,2,1.65,63.4,54.6,5.0,1
145000.0,1061900.0,19378.35,6,0.74,78.4,22.1,18.0,1
116000.0,858700.0,15670.21,3,0.37,75.2,15.7,5.0,1
146700.0,1149000.0,20967.82,3,1.61,71.4,28.7,18.0,1
31400.0,243000.0,4434.45,3,3.41,69.8,25.1,18.0,1
76700.0,621900.0,11348.9,1,11.11,79.4,12.3,5.0,1
37000.0,336100.0,6133.41,2,2.35,72.2,12.5,5.0,1
85600.0,905100.0,16516.95,3,0.7,63.8,11.7,18.0,1
70600.0,694800.0,12679.23,3,2.98,48.0,14.9,5.0,1
105300.0,1119500.0,20429.48,2,2.29,84.5,30.8,0.0,1
89700.0,755200.0,13781.46,2,0.65,72.7,22.4,0.0,1
13500.0,134900.0,2461.76,3,0.93,64.4,33.3,5.0,1
111300.0,1051700.0,19192.22,2,0.98,41.5,37.0,0.0,1
49600.0,424300.0,7742.95,3,0.83,65.4,14.8,5.0,1
108100.0,1143900.0,20874.75,5,0.19,65.9,14.3,5.0,0
86000.0,906700.0,16546.15,5,1.69,78.7,20.0,5.0,1
146800.0,1272400.0,23219.72,0,6.57,73.0,20.0,18.0,1
58700.0,562700.0,10268.57,3,0.69,41.9,25.8,0.0,1
114500.0,851100.0,15531.52,5,3.18,63.6,14.5,5.0,1
78100.0,558600.0,10193.75,2,0.34,57.9,19.2,5.0,1
78000.0,792400.0,14460.31,2,5.25,79.2,24.4,0.0,1
69200.0,496000.0,9051.38,2,1.13,79.8,29.2,0.0,1
30600.0,302000.0,5511.12,3,1.99,74.5,20.6,5.0,1
118200.0,1112300.0,20298.09,2,2.26,86.6,24.1,0.0,1
58100.0,617500.0,11268.61,0,5.38,69.5,17.6,0.0,1
49100.0,374400.0,6832.33,9,0.5,55.1,19.9,5.0,0
35600.0,321000.0,5857.85,0,9.4,72.0,35.8,5.0,1
124500.0,1338800.0,24431.43,3,2.29,82.8,30.4,18.0,1
48200.0,416900.0,7607.91,1,3.4,78.6,23.1,0.0,1
49700.0,454600.0,8295.88,1,1.22,65.8,42.0,5.0,1
132400.0,1448200.0,26427.85,4,0.94,69.4,17.1,18.0,1
61900.0,687100.0,12538.72,4,1.3,68.4,12.9,5.0,1
71400.0,679900.0,12407.33,2,4.11,51.4,15.0,0.0,1
35900.0,274200.0,5003.81,1,0.72,84.1,30.8,0.0,1
55700.0,585000.0,10675.52,2,0.81,74.7,46.3,5.0,1
30600.0,280700.0,5122.43,1,0.94,61.2,28.4,0.0,1
47800.0,484200.0,8836.05,3,5.76,55.8,30.4,18.0,1
178000.0,1425700.0,26017.25,1,1.4,77.9,23.9,0.0,1
105800.0,946400.0,17270.62,2,1.02,85.4,35.8,18.0,1
115600.0,1272200.0,23216.07,1,0.74,80.4,13.6,0.0,1
102300.0,826700.0,15086.25,3,2.75,65.5,17.7,5.0,1
124600.0,1074100.0,19600.99,0,6.62,83.1,25.2,0.0,1
112500.0,1104100.0,20148.45,7,1.03,59.7,18.8,5.0,1
57300.0,457800.0,8354.28,1,1.6,57.6,30.9,0.0,1
55000.0,454500.0,8294.06,2,2.11,60.7,55.3,18.0,1
37700.0,322200.0,5879.75,4,1.7,55.0,22.7,18.0,1
148000.0,1346500.0,24571.95,2,4.55,54.3,16.0,18.0,1
68700.0,535300.0,9768.56,5,0.98,38.0,17.1,5.0,1
137700.0,1175100.0,21444.11,5,3.43,61.9,30.5,18.0,1
46300.0,382800.0,6985.62,2,8.1,78.5,25.5,0.0,1
119000.0,1273500.0,23239.79,4,3.38,79.8,14.2,5.0,1
195200.0,1475000.0,26916.91,3,2.25,85.4,32.1,0.0,1
40200.0,296000.0,5401.63,1,5.37,58.8,16.3,18.0,1
115400.0,825800.0,15069.82,5,0.13,61.0,15.4,5.0,0
42800.0,457700.0,8352.46,2,1.66,89.9,17.2,0.0,1
98200.0,721400.0,13164.65,7,0.39,82.2,16.8,5.0,1
34000.0,251900.0,4596.86,2,2.29,69.4,10.4,5.0,1
104200.0,940500.0,17162.95,3,3.74,53.2,19.2,5.0,1
152400.0,1093200.0,19949.54,2,5.24,55.1,30.7,0.0,1
28600.0,242000.0,4416.2,1,1.85,60.5,33.4,18.0,1
98100.0,785500.0,14334.4,4,1.14,57.7,37.9,18.0,1
46500.0,357700.0,6527.58,1,1.87,67.6,26.2,0.0,1
40100.0,386400.0,7051.32,5,0.29,83.0,24.1,0.0,1
95800.0,788800.0,14394.62,1,0.7,62.5,24.4,0.0,1
59900.0,536600.0,9792.28,3,1.72,63.0,16.9,5.0,1
65900.0,563200.0,10277.7,4,1.38,75.5,39.2,5.0,1
60000.0,665300.0,12140.9,4,2.63,91.3,68.0,18.0,1
116100.0,1027800.0,18756.07,2,0.74,53.7,28.6,0.0,1
76100.0,549100.0,10020.39,2,1.61,89.3,35.0,5.0,1
128700.0,1043100.0,19035.28,3,1.07,75.3,35.8,18.0,1
145700.0,1503000.0,27427.88,1,2.19,59.1,17.9,0.0,1
130100.0,945100.0,17246.9,1,0.72,84.0,22.7,18.0,1
68800.0,523300.0,9549.57,8,0.12,72.8,13.4,5.0,0
30600.0,312000.0,5693.61,4,0.43,70.7,30.7,5.0,1
54300.0,392200.0,7157.16,4,20.36,81.1,42.3,5.0,1
113900.0,950100.0,17338.14,1,1.68,75.6,25.3,0.0,1
155400.0,1496200.0,27303.79,3,0.89,78.5,25.3,0.0,1
147300.0,1151800.0,21018.92,2,12.34,76.3,23.5,18.0,1
127100.0,1331400.0,24296.39,2,0.4,64.0,17.5,0.0,1
71600.0,555400.0,10135.36,2,2.08,60.0,28.1,0.0,1
14600.0,148300.0,2706.29,2,1.73,86.2,51.0,18.0,1
25900.0,262200.0,4784.82,8,1.47,72.2,17.4,5.0,1
77700.0,712000.0,12993.11,0,4.64,71.6,14.7,5.0,1
65500.0,529500.0,9662.72,1,0.83,64.5,19.0,18.0,1
124300.0,904000.0,16496.87,0,8.53,62.3,21.8,0.0,1
32800.0,316100.0,5768.43,1,3.46,59.3,35.1,18.0,1
116200.0,1126800.0,20562.7,5,0.38,75.7,32.1,0.0,1
95300.0,848300.0,15480.42,4,0.39,82.1,45.4,18.0,1
104000.0,985300.0,17980.5,4,3.45,96.0,18.5,5.0,1
106500.0,906100.0,16535.2,3,1.19,61.3,23.4,0.0,1
32200.0,314800.0,5744.71,2,2.68,60.3,23.7,0.0,1
128900.0,1065200.0,19438.57,0,8.46,94.2,17.8,0.0,1
131200.0,964700.0,17604.57,2,4.52,66.1,30.2,0.0,1
22400.0,181500.0,3312.15,2,1.92,66.3,42.0,5.0,1
107800.0,1162200.0,21208.7,6,1.43,53.6,12.8,5.0,1
30000.0,255100.0,4655.26,4,5.25,85.2,19.8,5.0,1
210200.0,1724600.0,31471.8,5,0.48,62.5,12.3,18.0,1
86500.0,815200.0,14876.38,3,0.73,75.3,30.7,0.0,1
37300.0,408000.0,7445.49,8,1.54,69.9,17.5,5.0,1
71800.0,613700.0,11199.26,2,0.58,76.9,13.3,5.0,1
71000.0,597200.0,10898.16,2,1.1,59.1,31.9,5.0,1
68100.0,621600.0,11343.43,5,0.21,59.1,18.4,5.0,0
82000.0,725500.0,13239.47,3,0.4,76.1,23.1,0.0,1
31600.0,256000.0,4671.68,5,0.9,54.5,46.3,5.0,1
51600.0,420500.0,7673.6,4,1.91,79.2,20.6,5.0,1
135000.0,1374400.0,25081.09,1,6.4,68.6,29.1,18.0,1
138100.0,1027500.0,18750.6,1,2.24,69.7,25.9,0.0,1
62700.0,610000.0,11131.74,2,0.51,60.6,25.7,0.0,1
23700.0,207900.0,3793.92,3,0.68,52.7,40.0,5.0,1
57800.0,433600.0,7912.66,2,2.06,78.7,11.6,5.0,1
36700.0,264600.0,4828.62,0,5.13,71.2,20.6,18.0,1
19000.0,141900.0,2589.5,5,2.04,59.4,15.8,5.0,1
15800.0,155100.0,2830.38,2,0.57,93.0,17.9,5.0,1
43900.0,332600.0,6069.54,3,0.31,62.1,18.5,0.0,1
72500.0,656600.0,11982.13,4,0.48,69.8,18.3,5.0,1
63800.0,526300.0,9604.32,1,0.83,55.6,18.7,5.0,1
27600.0,287600.0,5248.34,3,0.87,80.1,33.8,18.0,1
98200.0,863300.0,15754.15,2,4.72,50.8,16.4,5.0,1
128000.0,1136600.0,20741.53,1,5.15,76.5,26.0,0.0,1
93700.0,709100.0,12940.19,6,0.22,65.3,29.1,0.0,1
97200.0,937400.0,17106.38,7,0.18,57.3,11.9,5.0,0
142700.0,1320500.0,24097.48,1,1.04,67.7,28.7,0.0,1
37700.0,289800.0,5288.49,0,9.45,69.2,20.9,0.0,1
58100.0,633000.0,11551.46,7,0.74,60.6,21.3,5.0,1
64900.0,509200.0,9292.27,2,4.3,67.6,14.1,18.0,1
48400.0,420000.0,7664.48,3,0.59,67.1,18.4,18.0,1
68300.0,664800.0,12131.77,1,0.79,77.8,39.0,5.0,1
142800.0,1259700.0,22987.96,2,3.26,75.3,28.1,0.0,1
128300.0,1029300.0,18783.44,3,2.27,89.3,21.3,0.0,1
103400.0,770400.0,14058.84,3,1.65,92.4,28.2,0.0,1
136000.0,1065100.0,19436.75,3,0.61,76.4,27.6,18.0,1
100700.0,997900.0,18210.43,3,3.58,47.7,17.5,5.0,1
120500.0,967000.0,17646.55,4,2.33,77.9,24.4,0.0,1
118100.0,1159800.0,21164.91,3,1.72,74.6,15.0,5.0,1
111600.0,1187800.0,21675.87,3,1.36,69.2,13.2,5.0,1
94500.0,979400.0,17872.83,1,5.97,81.2,26.5,0.0,1
59400.0,429600.0,7839.67,1,1.16,72.0,33.2,5.0,1
43000.0,317200.0,5788.51,5,0.95,78.0,17.2,0.0,1
56700.0,593300.0,10826.99,5,0.23,81.8,17.8,5.0,1
14100.0,131100.0,2392.41,2,0.9,42.8,33.3,5.0,1
23800.0,239200.0,4365.1,4,4.1,66.2,38.2,18.0,1
138600.0,1072200.0,19566.31,4,0.65,65.0,27.7,0.0,1
62700.0,584900.0,10673.7,2,3.44,80.7,18.9,0.0,1
44600.0,488300.0,8910.87,2,2.98,66.1,22.0,0.0,1
166900.0,1589300.0,29002.75,0,8.11,68.4,17.5,0.0,1
109200.0,978500.0,17856.41,0,9.56,55.2,18.3,18.0,1
40400.0,448500.0,8184.57,4,2.81,88.7,32.2,0.0,1
95000.0,843400.0,15391.0,1,0.91,78.3,15.7,5.0,1
20200.0,150600.0,2748.26,5,0.17,65.0,18.1,5.0,1
81200.0,627400.0,11449.27,1,6.84,82.2,28.6,18.0,1
52900.0,544000.0,9927.32,1,2.83,76.2,15.8,0.0,1
55400.0,596000.0,10876.26,4,1.06,57.0,65.3,18.0,1
53500.0,513000.0,9361.61,3,1.81,77.8,19.2,0.0,1
82100.0,626400.0,11431.02,2,4.1,65.8,14.8,18.0,1
75700.0,768600.0,14025.99,8,1.2,78.1,20.2,5.0,1
30300.0,225700.0,4118.74,5,1.57,68.7,14.0,5.0,1
138200.0,1024300.0,18692.2,3,0.34,87.2,30.5,0.0,1
141100.0,1543600.0,28168.78,0,8.34,72.9,29.8,0.0,1
134400.0,1411000.0,25748.99,3,3.47,57.1,20.9,0.0,1
33600.0,241500.0,4407.07,4,2.59,62.8,15.2,5.0,1
85000.0,719500.0,13129.98,3,0.64,60.3,21.2,0.0,1
55100.0,522800.0,9540.45,2,5.54,77.1,42.0,5.0,1
172300.0,1270100.0,23177.74,3,1.77,68.7,33.3,0.0,1
50000.0,471900.0,8611.59,5,1.14,64.9,17.2,5.0,1
166300.0,1348000.0,24599.32,2,0.63,94.5,19.6,0.0,1
67300.0,584100.0,10659.1,2,1.43,60.6,19.4,5.0,1
56100.0,569500.0,10392.67,1,2.44,92.0,40.7,18.0,1
64600.0,461900.0,8429.1,4,3.22,62.7,16.1,5.0,1
86200.0,842600.0,15376.4,4,2.47,96.0,15.8,5.0,1
69600.0,748400.0,13657.37,2,1.12,90.0,51.7,18.0,1
39900.0,432200.0,7887.11,3,6.03,72.7,20.8,0.0,1
172600.0,1868700.0,34101.45,1,3.4,63.3,23.6,0.0,1
60900.0,513700.0,9374.39,1,1.58,68.3,53.2,5.0,1
65500.0,690100.0,12593.47,4,3.97,59.8,21.8,0.0,1
85900.0,716500.0,13075.23,3,1.48,60.4,16.6,5.0,1
110000.0,1190400.0,21723.32,1,1.78,85.4,31.9,0.0,1
75100.0,660700.0,12056.95,1,9.04,68.6,32.8,18.0,1
69200.0,588400.0,10737.57,5,0.4,66.0,40.6,18.0,1
71700.0,557600.0,10175.51,3,1.06,74.1,39.3,5.0,1
41800.0,452700.0,8261.21,0,6.07,66.4,33.0,0.0,1
78000.0,739200.0,13489.48,5,0.94,73.3,46.4,5.0,1
64100.0,499300.0,9111.6,2,2.13,71.2,40.1,18.0,1
104800.0,815800.0,14887.33,7,2.67,61.8,15.5,5.0,1
117900.0,1083500.0,19772.53,5,0.1,53.6,23.4,0.0,0
183800.0,1393400.0,25427.82,1,2.67,73.6,28.4,0.0,1
109900.0,912000.0,16642.86,2,1.7,80.2,22.7,18.0,1
189100.0,1574500.0,28732.66,3,5.24,71.5,26.5,0.0,1
46500.0,448900.0,8191.87,2,1.05,76.3,22.8,0.0,1
28200.0,222100.0,4053.05,2,2.77,83.1,40.9,18.0,1
100200.0,1003000.0,18303.5,4,1.0,52.3,24.6,0.0,1
60800.0,578900.0,10564.2,1,2.87,61.9,21.8,0.0,1
27700.0,236500.0,4315.83,4,1.29,60.5,34.0,18.0,1
43000.0,413600.0,7547.69,4,4.56,68.8,38.5,18.0,1
42500.0,466900.0,8520.34,2,1.68,84.7,34.1,0.0,1
141600.0,1147400.0,20938.62,2,1.58,49.8,23.3,0.0,1
121300.0,1135700.0,20725.11,4,8.38,68.8,28.1,0.0,1
38400.0,294700.0,5377.91,3,2.99,57.9,20.4,5.0,1
135100.0,1221100.0,22283.55,0,9.79,69.2,17.9,0.0,1
53500.0,526300.0,9604.32,2,1.73,81.8,38.0,5.0,1
114000.0,1063100.0,19400.25,3,11.63,79.1,20.4,5.0,1
60400.0,541400.0,9879.88,2,2.71,84.2,16.7,5.0,1
64500.0,588100.0,10732.09,3,0.67,48.0,36.7,0.0,1
180500.0,1415700.0,25834.76,0,5.1,54.6,32.1,0.0,1
100600.0,822500.0,15009.6,0,8.33,75.1,29.2,0.0,1
98700.0,854300.0,15589.91,4,7.38,72.4,21.0,5.0,1
67400.0,644000.0,11752.2,1,3.61,81.3,13.8,0.0,1
68900.0,650800.0,11876.29,8,0.86,78.6,22.0,5.0,1
135500.0,1501500.0,27400.51,3,0.6,67.3,24.9,0.0,1
22400.0,210800.0,3846.84,5,0.46,65.6,17.0,5.0,1
65400.0,543200.0,9912.72,2,1.95,45.8,15.1,5.0,1
89300.0,911700.0,16637.39,2,1.13,84.5,23.6,18.0,1
58600.0,516500.0,9425.48,3,0.76,63.4,15.0,5.0,1
78800.0,731400.0,13347.14,8,0.88,51.9,13.9,5.0,0
63100.0,649500.0,11852.57,6,0.6,84.2,17.3,5.0,0
19300.0,199800.0,3646.1,0,8.53,55.9,36.8,5.0,1
93200.0,785200.0,14328.92,3,0.35,74.9,15.4,5.0,1
42100.0,314600.0,5741.06,5,0.42,63.5,15.8,5.0,1
192900.0,1803100.0,32904.33,3,2.19,66.3,36.0,0.0,1
77000.0,560400.0,10226.6,1,0.32,63.5,40.9,5.0,1
47500.0,361500.0,6596.92,3,4.0,75.9,18.4,0.0,1
51600.0,387600.0,7073.22,2,0.55,43.4,21.2,0.0,1
43700.0,369500.0,6742.91,1,2.64,77.0,18.0,5.0,1
62300.0,625500.0,11414.6,2,0.52,61.3,20.4,18.0,1
141300.0,1108100.0,20221.45,2,6.26,90.5,27.7,0.0,1
24400.0,242100.0,4418.02,5,0.7,58.2,27.8,5.0,1
54900.0,456000.0,8321.43,3,1.29,68.5,24.0,0.0,1
28800.0,315600.0,5759.31,7,1.92,77.8,42.3,5.0,1
79800.0,773300.0,14111.76,2,0.43,75.6,23.7,0.0,1
35000.0,268200.0,4894.32,4,0.55,65.1,25.4,18.0,1
71000.0,649800.0,11858.04,2,3.58,50.3,28.3,0.0,1
32600.0,260300.0,4750.15,2,3.05,73.3,55.8,5.0,1
106500.0,802300.0,14640.98,5,0.48,70.1,14.9,5.0,1
101800.0,798800.0,14577.11,1,2.43,57.5,24.5,18.0,1
131300.0,1125300.0,20535.32,5,0.17,67.6,16.5,0.0,0
81800.0,606600.0,11069.69,2,2.7,82.9,32.6,0.0,1
50500.0,498700.0,9100.65,4,4.93,67.1,15.3,5.0,1
90800.0,740500.0,13513.2,4,3.49,51.5,19.0,18.0,1
73600.0,690600.0,12602.59,5,0.23,56.5,41.1,18.0,1
114100.0,1040200.0,18982.35,5,0.34,48.8,23.3,0.0,1
109800.0,921600.0,16818.05,4,3.19,65.2,19.9,18.0,1
147100.0,1247100.0,22758.02,2,0.69,86.5,12.4,0.0,1
17000.0,176100.0,3213.61,2,2.83,79.1,34.9,18.0,1
128900.0,1344500.0,24535.45,3,3.26,68.7,30.8,18.0,1
181400.0,1431800.0,26128.57,3,1.65,58.6,38.2,0.0,1
15800.0,124100.0,2264.67,1,1.91,64.1,42.6,5.0,1
135300.0,1346100.0,24564.65,2,5.19,86.3,26.5,0.0,1
32500.0,270200.0,4930.81,3,1.94,61.8,27.6,0.0,1
88300.0,686600.0,12529.6,0,8.74,78.6,16.6,18.0,1
139900.0,1448900.0,26440.62,1,0.31,54.5,27.8,0.0,1
67900.0,626600.0,11434.67,3,4.76,59.1,18.9,5.0,1
45900.0,380100.0,6936.35,3,5.97,66.0,19.7,5.0,1
46200.0,408700.0,7458.27,1,4.3,83.5,37.0,5.0,1
75200.0,568400.0,10372.59,5,0.22,79.5,17.7,5.0,1
84400.0,633600.0,11562.41,9,0.71,79.9,11.3,5.0,1
15500.0,112900.0,2060.28,2,3.19,79.8,65.1,18.0,1
96700.0,994100.0,18141.09,3,2.61,57.8,17.2,18.0,1
110000.0,1034200.0,18872.86,2,1.38,74.2,16.9,0.0,1
175300.0,1356200.0,24748.96,0,5.8,77.2,21.8,0.0,1
51900.0,415600.0,7584.18,0,4.6,95.2,19.5,18.0,1
107700.0,1021700.0,18644.75,2,0.77,63.1,23.2,0.0,1
32600.0,233300.0,4257.43,1,2.06,67.6,19.6,5.0,1
147500.0,1307200.0,23854.77,2,3.77,56.8,27.9,0.0,1
146900.0,1245700.0,22732.47,1,1.09,74.7,26.0,0.0,1
104100.0,865000.0,15785.17,1,2.62,73.1,15.6,18.0,1
41100.0,370100.0,6753.86,2,4.3,58.6,21.8,5.0,1
29400.0,269500.0,4918.04,4,6.68,73.6,12.0,5.0,1
79500.0,729700.0,13316.12,5,0.36,69.0,15.9,5.0,0
114200.0,1086800.0,19832.75,0,9.06,66.8,18.8,0.0,1
59200.0,584000.0,10657.27,4,0.38,67.2,25.6,18.0,1
61400.0,626300.0,11429.2,1,1.57,63.9,24.5,0.0,1
18000.0,159200.0,2905.2,7,0.22,76.4,18.2,5.0,0
78600.0,674000.0,12299.66,3,0.39,96.0,35.8,5.0,1
63400.0,494300.0,9020.36,4,9.17,53.1,16.2,5.0,1
52000.0,420000.0,7664.48,2,0.58,57.8,26.3,0.0,1
57100.0,436700.0,7969.23,4,0.88,85.6,19.7,0.0,1
101300.0,736200.0,13434.73,2,2.26,74.3,19.5,0.0,1
115200.0,837400.0,15281.51,4,0.85,84.9,18.9,5.0,1
44800.0,474400.0,8657.21,2,1.73,48.5,43.5,5.0,1
73600.0,532500.0,9717.46,1,3.34,85.9,24.7,0.0,1
70400.0,663100.0,12100.75,1,0.56,74.7,37.1,5.0,1
79400.0,587900.0,10728.44,6,0.15,61.5,41.9,5.0,0
129300.0,983300.0,17944.0,2,0.4,67.2,27.3,0.0,1
109900.0,978500.0,17856.41,2,1.2,56.0,28.2,0.0,1
39300.0,308500.0,5629.74,5,1.77,71.5,27.8,5.0,1
51500.0,529200.0,9657.24,2,1.29,70.5,15.8,5.0,1
105700.0,1115500.0,20356.49,1,0.7,64.2,15.4,0.0,1
132300.0,947400.0,17288.87,5,0.57,62.2,24.9,18.0,1
96800.0,1074700.0,19611.94,4,1.26,57.9,24.7,0.0,1
125000.0,1137300.0,20754.31,2,8.0,66.1,20.5,0.0,1
41200.0,295800.0,5397.98,3,1.4,65.0,15.2,5.0,1
51000.0,423600.0,7730.17,0,6.18,60.1,21.8,18.0,1
51800.0,506800.0,9248.47,1,0.51,75.5,66.9,18.0,1
87300.0,810500.0,14790.62,1,7.04,77.9,17.1,0.0,1
179700.0,1317400.0,24040.91,0,7.38,82.6,27.2,0.0,1
25600.0,279200.0,5095.05,1,0.64,86.6,47.6,5.0,1
74100.0,589800.0,10763.12,2,2.29,60.5,23.4,0.0,1
154900.0,1655400.0,30208.99,2,3.24,93.5,27.2,0.0,1
44500.0,365600.0,6671.74,0,5.25,71.4,34.0,5.0,1
62300.0,512400.0,9350.66,0,6.8,45.8,25.0,0.0,1
112100.0,896000.0,16350.88,4,5.56,78.4,19.7,5.0,1
248700.0,2533400.0,46231.4,5,0.39,74.9,24.6,18.0,1
102600.0,814200.0,14858.14,0,8.56,49.9,24.1,0.0,1
159400.0,1244800.0,22716.05,1,2.9,43.9,29.2,0.0,1
63100.0,554100.0,10111.64,5,0.65,66.1,20.8,5.0,1
128000.0,959700.0,17513.33,1,1.14,61.8,29.9,18.0,1
70100.0,707200.0,12905.52,1,0.34,86.5,20.9,0.0,1
82400.0,609200.0,11117.14,4,1.05,72.6,29.5,0.0,1
73200.0,711100.0,12976.69,2,1.1,61.2,20.2,0.0,1
40700.0,296800.0,5416.23,3,0.84,61.7,15.4,5.0,1
87300.0,797600.0,14555.21,3,2.64,78.4,18.4,5.0,1
25000.0,266900.0,4870.59,5,1.21,65.3,29.0,0.0,1
158300.0,1409500.0,25721.62,3,6.61,59.4,24.1,0.0,1
124200.0,1086700.0,19830.92,2,6.14,78.6,24.4,0.0,1
51400.0,378700.0,6910.8,3,1.33,59.1,30.3,18.0,1
65300.0,514400.0,9387.16,4,3.98,75.1,19.7,5.0,1
29700.0,289000.0,5273.89,3,5.35,53.9,34.9,5.0,1
77500.0,752900.0,13739.49,5,0.62,52.0,30.8,0.0,1
100700.0,951600.0,17365.52,3,0.66,77.0,22.2,18.0,1
152700.0,1328600.0,24245.3,3,2.04,82.2,23.8,0.0,1
80200.0,868900.0,15856.34,2,0.3,72.1,15.1,5.0,1
157700.0,1574900.0,28739.96,1,6.05,80.1,28.0,0.0,1
95000.0,895500.0,16341.76,1,2.46,62.5,36.9,0.0,1
62000.0,519500.0,9480.23,3,2.26,88.6,22.0,0.0,1
51500.0,415800.0,7587.83,2,1.09,96.0,28.9,0.0,1
184700.0,1354900.0,24725.24,1,3.87,75.9,21.9,18.0,1
120600.0,1303900.0,23794.55,1,4.09,71.9,23.5,0.0,1
30700.0,297400.0,5427.18,1,0.63,80.4,23.9,0.0,1
70700.0,563600.0,10285.0,3,0.34,76.0,39.9,18.0,1
66100.0,579200.0,10569.68,4,1.18,68.2,16.3,0.0,1
74000.0,818100.0,14929.31,6,0.28,64.9,18.5,5.0,0
42000.0,435200.0,7941.86,4,0.51,69.0,37.5,5.0,1
12800.0,111500.0,2034.74,4,0.56,45.1,40.8,5.0,1
55800.0,406100.0,7410.82,3,2.15,67.7,31.5,18.0,1
90600.0,922400.0,16832.65,2,1.02,72.2,17.8,5.0,1
39800.0,300600.0,5485.58,1,2.09,67.2,22.2,0.0,1
117600.0,996200.0,18179.41,2,1.62,76.2,18.8,18.0,1
168600.0,1275400.0,23274.46,3,2.39,80.0,21.1,0.0,1
18800.0,195500.0,3567.63,5,0.32,58.5,15.3,5.0,0
155900.0,1590500.0,29024.64,1,0.85,47.2,29.9,0.0,1
113400.0,832800.0,15197.56,1,0.59,71.5,30.0,0.0,1
47900.0,376200.0,6865.18,0,9.57,64.9,39.8,5.0,1
99200.0,783600.0,14299.72,3,1.55,73.1,23.0,18.0,1
77700.0,776600.0,14171.98,0,5.3,79.2,27.4,0.0,1
89100.0,903100.0,16480.45,2,1.81,73.9,27.5,18.0,1
113100.0,1049300.0,19148.42,3,5.18,54.4,19.2,18.0,1
42600.0,374900.0,6841.46,6,0.86,35.0,21.0,5.0,1
120800.0,894200.0,16318.04,0,6.3,94.8,24.4,0.0,1
19300.0,165900.0,3027.47,1,0.72,74.1,61.3,18.0,1
63800.0,456000.0,8321.43,5,0.18,45.9,33.4,0.0,1
16800.0,164900.0,3009.22,4,2.3,78.9,15.0,5.0,1
62700.0,568300.0,10370.77,2,2.73,45.1,16.3,18.0,1
55800.0,543100.0,9910.9,2,2.83,95.9,31.9,5.0,1
87200.0,905000.0,16515.12,2,4.49,80.8,22.0,18.0,1
64500.0,666400.0,12160.97,5,0.45,61.2,21.1,18.0,0
105300.0,753300.0,13746.79,1,3.95,63.6,29.6,18.0,1
40700.0,305900.0,5582.29,3,0.52,55.0,54.0,18.0,1
49000.0,489900.0,8940.07,5,0.22,78.1,21.2,5.0,0
43700.0,376600.0,6872.48,1,2.33,73.0,25.8,0.0,1
65300.0,685900.0,12516.82,1,0.64,69.1,42.8,5.0,1
124200.0,1086600.0,19829.1,2,0.42,83.4,17.8,0.0,1
119800.0,930400.0,16978.64,8,0.25,73.6,16.5,5.0,0
25000.0,209300.0,3819.46,4,0.38,51.3,39.4,5.0,1
39200.0,338400.0,6175.38,1,3.16,81.4,24.3,0.0,1
160800.0,1177100.0,21480.61,1,1.02,54.7,25.8,0.0,1
40900.0,359400.0,6558.6,5,0.49,55.5,21.5,18.0,1
47500.0,367900.0,6713.72,14,0.21,61.0,14.9,5.0,0
64700.0,705200.0,12869.02,0,7.64,68.1,28.7,0.0,1
83700.0,778400.0,14204.83,3,1.85,76.0,18.7,5.0,1
47200.0,460500.0,8403.55,4,0.46,54.8,17.7,5.0,1
73400.0,701200.0,12796.03,3,1.44,76.9,14.5,5.0,1
79300.0,851100.0,15531.52,6,0.78,66.9,15.9,5.0,0
111600.0,1081400.0,19734.2,5,1.24,65.7,17.8,5.0,1
81100.0,857000.0,15639.18,6,0.92,41.0,16.6,5.0,0
134400.0,1073800.0,19595.51,1,2.45,74.4,43.9,18.0,1
46100.0,426300.0,7779.44,2,2.83,61.7,26.5,0.0,1
59300.0,628900.0,11476.64,3,0.37,72.9,12.7,5.0,1
56800.0,534400.0,9752.13,0,5.47,83.0,37.5,5.0,1
45900.0,451100.0,8232.01,3,2.77,80.6,62.1,18.0,1
88400.0,724700.0,13224.87,2,1.66,79.2,21.5,0.0,1
71100.0,620200.0,11317.88,2,0.39,63.3,25.0,0.0,1
169600.0,1516800.0,27679.71,3,0.54,91.1,22.3,18.0,1
109500.0,787800.0,14376.37,4,0.37,60.4,15.5,5.0,1
44300.0,436400.0,7963.76,5,0.2,77.3,17.2,5.0,0
64600.0,469000.0,8558.67,1,2.97,69.0,45.8,18.0,1
21600.0,175800.0,3208.13,6,0.34,42.7,62.8,18.0,1
51300.0,372500.0,6797.66,3,0.3,48.5,33.7,5.0,1
132600.0,1272600.0,23223.37,1,0.73,60.4,27.6,18.0,1
88500.0,676900.0,12352.58,2,0.9,67.2,27.0,0.0,1
118200.0,1157200.0,21117.46,1,0.87,57.1,31.6,0.0,1
101800.0,729300.0,13308.82,1,5.57,74.0,25.5,0.0,1
45100.0,340000.0,6204.58,8,0.71,79.1,18.8,5.0,1
47500.0,480700.0,8772.18,3,0.87,43.3,20.9,5.0,1
123700.0,1269200.0,23161.32,3,1.77,74.3,19.0,0.0,1
127200.0,969100.0,17684.87,1,2.43,60.8,29.1,0.0,1
188900.0,1631800.0,29778.32,1,1.99,67.0,21.0,0.0,1
74600.0,771200.0,14073.44,2,0.34,62.6,25.3,0.0,1
29900.0,313400.0,5719.16,5,0.99,68.1,11.2,5.0,1
26300.0,203300.0,3709.97,2,4.82,71.5,25.5,0.0,1
43900.0,449900.0,8210.11,3,3.55,70.9,16.8,5.0,1
159400.0,1431100.0,26115.79,1,0.37,70.2,19.9,0.0,1
30500.0,314800.0,5744.71,8,0.26,76.1,19.0,5.0,0
91500.0,791400.0,14442.06,5,0.49,69.4,16.9,5.0,0
64000.0,495800.0,9047.73,2,0.76,84.0,34.1,0.0,1
58800.0,433900.0,7918.13,5,0.4,70.9,15.0,5.0,1
153100.0,1207000.0,22026.25,3,3.96,77.1,26.4,0.0,1
170100.0,1367400.0,24953.35,3,1.82,71.1,20.9,0.0,1
96400.0,999700.0,18243.28,7,0.27,78.9,20.3,5.0,0
33000.0,256600.0,4682.63,5,0.55,62.4,31.8,18.0,1
112200.0,1084000.0,19781.65,5,0.66,59.9,18.0,5.0,1
108500.0,992700.0,18115.54,1,5.46,75.3,31.6,18.0,1
179400.0,1503900.0,27444.3,1,10.82,58.5,33.8,0.0,1
110800.0,867700.0,15834.44,2,3.57,66.6,20.0,0.0,1
31400.0,336200.0,6135.23,1,2.04,78.9,27.2,0.0,1
130800.0,957900.0,17480.48,1,1.95,76.5,28.3,0.0,1
67000.0,491400.0,8967.44,3,1.12,68.6,33.3,0.0,1
68800.0,595300.0,10863.48,2,1.28,56.5,26.2,18.0,1
52600.0,468300.0,8545.89,0,4.97,76.6,29.0,0.0,1
72800.0,570300.0,10407.26,2,1.66,77.2,43.1,5.0,1
125600.0,1108800.0,20234.22,2,2.82,70.5,25.3,0.0,1
106300.0,1061600.0,19372.88,3,6.06,59.5,20.6,0.0,1
32300.0,280200.0,5113.3,3,0.35,75.5,31.5,5.0,1
79100.0,701400.0,12799.68,4,1.48,64.2,12.9,5.0,1
163600.0,1326500.0,24206.97,1,3.78,50.7,30.7,0.0,1
41600.0,334200.0,6098.73,3,0.83,72.0,18.8,5.0,1
127200.0,1218200.0,22230.63,1,4.11,62.3,23.2,0.0,1
211700.0,1605100.0,29291.08,1,2.11,81.3,19.0,18.0,1
175600.0,1890000.0,34490.15,1,0.67,69.9,16.4,0.0,1
69300.0,716400.0,13073.41,2,7.44,37.4,24.2,0.0,1
35000.0,251400.0,4587.74,1,2.66,63.4,62.8,18.0,1
81400.0,698600.0,12748.58,3,0.49,79.9,21.4,18.0,1
24400.0,232500.0,4242.84,4,7.12,91.3,60.1,5.0,1
102300.0,1070100.0,19527.99,1,3.15,74.6,16.5,0.0,1
161300.0,1176900.0,21476.96,5,0.12,89.4,30.9,0.0,1
111700.0,1073600.0,19591.86,2,0.92,78.2,38.8,18.0,1
180400.0,1793700.0,32732.79,1,4.19,66.7,28.6,0.0,1
20700.0,178600.0,3259.23,2,0.86,77.0,13.9,5.0,1
153200.0,1663900.0,30364.1,2,0.78,52.6,28.6,0.0,1
121000.0,882400.0,16102.7,0,4.82,68.9,26.4,0.0,1
76300.0,803700.0,14666.52,1,1.38,75.2,24.2,0.0,1
38500.0,320400.0,5846.9,2,1.8,75.5,22.9,0.0,1
157800.0,1740600.0,31763.78,4,2.56,47.7,30.2,0.0,1
45900.0,335400.0,6120.63,2,4.93,68.4,34.4,0.0,1
42200.0,406900.0,7425.42,4,3.58,64.4,44.1,5.0,1
40400.0,315300.0,5753.83,0,5.94,60.2,31.5,0.0,1
151200.0,1166500.0,21287.17,1,1.11,60.7,25.4,0.0,1
82900.0,763000.0,13923.8,3,1.98,74.9,29.1,18.0,1
49000.0,498500.0,9097.0,2,3.19,81.1,36.9,0.0,1
104100.0,880700.0,16071.68,0,6.68,70.0,23.3,0.0,1
112000.0,872900.0,15929.34,6,1.15,74.6,14.4,18.0,1
62500.0,516700.0,9429.13,3,1.45,56.7,56.9,18.0,1
186800.0,1611400.0,29406.04,1,1.34,57.5,33.9,0.0,1
29200.0,239500.0,4370.58,6,1.4,74.0,16.8,5.0,1
121100.0,1075000.0,19617.41,3,2.53,68.3,26.6,0.0,1
27900.0,204400.0,3730.05,3,1.11,76.2,14.2,5.0,1
104100.0,859100.0,15677.51,1,7.29,56.4,21.0,0.0,1
96200.0,710200.0,12960.27,4,2.99,72.2,14.1,5.0,1
82200.0,873500.0,15940.29,3,3.8,59.3,23.9,0.0,1
47600.0,390000.0,7117.01,4,3.11,46.3,55.1,18.0,1
82200.0,730600.0,13332.54,1,1.79,63.3,28.8,0.0,1
58300.0,518500.0,9461.98,6,1.14,76.3,15.5,5.0,1
47500.0,502400.0,9168.17,4,1.63,86.9,26.1,0.0,1
227400.0,1714700.0,31291.14,6,0.18,56.0,19.9,18.0,1
86900.0,933400.0,17033.39,2,3.09,71.9,17.7,5.0,1
25900.0,195600.0,3569.46,3,0.44,70.7,51.8,5.0,1
36400.0,299300.0,5461.85,2,1.67,88.1,37.6,5.0,1
43200.0,420100.0,7666.3,2,0.64,70.3,43.1,5.0,1
106300.0,1060800.0,19358.28,0,7.11,47.7,31.6,0.0,1
103800.0,888700.0,16217.67,1,3.39,85.6,20.2,0.0,1
31400.0,245900.0,4487.37,4,1.16,55.5,18.2,5.0,1
118500.0,1085000.0,19799.9,3,4.98,73.6,18.3,18.0,1
70600.0,763700.0,13936.57,4,2.07,64.0,39.9,18.0,1
20400.0,198800.0,3627.85,4,0.57,74.0,12.7,5.0,1
144600.0,1274600.0,23259.86,3,0.51,73.3,22.6,0.0,1
95200.0,912900.0,16659.29,7,1.65,75.8,10.5,5.0,1
64700.0,529400.0,9660.89,2,0.7,89.0,39.5,18.0,1
91300.0,790000.0,14416.52,3,3.09,70.4,28.8,18.0,1
109900.0,995700.0,18170.29,1,0.32,58.1,29.7,18.0,1
39200.0,290100.0,5293.96,1,0.48,66.5,19.6,0.0,1
38300.0,276800.0,5051.26,1,1.18,56.1,43.5,5.0,1
128100.0,1059900.0,19341.86,6,0.53,75.2,25.9,0.0,1
61500.0,612500.0,11177.36,2,0.59,53.3,28.8,0.0,1
155900.0,1120600.0,20449.55,2,2.29,62.2,21.6,0.0,1
24300.0,212200.0,3872.39,2,0.45,64.4,38.3,5.0,1
82700.0,654000.0,11934.69,0,9.04,88.7,16.4,5.0,1
104800.0,933300.0,17031.56,2,4.92,61.9,47.7,18.0,1
20100.0,179700.0,3279.3,3,1.47,69.3,49.0,5.0,1
30600.0,322800.0,5890.7,1,4.26,75.5,25.4,0.0,1
21200.0,155700.0,2841.33,3,19.32,69.2,27.8,18.0,1
124100.0,890600.0,16252.34,1,1.43,85.0,20.2,0.0,1
89800.0,742300.0,13546.05,2,2.02,75.8,23.8,0.0,1
38300.0,276300.0,5042.13,2,1.05,49.0,42.6,18.0,1
154400.0,1488200.0,27157.8,2,3.8,63.5,17.4,0.0,1
63000.0,573500.0,10465.66,6,0.45,49.9,68.0,18.0,1
67700.0,626400.0,11431.02,3,0.84,77.7,44.4,5.0,1
41700.0,299700.0,5469.15,0,6.0,53.5,24.9,0.0,1
99400.0,864200.0,15770.57,2,0.41,54.6,14.7,5.0,1
103400.0,953700.0,17403.84,9,0.58,58.8,13.6,5.0,0
78000.0,741100.0,13524.15,7,0.39,59.0,15.8,5.0,0
108900.0,924000.0,16861.85,2,1.32,88.4,21.8,5.0,1
112800.0,813300.0,14841.71,4,1.83,76.1,17.6,5.0,1
35800.0,280800.0,5124.25,2,8.6,61.2,20.2,0.0,1
133100.0,1116700.0,20378.38,3,0.61,51.7,26.4,0.0,1
57400.0,488700.0,8918.17,2,3.52,69.0,22.8,18.0,1
62100.0,477100.0,8706.48,1,1.93,49.5,30.3,0.0,1
151700.0,1336300.0,24385.81,1,0.65,53.1,27.1,0.0,1
148300.0,1082700.0,19757.93,3,0.72,40.3,34.6,0.0,1
47900.0,429300.0,7834.19,5,0.15,77.5,16.5,5.0,0
135600.0,1037900.0,18940.38,5,0.28,86.1,27.8,0.0,1
115500.0,911800.0,16639.21,1,3.14,77.9,27.8,0.0,1
31600.0,254600.0,4646.13,1,4.7,75.8,58.8,18.0,1
62400.0,467500.0,8531.29,4,3.88,54.6,18.5,5.0,1
102800.0,803700.0,14666.52,1,0.58,81.5,19.6,0.0,1
54000.0,494700.0,9027.66,2,0.52,64.3,40.6,0.0,1
69500.0,546700.0,9976.59,1,0.82,70.2,20.2,5.0,1
132600.0,1275200.0,23270.81,3,5.56,73.7,22.5,18.0,1
69100.0,663700.0,12111.7,0,7.2,55.5,39.3,5.0,1
41900.0,462100.0,8432.75,4,6.53,86.2,19.7,5.0,1
75900.0,576200.0,10514.93,1,5.36,85.0,27.7,0.0,1
166000.0,1206300.0,22013.47,2,0.99,57.1,24.9,0.0,1
111500.0,869400.0,15865.47,2,4.77,83.5,28.1,0.0,1
98200.0,909900.0,16604.54,2,1.5,69.6,15.5,5.0,1
32900.0,343300.0,6264.8,7,0.46,65.0,17.0,5.0,0
10800.0,81000.0,1478.15,3,0.41,57.2,46.2,5.0,1
24700.0,269700.0,4921.69,8,1.62,50.9,15.1,5.0,0
84500.0,616800.0,11255.83,2,0.36,73.1,19.0,0.0,1
60500.0,555700.0,10140.83,4,1.99,64.0,30.3,0.0,1
215600.0,1969800.0,35946.4,2,3.54,70.4,18.6,18.0,1
100700.0,953400.0,17398.36,1,2.19,67.6,26.2,0.0,1
145900.0,1346300.0,24568.3,3,1.74,78.3,28.2,0.0,1
52400.0,464400.0,8474.72,2,0.71,82.1,42.3,5.0,1
48800.0,425900.0,7772.14,2,1.65,81.8,31.1,18.0,1
100800.0,960200.0,17522.45,3,4.51,87.5,19.8,5.0,1
15600.0,169200.0,3087.69,6,1.08,66.4,32.8,5.0,1
30500.0,332900.0,6075.01,0,9.5,91.1,36.6,5.0,1
98700.0,774300.0,14130.01,3,3.26,60.7,21.5,5.0,1
186400.0,1579900.0,28831.21,4,0.9,77.3,17.5,18.0,1
96000.0,727200.0,13270.49,0,4.54,74.5,16.4,5.0,1
21400.0,180300.0,3290.25,5,0.55,56.5,44.9,18.0,1
60900.0,569100.0,10385.37,1,0.49,56.6,24.3,0.0,1
71800.0,761400.0,13894.6,2,1.13,85.0,43.7,5.0,1
113800.0,879700.0,16053.43,6,0.21,65.1,15.2,5.0,0
53900.0,519200.0,9474.75,2,1.15,74.0,43.6,5.0,1
114000.0,1089100.0,19874.72,5,0.15,85.9,14.4,5.0,0
49200.0,369600.0,6744.74,1,3.74,61.4,16.5,18.0,1
44200.0,375400.0,6850.58,2,1.98,77.8,14.6,18.0,1
72900.0,629500.0,11487.59,7,0.71,52.5,15.7,5.0,1
23700.0,187600.0,3423.47,4,1.07,73.9,9.8,5.0,1
187400.0,2051400.0,37435.5,4,3.53,68.5,31.7,0.0,1
104500.0,1112000.0,20292.62,1,3.13,69.5,28.8,0.0,1
149100.0,1141100.0,20823.65,1,1.07,74.3,29.6,0.0,1
70200.0,565500.0,10319.67,1,7.83,65.1,25.5,18.0,1
175100.0,1914600.0,34939.07,2,2.1,83.8,26.3,0.0,1
82600.0,607600.0,11087.94,3,8.04,66.4,17.7,5.0,1
105400.0,831300.0,15170.19,4,6.92,86.6,14.9,5.0,1
85800.0,835600.0,15248.66,4,1.32,75.7,34.2,18.0,1
83800.0,648700.0,11837.97,0,8.73,65.7,20.9,0.0,1
34200.0,333200.0,6080.49,4,1.82,59.9,19.5,5.0,1
80800.0,738200.0,13471.23,2,2.51,77.0,15.2,0.0,1
40100.0,295600.0,5394.33,4,2.2,71.1,20.7,18.0,1
107100.0,1174300.0,21429.51,2,1.85,91.2,18.2,0.0,1
67600.0,695700.0,12695.66,3,2.13,81.6,52.8,18.0,1
90100.0,804900.0,14688.42,3,2.89,78.8,17.9,5.0,1
69200.0,597900.0,10910.93,1,0.39,67.9,24.5,0.0,1
18800.0,137900.0,2516.5,0,4.72,79.5,53.2,5.0,1
93300.0,724900.0,13228.52,3,1.28,35.0,14.0,5.0,1
53400.0,560500.0,10228.43,6,1.58,52.6,18.4,5.0,1
28700.0,216800.0,3956.33,1,1.24,51.8,60.1,5.0,1
41200.0,334400.0,6102.38,4,1.51,48.7,13.3,5.0,1
182700.0,1707100.0,31152.45,5,1.95,60.4,27.2,0.0,1
35900.0,274700.0,5012.93,3,0.6,60.2,21.1,5.0,1
28300.0,213500.0,3896.11,1,4.46,80.2,34.4,5.0,1
97400.0,914300.0,16684.84,3,1.66,75.1,22.3,0.0,1
101300.0,918400.0,16759.66,3,4.65,86.8,12.1,5.0,1
89200.0,919600.0,16781.55,3,1.68,66.9,17.7,5.0,1
55300.0,451000.0,8230.19,4,2.86,61.4,15.4,5.0,1
20800.0,164200.0,2996.45,5,0.13,79.5,66.6,18.0,1
46800.0,441400.0,8055.0,6,0.96,71.2,19.7,5.0,1
62900.0,671400.0,12252.21,2,1.13,43.0,31.6,5.0,1
27200.0,200600.0,3660.7,0,6.44,78.3,20.5,0.0,1
130600.0,1183400.0,21595.58,1,2.84,77.7,45.3,0.0,1
161900.0,1421100.0,25933.31,1,0.6,74.5,31.1,0.0,1
72400.0,543500.0,9918.2,1,6.28,67.0,33.3,18.0,1
106300.0,776700.0,14173.81,5,0.76,62.4,17.6,5.0,1
46700.0,345500.0,6304.94,4,0.34,70.4,20.9,5.0,1
92600.0,749600.0,13679.27,9,0.39,61.5,14.5,5.0,0
69600.0,524700.0,9575.12,2,1.58,69.1,23.5,0.0,1
79500.0,719500.0,13129.98,2,9.85,64.2,42.4,5.0,1
89100.0,911200.0,16628.27,4,2.12,69.1,30.8,0.0,1
114500.0,823800.0,15033.32,4,1.35,62.2,28.3,18.0,1
151500.0,1330700.0,24283.62,0,5.5,79.6,26.0,0.0,1
28400.0,209000.0,3813.99,4,0.68,75.0,16.1,5.0,1
70700.0,580800.0,10598.88,4,0.99,82.1,11.5,5.0,1
57200.0,468800.0,8555.02,2,0.39,75.0,26.4,0.0,1
150900.0,1551900.0,28320.24,4,1.06,70.6,28.5,0.0,1
83900.0,780200.0,14237.68,1,6.26,79.9,24.4,0.0,1
158500.0,1357000.0,24763.56,0,9.45,76.3,15.8,0.0,1
169900.0,1778800.0,32460.89,1,4.33,63.9,35.5,0.0,1
198500.0,1699800.0,31019.23,2,3.8,90.4,29.1,0.0,1
181700.0,1807600.0,32986.45,2,5.06,66.0,27.6,0.0,1
124000.0,1231900.0,22480.64,1,0.8,75.9,21.9,0.0,1
107100.0,1145300.0,20900.3,3,0.63,69.7,19.6,5.0,1
77500.0,732600.0,13369.04,2,0.55,76.0,24.9,0.0,1
16600.0,163600.0,2985.5,3,0.8,67.1,39.6,5.0,1
33900.0,254800.0,4649.78,2,0.41,66.7,28.8,18.0,1
122100.0,1236700.0,22568.24,3,0.97,72.0,33.3,0.0,1
148900.0,1331400.0,24296.39,5,1.58,89.8,20.8,18.0,1
83600.0,798400.0,14569.81,4,1.82,64.2,17.5,5.0,1
40500.0,324900.0,5929.02,1,5.44,96.0,42.0,5.0,1
119600.0,857300.0,15644.66,6,0.71,58.4,18.3,5.0,1
67500.0,689400.0,12580.69,5,0.24,75.0,22.1,5.0,0
23900.0,244800.0,4467.3,3,0.5,80.6,33.1,18.0,1
189800.0,1461100.0,26663.26,3,0.82,62.2,29.7,0.0,1
159400.0,1483500.0,27072.03,2,2.0,65.6,23.5,0.0,1
45000.0,415900.0,7589.66,2,0.7,70.8,44.5,5.0,1
74200.0,707300.0,12907.34,1,2.51,76.6,28.2,18.0,1
62100.0,540300.0,9859.8,0,4.98,61.7,22.5,18.0,1
160200.0,1280500.0,23367.53,1,3.39,61.4,26.0,0.0,1
45200.0,325600.0,5941.79,3,0.43,62.2,11.3,5.0,1
32700.0,244400.0,4460.0,1,3.5,59.8,28.3,0.0,1
104000.0,1128200.0,20588.25,5,0.33,63.8,17.3,5.0,0
172800.0,1426800.0,26037.32,1,1.62,63.6,28.5,0.0,1
28100.0,202900.0,3702.67,6,0.44,73.0,32.6,5.0,1
195300.0,1442900.0,26331.13,4,2.75,66.0,19.1,18.0,1
16200.0,121300.0,2213.57,6,0.19,87.3,21.2,5.0,1
78000.0,696600.0,12712.08,8,1.72,64.9,15.6,5.0,1
60400.0,519600.0,9482.05,7,0.64,85.2,17.2,5.0,1
197200.0,1761500.0,32145.18,5,0.47,72.7,29.7,0.0,1
110600.0,1173000.0,21405.79,2,0.54,68.3,30.7,0.0,1
81100.0,816100.0,14892.81,4,2.24,74.9,15.0,5.0,1
179400.0,1301900.0,23758.05,1,1.39,58.4,25.6,0.0,1
76900.0,575100.0,10494.86,5,0.53,70.1,44.9,5.0,1
99300.0,709400.0,12945.67,5,1.6,70.6,27.1,0.0,1
21100.0,211400.0,3857.79,2,1.45,57.6,45.8,5.0,1
83200.0,600800.0,10963.85,0,9.28,58.4,22.1,5.0,1
102400.0,1079400.0,19697.71,2,2.15,48.1,19.5,18.0,1
93400.0,921800.0,16821.7,4,14.39,80.8,33.1,0.0,1
68400.0,526800.0,9613.44,6,1.45,58.0,21.2,5.0,1
22400.0,185700.0,3388.79,4,0.49,67.8,14.6,5.0,1
77100.0,627100.0,11443.79,1,0.88,61.2,34.0,5.0,1
149600.0,1607100.0,29327.57,0,6.22,81.2,15.7,0.0,1
42400.0,318900.0,5819.53,1,1.77,71.2,22.0,0.0,1
167600.0,1651300.0,30134.17,6,0.95,51.7,32.3,0.0,1
53000.0,457000.0,8339.68,1,4.72,73.3,49.8,5.0,1
88500.0,641500.0,11706.58,5,0.27,63.7,16.1,5.0,1
93200.0,915100.0,16699.44,5,0.3,75.7,12.0,5.0,0
77200.0,620900.0,11330.65,1,2.4,59.9,20.2,0.0,1
82200.0,594500.0,10848.88,5,0.12,53.5,14.2,5.0,0
76900.0,704000.0,12847.12,0,8.31,63.3,55.2,5.0,1
183900.0,1895400.0,34588.69,1,1.79,65.9,30.7,0.0,1
85100.0,876800.0,16000.51,3,5.05,88.2,21.7,18.0,1
160000.0,1444300.0,26356.68,0,7.36,61.9,30.9,0.0,1
32800.0,243900.0,4450.87,3,1.29,57.3,17.2,5.0,1
52600.0,456800.0,8336.03,2,2.93,77.4,18.0,5.0,1
149700.0,1309500.0,23896.74,1,1.18,54.4,23.6,0.0,1
172300.0,1594400.0,29095.81,3,0.69,61.6,19.1,0.0,1
140200.0,1094400.0,19971.44,4,0.58,80.6,30.9,0.0,1
52300.0,524500.0,9571.47,2,6.67,81.9,14.5,5.0,1
18200.0,148200.0,2704.47,1,0.99,61.2,18.6,5.0,1
36000.0,398100.0,7264.83,1,1.28,58.6,12.2,0.0,1
62100.0,572600.0,10449.24,0,8.81,55.7,26.8,0.0,1
65400.0,534900.0,9761.26,1,1.17,50.1,10.9,5.0,1
178700.0,1946700.0,35524.85,0,5.77,67.2,27.6,0.0,1
36400.0,397400.0,7252.06,2,3.48,86.1,24.9,0.0,1
26500.0,214800.0,3919.83,7,0.11,81.7,18.7,5.0,0
61000.0,502600.0,9171.82,1,0.34,68.8,52.6,5.0,1
91800.0,721800.0,13171.95,2,3.12,86.6,23.2,0.0,1
125800.0,1009900.0,18429.42,2,1.07,56.6,25.0,18.0,1
74900.0,751500.0,13713.94,3,4.47,81.6,11.9,5.0,1
132700.0,959900.0,17516.98,1,1.38,85.6,22.1,0.0,1
118400.0,959300.0,17506.03,1,0.31,69.4,16.8,18.0,1
134000.0,1488400.0,27161.45,2,4.49,65.9,32.4,0.0,1
52400.0,453800.0,8281.28,6,1.28,78.5,13.5,5.0,1
177600.0,1645000.0,30019.2,1,1.06,77.3,18.2,0.0,1
70900.0,668700.0,12202.94,3,1.57,59.9,21.4,5.0,1
100300.0,1012300.0,18473.21,2,0.46,62.8,20.5,0.0,1
40800.0,296700.0,5414.41,2,0.48,63.7,14.1,5.0,1
63400.0,622300.0,11356.2,3,1.14,66.1,45.4,5.0,1
64100.0,489300.0,8929.12,5,0.33,56.6,14.8,5.0,1
53300.0,543400.0,9916.37,4,0.73,37.7,15.5,5.0,1
63300.0,534500.0,9753.96,0,4.59,64.2,22.3,0.0,1
146700.0,1389300.0,25353.0,2,2.8,58.3,23.6,0.0,1
14700.0,130600.0,2383.29,5,0.58,68.8,63.3,18.0,1
141100.0,1335400.0,24369.39,6,0.28,46.7,24.2,0.0,0
36000.0,385600.0,7036.72,2,0.34,52.4,13.3,5.0,0
165300.0,1385100.0,25276.35,7,2.28,58.9,30.2,0.0,1
101800.0,1045100.0,19071.77,4,4.38,62.8,17.6,5.0,1
35800.0,261600.0,4773.87,3,1.6,67.3,21.7,0.0,1
22700.0,213200.0,3890.63,3,6.87,48.9,43.0,18.0,1
68700.0,528400.0,9642.64,2,1.38,83.6,35.9,5.0,1
44400.0,415200.0,7576.88,2,1.23,60.1,68.0,18.0,1
151600.0,1320800.0,24102.96,1,5.96,53.7,16.4,18.0,1
103500.0,809100.0,14765.07,4,2.45,43.7,24.7,0.0,1
43500.0,334700.0,6107.86,2,1.35,64.5,28.1,18.0,1
41900.0,431200.0,7868.86,6,0.43,58.8,21.7,0.0,0
23200.0,183400.0,3346.82,1,1.05,73.5,31.5,18.0,1
85600.0,932600.0,17018.79,2,2.94,95.3,30.0,0.0,1
22900.0,190800.0,3481.86,2,1.04,67.6,46.4,5.0,1
51500.0,389900.0,7115.19,6,0.2,67.8,19.0,5.0,0
45300.0,332200.0,6062.24,2,4.5,73.1,20.2,0.0,1
50600.0,386500.0,7053.14,5,1.09,90.8,20.8,18.0,1
108800.0,1139900.0,20801.76,3,0.43,78.4,29.6,0.0,1
108100.0,835900.0,15254.13,6,0.37,69.9,18.1,5.0,1
30600.0,273800.0,4996.51,0,6.91,80.3,20.0,0.0,1
38800.0,336600.0,6142.53,2,0.77,70.1,45.1,18.0,1
190000.0,1408500.0,25703.37,2,2.4,66.5,17.2,18.0,1
79600.0,853000.0,15566.19,5,0.88,88.3,21.2,0.0,1
73300.0,641200.0,11701.1,3,4.64,90.5,43.9,5.0,1
36100.0,347300.0,6337.79,5,0.61,95.6,12.6,5.0,1
236400.0,2481400.0,45282.46,1,0.4,70.7,18.4,18.0,1
133200.0,1463300.0,26703.4,4,0.9,54.8,38.5,18.0,1
84500.0,653600.0,11927.39,3,0.69,72.2,31.8,18.0,1
82400.0,716900.0,13082.53,5,0.46,79.6,13.9,5.0,1
74900.0,676900.0,12352.58,3,1.23,84.4,32.9,18.0,1
81000.0,882300.0,16100.88,1,2.27,73.9,25.5,0.0,1
120300.0,973300.0,17761.51,5,0.41,85.5,20.2,0.0,1
106400.0,1080000.0,19708.66,2,6.8,51.3,16.0,5.0,1
79400.0,674300.0,12305.14,2,0.95,65.4,46.3,5.0,1
26300.0,237000.0,4324.95,2,1.16,90.3,42.3,5.0,1
67800.0,485000.0,8850.65,4,2.84,85.5,14.2,5.0,1
32500.0,347700.0,6345.09,5,0.53,53.2,15.9,5.0,0
107700.0,842000.0,15365.45,2,0.38,48.6,15.9,0.0,1
85300.0,699200.0,12759.53,2,0.46,60.5,13.9,5.0,1
25600.0,258100.0,4710.0,4,1.97,54.8,44.4,18.0,1
178100.0,1447800.0,26420.55,1,0.33,65.1,30.7,0.0,1
55700.0,510000.0,9306.86,3,2.75,49.5,21.4,5.0,1
139300.0,1066000.0,19453.17,2,0.71,63.3,27.9,0.0,1
62800.0,545100.0,9947.4,1,0.89,48.6,43.0,5.0,1
81300.0,675600.0,12328.86,1,0.96,74.9,24.2,0.0,1
124700.0,901600.0,16453.08,3,1.27,77.7,23.0,0.0,1
57900.0,641800.0,11712.05,5,0.76,54.3,15.2,5.0,0
88900.0,899600.0,16416.58,4,0.42,56.9,36.9,18.0,1
102100.0,859200.0,15679.33,5,1.31,62.5,18.3,5.0,1
74500.0,679800.0,12405.5,0,7.89,83.8,38.5,5.0,1
59400.0,528800.0,9649.94,4,0.78,71.0,31.8,0.0,1
101000.0,732400.0,13365.39,4,0.7,76.3,20.8,18.0,1
154800.0,1361900.0,24852.98,3,0.33,76.2,15.9,18.0,1
53600.0,474800.0,8664.51,5,0.24,96.0,50.3,5.0,1
101900.0,815000.0,14872.74,2,2.99,60.1,34.0,0.0,1
75300.0,780800.0,14248.63,4,1.43,66.2,13.3,5.0,1
137900.0,1079500.0,19699.53,2,1.27,62.2,20.4,0.0,1
137500.0,1240300.0,22633.93,2,4.1,78.9,18.2,18.0,1
88800.0,969000.0,17683.04,4,1.65,73.5,11.7,5.0,1
68100.0,503100.0,9180.95,7,0.78,72.6,39.4,5.0,1
48300.0,423000.0,7719.22,0,5.17,73.7,27.3,0.0,1
194800.0,2029600.0,37037.67,2,1.24,69.2,23.0,0.0,1
61500.0,507600.0,9263.07,4,1.54,73.6,67.1,18.0,1
75700.0,567800.0,10361.64,1,1.37,65.4,45.8,5.0,1
21500.0,210900.0,3848.66,2,3.97,94.2,51.9,5.0,1
167500.0,1640400.0,29935.26,1,0.95,54.6,16.5,18.0,1
45900.0,410900.0,7498.41,3,2.6,96.0,17.2,5.0,1
89800.0,954600.0,17420.26,4,3.5,60.6,18.8,5.0,1
164700.0,1289300.0,23528.12,3,1.75,60.0,24.5,0.0,1
123000.0,1067900.0,19487.85,5,0.62,79.1,29.7,18.0,1
45100.0,393600.0,7182.71,7,0.46,49.1,17.2,5.0,0
90900.0,664300.0,12122.65,5,0.18,91.9,16.4,5.0,1
54400.0,448100.0,8177.27,2,3.93,95.3,36.5,5.0,1
144000.0,1303200.0,23781.78,1,0.33,46.7,20.4,0.0,1
63900.0,511700.0,9337.89,4,0.62,60.6,12.2,5.0,1
96600.0,956600.0,17456.76,5,0.19,93.9,17.4,5.0,0
185900.0,1535600.0,28022.79,3,3.26,69.2,21.2,18.0,1
49400.0,360900.0,6585.98,1,0.77,76.9,43.7,5.0,1
63100.0,536500.0,9790.46,3,0.38,69.0,19.4,0.0,1
81100.0,638200.0,11646.36,3,2.57,64.4,32.8,18.0,1
32700.0,286500.0,5228.27,2,2.38,62.8,29.2,0.0,1
24500.0,197700.0,3607.78,2,4.06,75.9,42.3,5.0,1
70900.0,672400.0,12270.46,4,6.43,59.4,18.6,5.0,1
96400.0,778400.0,14204.83,4,3.02,49.5,23.5,18.0,1
17900.0,162600.0,2967.25,2,0.4,86.0,21.1,5.0,1
108600.0,813600.0,14847.19,0,7.75,96.0,27.9,0.0,1
93800.0,886700.0,16181.17,4,1.22,60.6,24.2,18.0,1
47600.0,347900.0,6348.74,3,2.61,82.9,11.8,5.0,1
125200.0,1063300.0,19403.9,1,1.59,95.3,19.1,0.0,1
172200.0,1807400.0,32982.8,2,1.11,88.4,24.3,0.0,1
120600.0,960700.0,17531.58,1,1.1,73.1,23.7,0.0,1
25300.0,191500.0,3494.64,1,2.27,58.8,48.9,5.0,1
137500.0,1101600.0,20102.83,5,0.61,72.6,26.8,0.0,1
136800.0,1235000.0,22537.21,3,3.02,93.8,27.4,0.0,1
116300.0,910400.0,16613.67,6,1.08,71.2,16.0,5.0,1
75300.0,808500.0,14754.12,4,2.47,75.7,37.5,5.0,1
65100.0,620400.0,11321.53,0,4.53,48.0,29.0,0.0,1
65500.0,700600.0,12785.08,3,1.4,60.2,49.5,5.0,1
64900.0,602400.0,10993.05,6,2.07,85.0,14.7,5.0,1
37800.0,414900.0,7571.41,3,2.97,96.0,22.9,0.0,1
215600.0,2041800.0,37260.31,2,3.4,67.3,14.4,18.0,1
64200.0,667500.0,12181.04,2,0.54,60.0,19.5,5.0,1
43800.0,364000.0,6642.55,2,1.05,96.0,33.3,0.0,1
120200.0,947800.0,17296.17,1,0.96,68.3,26.8,0.0,1
26100.0,212700.0,3881.51,2,2.71,73.0,17.6,5.0,1
105800.0,847500.0,15465.82,3,0.96,65.4,29.6,0.0,1
82600.0,619700.0,11308.75,2,0.34,63.4,26.1,18.0,1
81300.0,674500.0,12308.79,1,1.04,58.6,23.4,18.0,1
54800.0,479200.0,8744.8,4,3.12,59.4,17.8,5.0,1
26100.0,209800.0,3828.59,2,2.72,75.6,53.0,5.0,1
23000.0,182200.0,3324.92,3,1.48,58.3,17.7,5.0,1
156400.0,1260900.0,23009.86,2,2.06,78.3,24.8,0.0,1
85600.0,655100.0,11954.76,0,4.64,62.3,21.7,18.0,1
84300.0,872900.0,15929.34,1,1.15,63.9,18.3,0.0,1
43800.0,402100.0,7337.82,10,0.57,74.5,13.2,5.0,0
46000.0,501200.0,9146.28,2,3.73,86.8,28.5,5.0,1
104600.0,842400.0,15372.75,4,4.8,70.0,16.9,5.0,1
158700.0,1224600.0,22347.43,2,2.0,79.0,13.4,0.0,1
77900.0,827300.0,15097.19,0,6.63,88.8,18.5,5.0,1
177600.0,1844300.0,33656.18,3,1.63,75.7,22.7,0.0,1
53200.0,519600.0,9482.05,0,8.3,52.8,28.8,0.0,1
14600.0,138300.0,2523.8,7,0.23,64.0,44.6,5.0,1
61300.0,615000.0,11222.98,2,2.7,55.3,42.9,5.0,1
121500.0,1318700.0,24064.63,3,1.09,35.0,32.3,0.0,1
152200.0,1353600.0,24701.51,4,1.0,59.0,17.2,0.0,1
103400.0,1124300.0,20517.08,3,12.82,64.4,28.3,0.0,1
53400.0,438400.0,8000.25,4,2.1,65.9,18.5,5.0,1
111100.0,865300.0,15790.65,1,2.97,76.7,18.2,18.0,1
46600.0,337700.0,6162.6,3,3.39,72.6,34.6,5.0,1
140300.0,1412700.0,25780.02,0,7.14,86.5,19.5,0.0,1
96100.0,711200.0,12978.51,2,3.15,38.8,31.9,18.0,1
104500.0,1057300.0,19294.41,2,1.41,57.4,19.0,5.0,1
68400.0,543200.0,9912.72,2,0.35,60.0,34.8,0.0,1
104100.0,776300.0,14166.51,1,2.13,62.0,28.2,0.0,1
197300.0,1644200.0,30004.6,1,0.55,53.7,33.7,0.0,1
105300.0,885500.0,16159.27,1,3.27,40.4,32.5,0.0,1
80400.0,793600.0,14482.21,7,0.64,74.5,17.3,5.0,0
50100.0,360400.0,6576.85,4,1.16,75.7,20.3,5.0,1
48500.0,393000.0,7171.76,2,2.43,52.8,39.4,5.0,1
76600.0,571600.0,10430.99,3,2.19,62.0,18.3,0.0,1
144200.0,1257500.0,22947.81,2,3.03,83.1,21.7,0.0,1
28100.0,213500.0,3896.11,3,1.53,50.7,33.7,5.0,1
162600.0,1646600.0,30048.4,5,1.87,60.6,20.7,0.0,1
172800.0,1236600.0,22566.41,3,6.6,81.5,22.4,0.0,1
144900.0,1191700.0,21747.04,4,4.78,71.2,17.4,18.0,1
49500.0,436100.0,7958.28,2,2.95,70.4,14.0,18.0,1
73900.0,550800.0,10051.41,3,2.76,49.9,13.3,5.0,1
51700.0,391500.0,7144.39,5,0.13,62.9,14.8,5.0,0
200200.0,1758200.0,32084.96,2,1.28,57.4,19.7,18.0,1
16500.0,181100.0,3304.85,3,0.86,55.3,18.6,5.0,1
73100.0,595300.0,10863.48,4,0.57,72.7,61.6,18.0,1
83700.0,767100.0,13998.62,5,0.14,82.6,18.8,5.0,0
39600.0,292000.0,5328.64,3,0.38,59.1,20.2,5.0,1
15200.0,145600.0,2657.02,2,0.6,57.2,19.1,5.0,1
36900.0,366300.0,6684.52,3,4.57,91.0,22.8,18.0,1
25900.0,196200.0,3580.41,3,3.04,60.2,56.4,18.0,1
104900.0,1063700.0,19411.2,3,5.59,65.3,21.2,5.0,1
88100.0,666100.0,12155.5,2,6.45,61.8,36.5,18.0,1
79600.0,862500.0,15739.55,2,1.75,85.0,45.6,5.0,1
58200.0,622300.0,11356.2,3,5.4,50.1,31.4,18.0,1
87400.0,736800.0,13445.68,6,0.77,78.8,17.5,5.0,1
180200.0,1453200.0,26519.09,3,0.71,68.8,28.1,0.0,1
31500.0,249900.0,4560.36,1,3.91,65.6,35.6,5.0,1
23200.0,237900.0,4341.38,1,0.67,66.3,61.3,18.0,1
37100.0,333100.0,6078.66,3,0.61,67.6,21.0,0.0,1
58800.0,423100.0,7721.05,5,0.44,66.5,15.7,5.0,1
32900.0,282100.0,5147.97,0,6.67,76.0,47.6,5.0,1
97700.0,849000.0,15493.19,5,1.43,67.6,17.3,5.0,1
154700.0,1602100.0,29236.33,1,4.03,73.3,23.3,0.0,1
28900.0,301600.0,5503.82,1,2.3,72.6,27.0,0.0,1
68500.0,648200.0,11828.84,2,3.13,64.7,17.4,18.0,1
16900.0,132600.0,2419.78,2,2.42,35.0,31.2,5.0,1
79300.0,755300.0,13783.28,6,0.6,51.9,11.1,5.0,0
135900.0,1078800.0,19686.76,1,0.42,67.1,17.7,18.0,1
19800.0,165300.0,3016.52,2,2.39,71.3,54.1,5.0,1
30400.0,226400.0,4131.52,2,2.53,83.4,18.2,5.0,1
77700.0,587100.0,10713.84,5,0.54,69.2,39.6,18.0,1
106500.0,865100.0,15787.0,0,5.08,67.5,23.3,0.0,1
14500.0,115000.0,2098.61,1,4.15,81.1,53.3,18.0,1
97800.0,806700.0,14721.27,2,0.66,70.1,16.5,5.0,1
133400.0,1123400.0,20500.65,2,1.04,64.7,29.6,0.0,1
104300.0,1018000.0,18577.23,9,0.69,49.8,14.8,5.0,0
95500.0,903100.0,16480.45,6,0.28,57.8,29.4,0.0,0
43400.0,359900.0,6567.73,1,3.24,65.5,28.1,0.0,1
151600.0,1119000.0,20420.36,2,1.29,58.6,23.1,18.0,1
25900.0,253100.0,4618.76,3,2.64,59.4,14.9,5.0,1
183700.0,1576900.0,28776.46,1,3.05,53.4,22.4,0.0,1
24800.0,207200.0,3781.14,6,0.37,82.1,39.6,5.0,1
78300.0,598700.0,10925.53,4,2.02,72.2,16.6,5.0,1
146000.0,1397600.0,25504.46,0,5.83,64.5,32.9,0.0,1
144000.0,1354100.0,24710.64,0,8.32,76.6,24.1,0.0,1
54200.0,442700.0,8078.72,8,0.53,72.1,16.1,5.0,1
95200.0,942100.0,17192.15,3,1.95,62.6,18.1,5.0,1
101300.0,763900.0,13940.22,1,1.17,54.2,24.9,0.0,1
110300.0,844700.0,15414.72,1,2.96,87.9,32.5,0.0,1
55200.0,604000.0,11022.25,5,0.13,94.7,25.2,18.0,0
183000.0,1616400.0,29497.29,4,1.19,80.4,35.3,0.0,1
36800.0,357400.0,6522.1,5,0.92,87.2,28.3,0.0,1
77800.0,594700.0,10852.53,11,0.49,73.5,22.4,5.0,0
41000.0,303600.0,5540.32,1,3.6,84.8,22.7,0.0,1
189100.0,1777800.0,32442.64,4,1.97,63.2,22.8,0.0,1
197900.0,1964600.0,35851.5,1,3.75,39.9,29.6,0.0,1
22700.0,236600.0,4317.66,3,0.76,80.2,14.9,5.0,1
55200.0,396600.0,7237.46,5,0.73,64.1,22.9,0.0,1
80600.0,718800.0,13117.2,5,0.58,85.3,25.9,18.0,1
90800.0,995300.0,18162.99,1,1.73,53.0,27.7,18.0,1
93700.0,1019300.0,18600.96,3,2.0,77.7,32.9,0.0,1
73300.0,608300.0,11100.72,0,7.78,61.7,43.3,5.0,1
72500.0,549000.0,10018.57,2,1.1,58.7,38.1,5.0,1
150000.0,1539700.0,28097.61,1,3.05,51.6,19.9,0.0,1
30800.0,299700.0,5469.15,3,1.64,62.7,24.5,0.0,1
128700.0,1051200.0,19183.09,0,7.77,57.8,34.2,0.0,1
71300.0,541800.0,9887.18,2,1.67,77.7,41.2,5.0,1
115400.0,1070900.0,19542.59,3,1.86,59.8,26.2,0.0,1
115300.0,1007700.0,18389.27,2,2.95,66.1,17.4,5.0,1
162300.0,1366800.0,24942.4,0,6.96,64.4,31.9,0.0,1
65900.0,569900.0,10399.97,1,1.02,82.9,23.1,0.0,1
175000.0,1571600.0,28679.74,1,1.88,51.0,31.7,0.0,1
224300.0,2338100.0,42667.41,1,2.51,59.6,15.5,18.0,1
156300.0,1235800.0,22551.81,0,8.4,83.2,25.2,0.0,1
196300.0,1434800.0,26183.31,1,1.54,69.1,27.4,0.0,1
130100.0,968700.0,17677.57,0,8.68,51.8,32.1,18.0,1
119000.0,984800.0,17971.37,2,2.37,69.9,18.2,5.0,1
173400.0,1638300.0,29896.94,2,5.99,65.7,35.5,0.0,1
112400.0,866500.0,15812.55,4,2.53,71.8,13.5,5.0,1
173800.0,1268400.0,23146.72,1,0.37,51.0,20.8,18.0,1
138300.0,1310300.0,23911.34,3,3.33,82.3,24.8,0.0,1
70600.0,534100.0,9746.66,2,9.81,65.4,30.1,5.0,1
124700.0,995400.0,18164.81,0,6.89,75.9,16.4,0.0,1
56300.0,530200.0,9675.49,3,2.8,70.1,33.4,0.0,1
167000.0,1365200.0,24913.2,1,2.71,70.0,16.9,0.0,1
162100.0,1207700.0,22039.02,2,1.84,94.3,20.7,0.0,1
20100.0,148000.0,2700.82,0,5.99,35.0,10.9,5.0,1
108500.0,1055700.0,19265.21,0,5.23,85.1,28.3,0.0,1
56000.0,453800.0,8281.28,4,2.03,61.6,30.9,18.0,1
96800.0,865600.0,15796.12,2,4.19,70.3,23.3,18.0,1
150700.0,1241000.0,22646.7,2,2.64,66.9,26.0,18.0,1
149000.0,1221900.0,22298.15,0,9.26,87.9,32.4,0.0,1
145400.0,1056600.0,19281.63,2,6.92,67.1,38.5,0.0,1
54400.0,465400.0,8492.97,1,5.66,67.8,13.8,0.0,1
43700.0,421400.0,7690.03,4,4.92,68.4,32.7,0.0,1
86700.0,763600.0,13934.75,2,1.58,54.4,18.7,5.0,1
61400.0,526100.0,9600.67,1,2.24,61.0,29.5,0.0,1
80700.0,672100.0,12264.99,3,2.63,66.7,19.1,5.0,1
40400.0,327900.0,5983.77,5,0.59,63.7,13.7,5.0,1
50600.0,393900.0,7188.18,7,0.38,66.1,16.9,5.0,0
18200.0,149500.0,2728.19,3,0.92,66.5,37.7,5.0,1
115200.0,937300.0,17104.56,11,0.48,76.6,18.4,5.0,0
34800.0,339900.0,6202.75,2,2.03,41.3,25.8,0.0,1
172000.0,1373400.0,25062.84,2,4.3,65.1,16.6,0.0,1
46100.0,384600.0,7018.47,1,3.5,89.6,16.5,0.0,1
41900.0,335900.0,6129.76,0,4.55,74.2,42.3,5.0,1
73300.0,780600.0,14244.98,2,3.19,55.7,21.3,0.0,1
174200.0,1701500.0,31050.26,2,5.27,47.1,28.3,0.0,1
134800.0,1433900.0,26166.89,2,1.11,71.2,26.9,0.0,1
191100.0,1558900.0,28447.98,2,1.4,66.0,27.7,0.0,1
140300.0,1136300.0,20736.06,1,7.64,65.6,33.0,18.0,1
119900.0,1149900.0,20984.24,2,2.66,70.7,13.6,5.0,1
156300.0,1224400.0,22343.78,2,2.72,42.2,20.3,18.0,1
56000.0,529700.0,9666.37,6,1.41,72.3,44.7,5.0,1
196000.0,1843200.0,33636.1,0,7.37,86.9,18.4,18.0,1
47900.0,430300.0,7852.44,4,2.14,83.1,41.5,18.0,1
127400.0,945200.0,17248.72,0,9.69,59.4,25.9,0.0,1
170300.0,1377900.0,25144.96,0,9.06,47.6,23.3,0.0,1
182700.0,1373000.0,25055.54,2,1.54,79.4,34.2,0.0,1
49800.0,370600.0,6762.99,3,5.04,66.7,20.7,0.0,1
92200.0,750800.0,13701.17,4,6.78,81.1,37.3,18.0,1
29000.0,301100.0,5494.7,7,1.25,62.1,17.3,5.0,1
89500.0,687100.0,12538.72,3,3.27,71.7,25.3,0.0,1
69500.0,727100.0,13268.67,4,0.33,77.1,44.0,5.0,1
39300.0,338100.0,6169.9,0,9.51,85.4,39.1,18.0,1
81200.0,900400.0,16431.18,2,2.03,76.9,21.4,0.0,1
130800.0,950800.0,17350.92,0,6.92,73.6,23.6,18.0,1
66400.0,701800.0,12806.98,2,1.08,80.8,38.8,5.0,1
78900.0,589900.0,10764.94,2,0.39,84.5,31.7,18.0,1
86200.0,871100.0,15896.49,5,0.81,67.7,38.8,18.0,1
63600.0,462600.0,8441.87,2,2.49,62.3,26.2,0.0,1
159700.0,1485300.0,27104.88,2,0.55,71.5,19.6,18.0,1
76000.0,599300.0,10936.48,1,0.7,87.3,27.6,0.0,1
150000.0,1107800.0,20215.97,1,1.91,55.0,29.6,0.0,1
62800.0,671200.0,12248.56,3,0.3,70.1,25.8,0.0,1
45900.0,340200.0,6208.23,7,0.15,73.8,21.4,18.0,0
24100.0,243300.0,4439.92,6,0.75,50.9,16.4,5.0,0
115400.0,853100.0,15568.01,2,0.41,57.5,31.9,18.0,1
167500.0,1434500.0,26177.84,4,0.33,73.7,21.6,18.0,1
98500.0,1006800.0,18372.85,2,2.6,63.7,48.0,18.0,1
33900.0,258400.0,4715.48,4,1.09,86.1,36.9,0.0,1
86000.0,729900.0,13319.77,1,2.01,87.2,29.8,0.0,1
31300.0,315400.0,5755.66,1,0.4,61.4,23.1,0.0,1
33700.0,352700.0,6436.34,6,0.55,73.4,22.9,5.0,0
116100.0,930200.0,16974.99,4,3.8,57.3,37.4,18.0,1
63900.0,517900.0,9451.03,1,0.43,91.9,38.8,5.0,1
121900.0,935400.0,17069.89,0,4.67,67.7,38.2,18.0,1
72400.0,714200.0,13033.26,4,2.85,55.2,16.7,5.0,1
27400.0,284200.0,5186.3,4,0.55,60.0,28.0,18.0,1
109300.0,1088100.0,19856.47,4,0.54,52.9,20.8,18.0,1
164000.0,1585200.0,28927.93,2,7.37,77.9,30.1,0.0,1
18300.0,140300.0,2560.3,5,0.84,76.7,46.4,5.0,1
63000.0,598000.0,10912.76,0,6.46,71.6,26.2,0.0,1
89000.0,850200.0,15515.09,2,0.57,75.0,12.3,5.0,1
163300.0,1685100.0,30750.98,2,1.75,54.5,30.6,0.0,1
43300.0,409900.0,7480.16,3,4.32,46.3,19.1,0.0,1
37400.0,305500.0,5574.99,3,2.0,69.0,51.2,5.0,1
109800.0,1085600.0,19810.85,2,1.4,74.8,15.6,5.0,1
36900.0,277800.0,5069.5,1,4.07,96.0,45.2,18.0,1
145200.0,1078400.0,19679.46,4,1.67,71.3,22.5,18.0,1
166100.0,1448700.0,26436.97,5,2.17,75.7,31.9,0.0,1
33700.0,263900.0,4815.85,6,0.18,70.0,40.6,5.0,1
35600.0,354500.0,6469.18,1,4.19,42.4,53.4,5.0,1
79600.0,680200.0,12412.8,2,1.74,74.9,21.7,5.0,1
33700.0,325800.0,5945.44,4,1.67,81.6,21.9,0.0,1
80600.0,615700.0,11235.76,3,5.71,65.6,20.3,5.0,1
138000.0,1361800.0,24851.15,0,5.92,79.7,27.2,0.0,1
113400.0,954600.0,17420.26,2,5.25,39.5,21.3,5.0,1
113300.0,854500.0,15593.56,5,0.19,71.4,16.1,5.0,1
37700.0,273700.0,4994.68,4,2.51,56.2,27.3,0.0,1
51600.0,405700.0,7403.52,4,0.77,50.7,32.6,0.0,1
132900.0,1258800.0,22971.53,2,1.92,95.0,24.5,18.0,1
58500.0,420100.0,7666.3,7,0.26,87.7,68.0,18.0,1
118700.0,918200.0,16756.01,3,1.67,81.6,15.3,5.0,1
148300.0,1260800.0,23008.03,2,1.95,83.6,22.0,18.0,1
87000.0,945200.0,17248.72,2,3.35,74.9,14.3,5.0,1
40800.0,436100.0,7958.28,8,0.54,47.0,16.2,5.0,0
82800.0,593900.0,10837.94,3,1.01,60.4,23.0,0.0,1
106000.0,1053100.0,19217.76,2,2.25,70.1,11.4,5.0,1
77900.0,582600.0,10631.72,2,1.17,73.8,12.8,5.0,1
19300.0,147000.0,2682.57,6,1.22,54.3,15.2,5.0,1
22800.0,237200.0,4328.6,2,1.21,58.6,31.8,5.0,1
54800.0,507100.0,9253.94,8,0.52,89.9,36.6,5.0,1
46000.0,436100.0,7958.28,3,1.41,62.6,20.8,5.0,1
38400.0,312700.0,5706.39,4,1.66,76.0,27.7,5.0,1
47100.0,376800.0,6876.13,2,2.16,84.9,16.6,5.0,1
31600.0,274500.0,5009.28,2,2.04,96.0,30.0,0.0,1
95800.0,815600.0,14883.68,3,2.54,46.0,27.7,0.0,1
119200.0,856500.0,15630.06,4,4.2,74.8,32.7,0.0,1
86800.0,742700.0,13553.35,1,0.5,54.5,26.2,0.0,1
169500.0,1863600.0,34008.38,0,5.72,64.8,31.5,0.0,1
46700.0,490300.0,8947.36,2,1.11,52.6,33.3,5.0,1
131600.0,1148900.0,20965.99,1,4.08,76.4,36.7,18.0,1
79100.0,602700.0,10998.52,2,0.46,76.3,43.9,5.0,1
70900.0,537700.0,9812.36,5,1.14,52.7,20.9,0.0,1
25000.0,210400.0,3839.54,4,4.97,82.8,43.3,5.0,1
139300.0,1042900.0,19031.63,2,0.74,66.1,24.3,18.0,1
175200.0,1280100.0,23360.23,0,5.36,80.5,20.8,0.0,1
155100.0,1155500.0,21086.44,2,0.6,44.0,14.0,18.0,1
24900.0,179200.0,3270.18,8,1.88,60.0,19.5,5.0,1
32400.0,259100.0,4728.25,1,3.2,91.5,39.0,18.0,1
177800.0,1365900.0,24925.97,2,2.63,67.8,22.0,0.0,1
29500.0,279600.0,5102.35,4,0.55,72.0,46.3,5.0,1
50100.0,471100.0,8596.99,5,0.58,53.7,61.8,18.0,1
48100.0,517100.0,9436.43,3,2.45,78.3,18.1,5.0,1
174800.0,1700900.0,31039.31,0,9.34,68.8,33.0,0.0,1
169700.0,1348400.0,24606.62,0,8.24,59.7,24.8,0.0,1
80200.0,672000.0,12263.16,5,0.64,51.4,30.1,18.0,1
53800.0,418000.0,7627.98,4,1.95,58.8,36.6,5.0,1
82300.0,707000.0,12901.87,2,1.22,80.2,15.2,5.0,1
80000.0,618000.0,11277.73,5,0.76,64.9,13.6,5.0,1
157900.0,1391600.0,25394.97,1,7.02,77.3,23.7,18.0,1
49500.0,396400.0,7233.81,3,0.62,75.0,38.8,0.0,1
125700.0,957500.0,17473.18,1,0.46,73.2,24.3,0.0,1
120600.0,1337600.0,24409.53,2,1.23,80.4,20.6,0.0,1
71800.0,634600.0,11580.66,3,0.75,54.2,15.5,5.0,1
143300.0,1045800.0,19084.55,3,5.12,79.6,25.1,18.0,1
101200.0,754600.0,13770.51,2,3.21,60.9,32.7,18.0,1
44600.0,444300.0,8107.92,1,0.93,66.0,29.9,0.0,1
107100.0,1044700.0,19064.47,5,0.92,92.4,17.4,5.0,1
63400.0,471200.0,8598.81,5,1.56,65.5,28.0,0.0,1
115900.0,1254400.0,22891.24,0,7.89,84.9,23.3,0.0,1
108500.0,1001900.0,18283.43,3,1.93,57.9,21.5,0.0,1
63200.0,550900.0,10053.24,7,0.94,73.9,19.7,5.0,1
168300.0,1298500.0,23696.01,3,0.34,79.1,27.6,0.0,1
64300.0,622500.0,11359.85,6,1.34,48.8,12.6,5.0,1
152900.0,1355000.0,24727.06,1,0.62,72.8,28.7,0.0,1
159200.0,1144100.0,20878.4,2,2.54,49.8,28.8,0.0,1
152200.0,1110400.0,20263.42,3,3.61,53.1,26.9,0.0,1
92100.0,994900.0,18155.69,3,2.26,72.5,22.3,0.0,1
57300.0,604600.0,11033.2,4,4.15,76.1,51.9,5.0,1
129500.0,1385400.0,25281.82,1,1.74,67.2,32.7,0.0,1
81600.0,757200.0,13817.96,3,0.7,81.8,23.0,18.0,1
70100.0,623400.0,11376.27,1,3.64,78.0,20.8,0.0,1
26500.0,262400.0,4788.47,1,0.53,84.6,40.8,5.0,1
169500.0,1306100.0,23834.7,2,0.73,79.0,23.0,0.0,1
143100.0,1239600.0,22621.16,2,2.5,80.0,25.4,0.0,1
109400.0,794600.0,14500.46,3,2.62,75.0,17.3,5.0,1
73000.0,609200.0,11117.14,3,15.16,85.1,17.8,5.0,1
106800.0,1046300.0,19093.67,1,1.38,64.7,26.9,0.0,1
172200.0,1708300.0,31174.35,1,3.16,75.6,21.2,0.0,1
107600.0,877800.0,16018.76,4,1.26,74.5,20.1,0.0,1
56700.0,565400.0,10317.85,3,2.08,77.3,17.0,5.0,1
64900.0,563800.0,10288.65,2,2.0,87.0,19.6,0.0,1
164200.0,1179400.0,21522.58,3,0.4,59.1,30.8,0.0,1
31400.0,254400.0,4642.48,0,6.99,80.5,34.8,5.0,1
94000.0,682500.0,12454.78,1,0.84,70.5,15.3,5.0,1
56000.0,412400.0,7525.79,3,2.22,65.9,30.5,0.0,1
81800.0,902600.0,16471.33,1,1.33,74.0,14.7,5.0,1
30300.0,332100.0,6060.41,4,1.79,87.8,13.7,5.0,1
109700.0,949200.0,17321.72,6,0.22,69.9,22.9,5.0,0
143600.0,1142200.0,20843.73,2,0.7,91.1,28.4,0.0,1
44500.0,396500.0,7235.63,0,7.67,80.3,22.1,5.0,1
28800.0,319500.0,5830.48,3,2.24,67.2,26.8,18.0,1
25800.0,189500.0,3458.14,2,0.34,81.5,31.6,5.0,1
58000.0,569000.0,10383.54,1,2.31,80.4,15.9,5.0,1
145300.0,1262400.0,23037.23,2,2.25,35.0,22.5,18.0,1
73800.0,727100.0,13268.67,5,2.55,72.6,29.7,18.0,1
81300.0,877000.0,16004.16,3,0.94,84.3,42.2,18.0,1
36700.0,269300.0,4914.39,1,1.85,86.5,30.5,18.0,1
25000.0,249000.0,4543.94,6,0.23,96.0,16.6,5.0,0
50700.0,381000.0,6952.78,1,5.1,73.0,23.9,0.0,1
93200.0,943100.0,17210.4,1,1.03,47.6,34.0,0.0,1
62800.0,490400.0,8949.19,6,0.33,52.6,32.8,5.0,0
185800.0,1684500.0,30740.03,1,4.91,72.7,24.4,0.0,1
32400.0,334400.0,6102.38,4,3.5,55.9,68.0,18.0,1
80500.0,632500.0,11542.34,1,2.16,73.5,30.4,18.0,1
101800.0,879800.0,16055.25,2,3.84,88.1,32.3,0.0,1
132400.0,1234300.0,22524.44,4,3.31,76.8,31.4,0.0,1
67900.0,715400.0,13055.16,5,1.64,66.4,17.5,5.0,1
118400.0,847800.0,15471.29,1,2.17,89.1,27.5,18.0,1
149400.0,1170100.0,21352.87,2,0.55,80.1,22.7,0.0,1
135600.0,1130400.0,20628.39,2,3.17,89.8,20.4,0.0,1
67200.0,598100.0,10914.58,5,0.74,58.5,12.6,5.0,1
96600.0,1032800.0,18847.31,2,0.44,81.6,11.9,5.0,1
66800.0,593800.0,10836.11,3,5.24,69.4,17.6,5.0,1
46900.0,335700.0,6126.11,3,1.72,68.2,16.5,5.0,1
49000.0,510500.0,9315.99,1,3.23,43.2,14.0,18.0,1
93900.0,751800.0,13719.41,2,1.65,81.0,16.3,18.0,1
26300.0,211700.0,3863.26,1,1.38,63.4,40.8,5.0,1
30000.0,273800.0,4996.51,4,1.68,65.0,59.0,5.0,1
63900.0,618700.0,11290.5,4,4.53,79.3,20.7,5.0,1
17100.0,171900.0,3136.96,0,9.28,47.7,48.2,5.0,1
79200.0,803100.0,14655.58,1,5.45,86.7,38.9,5.0,1
89000.0,863100.0,15750.5,3,3.29,52.0,31.7,0.0,1
17400.0,169200.0,3087.69,4,0.45,58.9,13.8,5.0,0
194000.0,1611500.0,29407.87,1,0.35,60.4,25.8,0.0,1
52500.0,406500.0,7418.12,3,7.92,62.8,14.1,5.0,1
105800.0,868200.0,15843.57,8,0.82,76.4,19.1,5.0,1
90500.0,835100.0,15239.54,2,3.64,59.7,9.5,5.0,1
11400.0,92300.0,1684.36,6,0.63,78.5,37.5,5.0,1
32200.0,233400.0,4259.26,3,2.2,78.4,22.5,0.0,1
33100.0,348300.0,6356.04,4,9.79,78.2,19.4,18.0,1
17800.0,157200.0,2868.7,1,0.84,74.2,56.6,18.0,1
146200.0,1050400.0,19168.49,2,0.71,60.6,18.9,0.0,1
88000.0,797800.0,14558.86,7,0.42,75.9,14.4,5.0,0
111300.0,798800.0,14577.11,6,0.14,67.9,14.0,5.0,0
57000.0,536600.0,9792.28,6,0.51,73.7,49.6,5.0,1
26900.0,199800.0,3646.1,0,6.26,70.7,25.0,0.0,1
141700.0,1338300.0,24422.31,2,3.79,63.7,27.4,0.0,1
81100.0,858300.0,15662.91,2,0.45,53.6,25.7,18.0,1
138900.0,1274700.0,23261.69,2,1.43,67.4,26.7,18.0,1
78000.0,600700.0,10962.03,3,1.42,68.9,14.5,5.0,1
110600.0,1000200.0,18252.4,2,0.65,77.3,39.5,18.0,1
44500.0,411000.0,7500.24,1,0.76,67.9,15.5,5.0,1
46300.0,462400.0,8438.22,2,0.64,70.3,27.1,0.0,1
73800.0,614400.0,11212.03,4,1.25,83.5,12.9,5.0,1
177100.0,1527800.0,27880.45,0,5.05,63.8,22.2,18.0,1
13000.0,103100.0,1881.45,3,4.93,50.8,68.0,18.0,1
76800.0,746100.0,13615.4,1,2.41,70.0,39.2,18.0,1
87300.0,916100.0,16717.68,2,0.67,64.6,13.5,5.0,1
196100.0,1612700.0,29429.77,2,0.33,60.7,29.0,0.0,1
36900.0,332600.0,6069.54,2,1.6,51.8,35.7,5.0,1
112100.0,902100.0,16462.2,6,0.32,68.4,8.4,5.0,0
64000.0,540300.0,9859.8,1,6.74,85.4,29.7,0.0,1
49200.0,483000.0,8814.15,3,9.67,76.3,18.2,18.0,1
121000.0,1211300.0,22104.72,1,2.79,89.5,32.8,0.0,1
55600.0,471200.0,8598.81,1,3.91,70.3,33.0,18.0,1
111600.0,1096400.0,20007.93,0,6.84,78.6,30.8,0.0,1
23400.0,217200.0,3963.63,3,0.51,75.0,55.4,5.0,1
182400.0,1344400.0,24533.63,0,4.54,70.2,36.2,0.0,1
122400.0,1089300.0,19878.37,3,2.44,78.8,42.6,18.0,1
77400.0,564000.0,10292.3,2,4.64,58.9,53.4,5.0,1
159600.0,1332800.0,24321.94,1,0.79,47.3,20.5,0.0,1
27800.0,291600.0,5321.34,3,2.43,71.8,62.7,18.0,1
42400.0,307000.0,5602.37,0,4.69,63.8,46.1,18.0,1
30700.0,249900.0,4560.36,3,0.81,70.9,24.1,18.0,1
82900.0,908500.0,16578.99,1,1.57,88.0,19.2,0.0,1
38400.0,285000.0,5200.9,2,1.03,55.1,13.5,5.0,1
156200.0,1352000.0,24672.32,5,1.01,82.2,29.5,0.0,1
105000.0,751500.0,13713.94,2,0.63,64.0,16.7,5.0,1
85500.0,724500.0,13221.22,3,0.63,80.3,15.3,5.0,1
102400.0,775400.0,14150.08,3,1.07,71.4,31.5,0.0,1
63800.0,488500.0,8914.52,5,1.05,79.8,13.0,5.0,1
174200.0,1888000.0,34453.65,2,1.74,72.4,39.2,0.0,1
69000.0,750100.0,13688.39,1,3.47,65.3,26.4,0.0,1
150000.0,1313900.0,23977.04,1,0.61,46.7,19.1,0.0,1
76300.0,807400.0,14734.04,2,1.62,81.7,48.9,5.0,1
71600.0,790100.0,14418.34,1,1.4,88.8,27.6,18.0,1
48700.0,480800.0,8774.0,4,3.55,78.6,44.1,5.0,1
180000.0,1489200.0,27176.05,4,7.49,58.0,41.9,0.0,1
31100.0,344600.0,6288.52,3,2.66,67.0,27.0,0.0,1
57300.0,552800.0,10087.91,4,0.97,51.5,16.3,5.0,1
49200.0,460400.0,8401.73,2,3.97,76.9,27.1,5.0,1
48000.0,484600.0,8843.35,3,2.43,40.1,43.7,5.0,1
26800.0,197100.0,3596.83,3,7.54,81.3,45.7,18.0,1
46400.0,341900.0,6239.25,4,2.09,76.9,68.0,18.0,1
124000.0,1288900.0,23520.82,5,1.96,60.9,21.0,18.0,1
97400.0,833500.0,15210.34,3,3.31,58.6,19.6,18.0,1
56100.0,430200.0,7850.61,6,1.15,85.0,13.2,5.0,1
77300.0,728100.0,13286.92,4,3.55,95.7,28.8,5.0,1
51100.0,418000.0,7627.98,3,1.38,48.6,63.4,18.0,1
113400.0,1126100.0,20549.92,4,7.98,72.7,30.2,18.0,1
84800.0,861500.0,15721.3,5,1.02,59.3,22.4,5.0,1
137300.0,1141800.0,20836.43,2,1.05,48.7,30.3,0.0,1
35100.0,342900.0,6257.5,1,1.32,66.0,21.9,0.0,1
46700.0,515400.0,9405.41,2,1.04,80.4,23.4,0.0,1
25100.0,240800.0,4394.3,1,0.33,53.0,19.7,18.0,1
83500.0,839700.0,15323.48,2,5.31,96.0,27.2,18.0,1
73100.0,627500.0,11451.09,3,3.52,59.9,24.4,0.0,1
44800.0,369100.0,6735.62,1,5.96,61.1,39.4,5.0,1
141400.0,1101000.0,20091.88,4,0.93,88.4,35.9,18.0,1
148900.0,1068800.0,19504.27,2,1.07,49.9,23.9,18.0,1
101900.0,827500.0,15100.84,3,0.72,83.5,22.3,5.0,1
173200.0,1545800.0,28208.93,2,1.63,86.3,30.3,0.0,1
59600.0,536000.0,9781.33,0,5.88,59.7,21.0,0.0,1
76100.0,645600.0,11781.4,6,0.11,64.9,15.0,5.0,0
65600.0,613700.0,11199.26,2,8.61,61.7,26.2,0.0,1
90400.0,720700.0,13151.88,2,1.53,79.8,20.0,0.0,1
24700.0,260900.0,4761.1,2,0.35,55.3,14.7,5.0,1
150100.0,1133500.0,20684.96,3,0.54,46.3,21.5,18.0,1
41100.0,327600.0,5978.29,4,4.64,73.2,20.1,5.0,1
54300.0,460200.0,8398.08,0,9.48,86.5,32.5,18.0,1
33800.0,294900.0,5381.56,7,0.89,69.5,19.6,5.0,1
156500.0,1458800.0,26621.28,5,0.23,67.5,22.7,18.0,0
107700.0,1064800.0,19431.27,8,0.4,64.5,20.1,5.0,0
23700.0,261900.0,4779.35,5,0.65,47.0,29.1,5.0,1
104300.0,875100.0,15969.49,5,0.48,71.9,16.0,5.0,1
58700.0,582000.0,10620.78,1,5.89,87.7,45.3,5.0,1
73000.0,563900.0,10290.47,3,3.9,65.8,11.6,5.0,1
60100.0,628300.0,11465.69,2,3.69,96.0,56.7,18.0,1
76000.0,716100.0,13067.93,2,2.34,87.0,32.4,0.0,1
85200.0,659900.0,12042.35,3,4.49,74.6,20.2,0.0,1
116600.0,1132700.0,20670.36,1,1.69,85.4,30.1,0.0,1
152500.0,1499000.0,27354.88,2,0.75,56.7,26.4,0.0,1
110900.0,1200600.0,21909.46,0,9.53,81.2,18.6,5.0,1
77300.0,582200.0,10624.43,3,1.73,64.1,18.0,5.0,1
130000.0,935200.0,17066.24,2,1.05,55.3,29.7,18.0,1
147400.0,1630300.0,29750.95,4,1.04,96.0,22.5,0.0,1
52200.0,454200.0,8288.58,3,0.74,68.1,20.2,5.0,1
62200.0,537200.0,9803.23,2,0.67,45.7,17.5,0.0,1
29500.0,211300.0,3855.96,5,0.17,55.1,22.9,18.0,1
83100.0,666400.0,12160.97,3,0.79,79.1,17.8,18.0,1
81400.0,674500.0,12308.79,3,1.13,79.5,29.4,0.0,1
221000.0,1789000.0,32647.02,0,7.72,62.7,17.9,18.0,1
128300.0,979500.0,17874.66,2,3.06,50.4,28.6,0.0,1
61100.0,583000.0,10639.02,2,5.34,87.1,26.7,0.0,1
116200.0,1067000.0,19471.42,3,1.39,64.6,19.0,5.0,1
153800.0,1173700.0,21418.56,1,3.8,44.3,32.0,0.0,1
179900.0,1534100.0,27995.41,0,6.81,78.2,23.9,0.0,1
61300.0,670200.0,12230.32,4,0.6,54.2,13.5,5.0,0
114700.0,993400.0,18128.31,4,2.95,68.9,14.5,5.0,1
72900.0,741900.0,13538.75,6,0.34,74.0,14.0,5.0,0
76500.0,637200.0,11628.11,1,0.79,61.0,12.9,5.0,1
14100.0,114700.0,2093.13,3,3.9,78.2,30.0,5.0,1
173800.0,1334000.0,24343.84,0,6.3,96.0,14.5,18.0,1
34200.0,274500.0,5009.28,2,2.62,52.7,46.5,5.0,1
125200.0,923100.0,16845.43,1,1.36,60.7,31.8,0.0,1
81900.0,623100.0,11370.8,2,0.52,88.0,16.4,5.0,1
136900.0,1004400.0,18329.05,1,11.73,96.0,15.8,18.0,1
105100.0,926600.0,16909.3,2,4.49,76.6,13.2,5.0,1
51500.0,547200.0,9985.72,5,0.1,53.3,41.9,5.0,0
95400.0,732700.0,13370.86,3,1.6,62.0,21.9,18.0,1
70300.0,644700.0,11764.97,3,1.75,59.5,19.0,5.0,1
46900.0,361500.0,6596.92,0,4.55,69.9,27.3,0.0,1
47800.0,347700.0,6345.09,1,0.34,89.6,45.0,5.0,1
128700.0,1163900.0,21239.73,3,2.83,59.3,26.8,18.0,1
59300.0,465300.0,8491.15,4,0.9,72.1,18.5,5.0,1
76600.0,567800.0,10361.64,2,1.75,83.5,9.3,0.0,1
41600.0,328400.0,5992.89,5,0.65,60.5,12.0,5.0,1
134100.0,1063100.0,19400.25,5,0.2,47.6,34.4,18.0,1
143400.0,1289300.0,23528.12,1,8.25,67.1,28.1,0.0,1
25700.0,275400.0,5025.71,2,0.63,69.3,68.0,18.0,1
110500.0,1099600.0,20066.33,1,2.21,94.8,24.1,0.0,1
28700.0,262900.0,4797.6,2,3.89,69.9,22.9,0.0,1
168700.0,1468400.0,26796.47,2,4.1,84.5,19.9,18.0,1
97300.0,854100.0,15586.26,7,1.08,81.1,23.0,18.0,1
144200.0,1469100.0,26809.25,0,8.85,57.4,29.5,0.0,1
93500.0,786500.0,14352.65,6,0.17,61.3,16.9,18.0,0
76400.0,693300.0,12651.86,5,0.62,65.6,11.8,5.0,1
76500.0,666900.0,12170.09,1,5.41,68.0,21.6,18.0,1
31600.0,281400.0,5135.2,6,1.14,45.9,33.9,5.0,1
35700.0,305700.0,5578.64,0,7.33,71.7,49.5,5.0,1
152900.0,1214400.0,22161.29,2,2.97,69.8,24.3,0.0,1
54300.0,423800.0,7733.82,5,0.35,79.7,17.7,18.0,1
55500.0,553800.0,10106.16,2,3.33,82.3,27.3,5.0,1
50900.0,465600.0,8496.62,2,0.37,54.4,17.0,0.0,1
118100.0,1184500.0,21615.65,2,2.92,79.5,15.8,5.0,1
91300.0,660300.0,12049.65,3,3.74,79.6,24.3,0.0,1
59800.0,526200.0,9602.49,7,0.14,95.8,15.7,5.0,0
80900.0,602000.0,10985.75,7,1.13,71.7,16.3,5.0,1
112800.0,852200.0,15551.59,1,2.34,77.6,28.6,0.0,1
22100.0,221400.0,4040.27,4,3.83,58.6,15.2,5.0,1
23600.0,232800.0,4248.31,7,0.95,66.7,15.3,5.0,1
58100.0,597100.0,10896.33,1,0.57,74.3,67.0,18.0,1
66000.0,571900.0,10436.46,4,0.52,64.9,45.0,5.0,1
15800.0,174500.0,3184.41,4,2.2,73.1,35.8,5.0,1
74800.0,611000.0,11149.99,5,0.46,48.4,52.6,18.0,1
56500.0,496700.0,9064.16,3,1.38,87.0,25.0,0.0,1
150200.0,1261500.0,23020.8,1,0.68,68.8,25.5,0.0,1
16600.0,123300.0,2250.07,7,0.25,59.1,56.7,18.0,1
20300.0,167200.0,3051.19,6,1.31,42.7,20.8,5.0,1
41600.0,310800.0,5671.71,6,1.79,63.4,11.2,5.0,1
49200.0,407600.0,7438.19,0,7.65,76.3,29.9,0.0,1
136800.0,1041000.0,18996.95,3,1.72,79.5,23.4,0.0,1
53800.0,401100.0,7319.58,0,5.69,84.2,25.2,0.0,1
94300.0,705700.0,12878.15,3,1.02,71.7,19.1,5.0,1
28400.0,268100.0,4892.49,5,0.91,53.1,45.9,5.0,1
88300.0,646200.0,11792.35,1,0.36,78.1,28.4,18.0,1
101100.0,892100.0,16279.71,4,0.39,67.5,14.9,5.0,1
56400.0,471900.0,8611.59,10,0.45,80.2,20.6,5.0,0
92300.0,739000.0,13485.83,3,2.59,74.7,26.6,0.0,1
85000.0,768600.0,14025.99,2,0.77,57.5,24.2,0.0,1
55300.0,525800.0,9595.2,5,0.4,55.2,54.9,5.0,1
80800.0,830100.0,15148.29,2,0.69,54.1,27.5,18.0,1
33900.0,278900.0,5089.58,2,4.64,77.0,20.0,5.0,1
41900.0,355700.0,6491.08,1,1.27,96.0,23.4,18.0,1
57800.0,620400.0,11321.53,5,0.35,65.5,18.6,5.0,0
127400.0,1212600.0,22128.44,3,1.1,83.3,34.7,18.0,1
169700.0,1385300.0,25280.0,1,2.49,72.6,21.5,0.0,1
43200.0,422000.0,7700.97,1,0.49,57.6,29.2,0.0,1
193800.0,1733500.0,31634.22,2,2.42,70.0,32.0,0.0,1
46100.0,494400.0,9022.18,5,0.32,69.9,35.0,5.0,1
117900.0,996700.0,18188.53,10,0.18,67.8,16.0,5.0,0
74200.0,757400.0,13821.61,0,9.59,68.9,27.0,0.0,1
86100.0,777800.0,14193.88,1,2.62,68.4,14.0,18.0,1
116600.0,898500.0,16396.51,2,0.31,74.4,16.5,5.0,1
49300.0,526600.0,9609.79,3,2.59,73.8,29.8,0.0,1
128300.0,1104900.0,20163.05,1,1.39,62.4,27.4,0.0,1
75800.0,623700.0,11381.75,0,7.88,73.6,28.9,18.0,1
24500.0,230800.0,4211.81,6,0.7,78.0,17.2,5.0,1
35300.0,261500.0,4772.05,3,1.23,65.7,19.7,0.0,1
61800.0,652400.0,11905.49,2,3.94,65.7,35.8,18.0,1
86400.0,648200.0,11828.84,3,1.1,67.7,27.0,0.0,1
66900.0,540100.0,9856.15,1,1.86,68.8,25.6,0.0,1
171900.0,1883300.0,34367.88,2,1.5,54.9,21.1,18.0,1
197000.0,1523900.0,27809.28,3,4.85,80.3,28.1,0.0,1
90000.0,993100.0,18122.84,4,1.24,77.7,13.2,5.0,1
70100.0,569200.0,10387.19,4,3.22,74.6,8.8,5.0,1
54100.0,452500.0,8257.56,5,0.38,75.3,18.9,5.0,1
25600.0,223800.0,4084.07,2,1.36,79.9,31.1,5.0,1
144500.0,1301500.0,23750.75,3,3.11,84.6,24.0,0.0,1
35900.0,301100.0,5494.7,0,5.88,83.3,33.9,18.0,1
37300.0,290500.0,5301.26,1,5.77,61.2,26.7,18.0,1
56900.0,469300.0,8564.14,4,4.09,66.6,14.1,5.0,1
118900.0,1082800.0,19759.75,1,3.96,57.4,31.3,18.0,1
140500.0,1351800.0,24668.67,4,0.64,66.8,24.3,0.0,1
73100.0,746100.0,13615.4,1,0.92,82.0,26.4,0.0,1
39100.0,332500.0,6067.71,1,1.49,43.2,21.3,0.0,1
86400.0,771100.0,14071.61,2,2.73,76.7,13.5,18.0,1
77600.0,581400.0,10609.83,1,2.91,60.7,54.7,5.0,1
33600.0,261400.0,4770.22,3,4.09,77.7,68.0,18.0,1
81300.0,886200.0,16172.05,6,0.98,68.6,19.3,5.0,1
51600.0,410100.0,7483.81,1,1.23,84.4,34.5,5.0,1
88300.0,875000.0,15967.66,0,5.35,86.3,26.2,18.0,1
175500.0,1255000.0,22902.19,1,4.09,53.4,24.7,0.0,1
64000.0,621100.0,11334.3,4,0.83,71.1,55.7,18.0,1
105100.0,809300.0,14768.72,1,0.72,84.3,20.7,0.0,1
119200.0,1199700.0,21893.03,4,0.44,43.5,30.1,18.0,0
109000.0,929400.0,16960.39,6,2.68,87.0,19.3,5.0,1
118400.0,936800.0,17095.43,6,0.34,87.4,18.7,5.0,1
107100.0,951500.0,17363.69,4,10.88,86.9,19.4,0.0,1
114400.0,1192300.0,21757.99,5,0.65,64.1,41.5,18.0,1
99000.0,846300.0,15443.92,5,0.75,48.0,31.5,0.0,1
83100.0,736600.0,13442.03,3,4.2,67.8,15.6,18.0,1
55300.0,432300.0,7888.94,1,3.53,79.2,40.2,5.0,1
45900.0,433600.0,7912.66,0,5.55,70.0,44.2,5.0,1
26400.0,211400.0,3857.79,4,1.3,82.7,50.6,5.0,1
98700.0,1010700.0,18444.02,3,9.34,75.6,13.2,5.0,1
54100.0,583000.0,10639.02,4,5.14,55.8,12.9,5.0,1
87400.0,671400.0,12252.21,7,0.39,74.1,17.0,5.0,0
166500.0,1375500.0,25101.16,4,0.52,52.6,30.0,0.0,1
54700.0,521300.0,9513.08,2,6.62,90.5,22.4,0.0,1
15000.0,119000.0,2171.6,3,0.51,82.2,37.3,5.0,1
72700.0,567100.0,10348.87,2,4.12,63.0,53.4,5.0,1
106800.0,1015100.0,18524.31,1,1.67,73.8,27.5,18.0,1
72400.0,767300.0,14002.27,2,15.67,67.8,34.6,5.0,1
15900.0,118400.0,2160.65,5,0.18,75.9,17.2,5.0,1
54500.0,477800.0,8719.26,1,1.92,70.9,14.4,0.0,1
81600.0,595000.0,10858.01,4,3.04,69.1,11.0,5.0,1
68000.0,669300.0,12213.89,3,3.94,66.9,42.9,5.0,1
66800.0,699000.0,12755.88,2,1.03,83.4,24.2,0.0,1
145000.0,1089500.0,19882.02,0,7.31,61.0,31.1,0.0,1
77900.0,829400.0,15135.52,3,0.54,71.4,24.1,0.0,1
118400.0,902100.0,16462.2,6,0.64,76.0,14.1,5.0,1
116400.0,1246500.0,22747.07,2,0.44,70.8,18.0,5.0,1
73300.0,542500.0,9899.95,3,2.36,78.1,40.7,5.0,1
24200.0,244100.0,4454.52,5,0.37,47.8,36.5,18.0,0
30000.0,292300.0,5334.11,0,5.61,76.1,31.2,0.0,1
67600.0,640800.0,11693.8,5,0.63,79.1,17.4,0.0,1
20400.0,156200.0,2850.46,3,3.02,57.8,56.9,18.0,1
22700.0,165800.0,3025.64,1,1.05,66.3,33.6,5.0,1
59000.0,452500.0,8257.56,3,4.1,35.0,21.3,0.0,1
118000.0,1067700.0,19484.2,4,1.43,81.8,18.0,0.0,1
55100.0,427100.0,7794.04,2,3.74,74.0,63.6,18.0,1
149600.0,1127000.0,20566.35,1,2.8,86.7,29.7,0.0,1
72100.0,642200.0,11719.35,2,2.25,44.8,27.3,0.0,1
99800.0,734200.0,13398.24,3,6.77,77.0,35.3,0.0,1
91900.0,718900.0,13119.03,2,3.87,67.0,19.3,0.0,1
124300.0,1043300.0,19038.93,1,4.76,68.3,28.2,0.0,1
102700.0,892000.0,16277.89,8,0.2,61.1,19.6,5.0,0
75100.0,667900.0,12188.34,3,2.92,96.0,21.7,0.0,1
180900.0,1356000.0,24745.31,0,7.61,94.8,19.6,0.0,1
116900.0,908000.0,16569.87,0,6.1,72.1,32.6,0.0,1
119600.0,1300700.0,23736.16,2,1.43,71.6,32.0,0.0,1
82200.0,686100.0,12520.47,1,4.28,96.0,9.0,5.0,1
60500.0,468400.0,8547.72,2,1.27,69.7,41.1,18.0,1
69400.0,549900.0,10034.99,0,5.57,76.5,25.5,0.0,1
153200.0,1592500.0,29061.14,1,3.02,91.9,27.9,0.0,1
152000.0,1315600.0,24008.06,3,0.88,66.9,26.4,0.0,1
30700.0,283300.0,5169.87,2,3.37,35.0,17.8,5.0,1
97600.0,817600.0,14920.18,3,0.48,66.5,14.9,5.0,1
29700.0,242400.0,4423.5,1,2.91,83.7,48.2,5.0,1
112400.0,840200.0,15332.6,7,0.24,72.8,13.0,5.0,0
143800.0,1133800.0,20690.44,2,2.84,67.2,22.8,0.0,1
28400.0,258000.0,4708.18,8,0.8,62.0,16.9,5.0,1
37800.0,390400.0,7124.31,2,2.13,76.6,37.6,5.0,1
10500.0,107700.0,1965.39,3,1.55,66.7,35.3,5.0,1
87700.0,879000.0,16040.66,4,3.11,70.9,16.0,5.0,1
33500.0,305900.0,5582.29,4,2.93,96.0,19.7,5.0,1
90200.0,816700.0,14903.76,5,0.56,88.9,32.6,18.0,1
62700.0,510700.0,9319.64,6,0.38,75.1,15.2,5.0,1
98600.0,1035000.0,18887.46,6,0.27,58.3,16.9,5.0,0
153400.0,1235300.0,22542.69,3,1.29,77.8,26.3,0.0,1
64700.0,499600.0,9117.08,1,0.6,40.1,52.1,18.0,1
139500.0,1398800.0,25526.36,4,1.12,70.2,17.8,0.0,1
128900.0,1137700.0,20761.61,0,4.85,75.9,21.8,0.0,1
127800.0,1056900.0,19287.11,1,2.43,94.3,19.0,18.0,1
42500.0,373200.0,6810.44,4,2.16,77.2,17.3,5.0,1
48700.0,462700.0,8443.7,5,0.24,38.1,17.7,5.0,0
91800.0,871500.0,15903.79,4,0.5,81.7,28.3,0.0,1
45000.0,347000.0,6332.32,12,0.12,73.0,16.2,5.0,0
128700.0,1082000.0,19745.15,0,9.62,76.7,30.7,0.0,1
70500.0,597900.0,10910.93,4,4.41,60.7,19.7,18.0,1
100700.0,750200.0,13690.22,4,0.41,68.9,10.6,0.0,1
26900.0,264900.0,4834.1,3,0.71,68.1,18.2,5.0,1
25600.0,196200.0,3580.41,6,0.14,72.9,14.5,5.0,0
80400.0,864300.0,15772.4,1,4.92,76.0,25.6,0.0,1
32900.0,356400.0,6503.86,1,4.15,71.2,50.1,5.0,1
86000.0,892400.0,16285.19,5,0.5,71.6,29.4,0.0,0
17900.0,147800.0,2697.17,4,5.27,94.0,22.2,5.0,1
47000.0,498200.0,9091.53,4,0.71,66.0,18.4,0.0,1
109300.0,1077000.0,19653.91,4,1.7,82.5,21.4,18.0,1
102400.0,1106500.0,20192.25,2,0.37,77.5,19.9,0.0,1
97100.0,770200.0,14055.19,4,4.87,59.3,20.6,0.0,1
77100.0,679200.0,12394.55,3,1.26,76.8,20.3,18.0,1
45900.0,356100.0,6498.38,4,0.57,68.4,16.4,5.0,1
64800.0,612900.0,11184.66,2,4.34,63.4,55.6,5.0,1
221300.0,2084400.0,38037.7,2,2.17,50.1,13.1,18.0,1
46600.0,514500.0,9388.98,1,0.96,67.2,21.5,0.0,1
18300.0,169300.0,3089.51,7,0.65,70.4,18.7,5.0,0
66000.0,693300.0,12651.86,4,3.31,75.9,8.0,5.0,1
191200.0,1775800.0,32406.14,2,5.36,76.1,36.4,0.0,1
39200.0,312500.0,5702.74,3,4.87,59.8,25.4,0.0,1
40300.0,297100.0,5421.71,4,1.22,59.9,13.5,5.0,1
124600.0,973200.0,17759.69,2,1.13,78.3,21.0,18.0,1
149000.0,1205600.0,22000.7,4,8.43,79.7,27.9,0.0,1
74100.0,676200.0,12339.81,4,0.38,65.5,22.0,0.0,1
98500.0,1023500.0,18677.6,6,0.35,76.0,17.7,5.0,0
45400.0,499500.0,9115.25,1,0.42,64.3,44.6,5.0,1
29900.0,240200.0,4383.35,5,0.43,69.6,21.8,5.0,1
69700.0,702500.0,12819.75,2,1.94,63.7,48.0,5.0,1
54900.0,494300.0,9020.36,0,9.36,52.7,23.6,0.0,1
97900.0,1030600.0,18807.17,1,2.99,72.0,16.3,0.0,1
168400.0,1463600.0,26708.88,0,6.31,66.0,24.2,0.0,1
98300.0,933700.0,17038.86,5,0.98,45.4,16.9,0.0,1
159000.0,1504000.0,27446.13,4,1.79,62.5,31.8,0.0,1
126800.0,1303200.0,23781.78,0,6.99,76.2,24.5,0.0,1
48600.0,403800.0,7368.85,2,1.21,90.7,26.6,0.0,1
36700.0,266100.0,4855.99,4,0.55,61.1,13.5,5.0,1
30200.0,295600.0,5394.33,5,0.6,73.6,14.5,5.0,1
98500.0,1018500.0,18586.36,5,0.43,82.8,21.4,0.0,1
73300.0,563100.0,10275.87,0,5.21,92.4,29.3,18.0,1
60700.0,493100.0,8998.46,6,0.27,56.8,48.0,5.0,1
102900.0,799800.0,14595.35,2,1.53,60.3,13.5,5.0,1
26900.0,293300.0,5352.36,0,5.98,57.8,31.5,18.0,1
201700.0,2049900.0,37408.12,2,1.97,79.8,15.6,18.0,1
159200.0,1212100.0,22119.32,3,0.95,78.0,23.9,0.0,1
162900.0,1336200.0,24383.99,1,3.37,85.5,28.0,0.0,1
148900.0,1273900.0,23247.09,1,2.71,64.5,22.1,0.0,1
59300.0,625800.0,11420.07,2,2.59,71.7,42.1,5.0,1
123700.0,979700.0,17878.31,3,0.43,56.8,19.7,18.0,1
65600.0,471500.0,8604.29,4,2.52,71.0,57.9,18.0,1
68300.0,733300.0,13381.81,9,2.21,80.9,16.2,5.0,1
53100.0,386600.0,7054.97,6,0.11,63.6,15.0,5.0,0
157400.0,1291800.0,23573.74,3,0.72,55.2,27.9,0.0,1
71400.0,684300.0,12487.62,2,3.66,83.7,16.2,18.0,1
97300.0,765300.0,13965.77,1,1.41,68.9,26.3,0.0,1
22900.0,194200.0,3543.91,4,7.59,50.0,34.2,18.0,1
83500.0,924500.0,16870.97,1,2.12,72.8,41.8,18.0,1
156900.0,1696800.0,30964.49,2,2.77,73.3,20.9,0.0,1
138500.0,1003500.0,18312.63,1,1.31,59.9,24.2,0.0,1
116600.0,978200.0,17850.93,6,1.76,70.7,17.0,5.0,1
67600.0,646300.0,11794.17,2,7.03,35.0,26.2,18.0,1
27400.0,252700.0,4611.46,2,0.9,56.5,42.3,5.0,1
85900.0,703600.0,12839.82,0,6.31,64.9,25.8,0.0,1
40700.0,329000.0,6003.84,1,0.89,40.0,23.7,0.0,1
91300.0,699300.0,12761.35,3,2.55,79.8,26.7,0.0,1
55600.0,531500.0,9699.21,6,1.19,87.8,16.6,5.0,1
50800.0,404700.0,7385.27,1,0.51,50.9,33.9,5.0,1
52500.0,502100.0,9162.7,1,7.88,69.1,37.5,0.0,1
115600.0,967700.0,17659.32,3,1.03,65.4,18.7,5.0,1
64100.0,540500.0,9863.45,5,0.87,66.5,64.1,18.0,1
127500.0,964900.0,17608.22,1,1.84,52.4,30.7,0.0,1
118900.0,1135300.0,20717.81,4,0.44,77.6,40.6,0.0,1
70700.0,750000.0,13686.57,3,0.75,88.9,16.9,5.0,1
117200.0,891900.0,16276.06,1,2.68,55.3,24.7,0.0,1
36400.0,358900.0,6549.48,3,0.68,55.1,19.0,18.0,1
59700.0,515000.0,9398.11,3,1.15,68.2,13.8,5.0,1
48900.0,383800.0,7003.87,3,1.36,70.4,39.8,5.0,1
47900.0,342600.0,6252.02,1,5.06,74.4,19.1,5.0,1
100300.0,807000.0,14726.75,3,3.08,75.9,18.7,5.0,1
138400.0,1083900.0,19779.83,2,1.55,72.4,24.1,0.0,1
80400.0,626500.0,11432.84,5,0.79,61.1,13.2,5.0,1
61600.0,542600.0,9901.77,5,0.45,54.5,20.1,5.0,1
134800.0,1283500.0,23422.28,2,5.62,72.0,17.9,18.0,1
177600.0,1649100.0,30094.02,3,1.7,69.7,23.9,0.0,1
50100.0,387300.0,7067.74,8,0.7,96.0,19.0,5.0,1
35200.0,303900.0,5545.8,1,4.9,72.8,44.0,5.0,1
54900.0,496400.0,9058.68,1,1.51,64.2,21.9,18.0,1
112800.0,1215200.0,22175.89,3,2.3,69.7,22.4,18.0,1
58400.0,425200.0,7759.37,4,2.77,62.9,18.9,5.0,1
142900.0,1529500.0,27911.47,2,2.08,64.1,22.3,0.0,1
69300.0,742300.0,13546.05,4,1.66,66.9,26.2,18.0,1
31300.0,227700.0,4155.24,2,5.89,75.7,17.7,5.0,1
52100.0,478000.0,8722.9,3,2.32,72.5,13.2,0.0,1
205100.0,1829200.0,33380.62,1,1.82,71.3,11.8,18.0,1
43700.0,442200.0,8069.6,2,2.04,82.9,27.4,18.0,1
101800.0,809100.0,14765.07,6,1.27,68.5,13.5,5.0,1
181300.0,1362700.0,24867.58,1,2.92,53.8,31.0,0.0,1
47400.0,425900.0,7772.14,2,0.6,67.0,13.3,18.0,1
26700.0,213400.0,3894.28,9,1.75,52.0,33.8,5.0,1
128600.0,1155600.0,21088.26,2,6.76,55.9,33.6,0.0,1
116400.0,1293100.0,23597.46,3,2.29,95.4,23.6,5.0,1
135900.0,1287300.0,23491.62,3,2.93,76.4,23.0,0.0,1
21000.0,198200.0,3616.9,2,4.04,69.1,19.2,5.0,1
52400.0,442800.0,8080.55,4,0.89,62.6,28.3,0.0,1
108300.0,912400.0,16650.16,2,1.8,81.0,30.5,18.0,1
106700.0,810700.0,14794.27,8,0.41,66.9,14.8,5.0,1
58400.0,435600.0,7949.16,6,0.68,49.4,11.0,5.0,1
82300.0,862100.0,15732.25,0,5.69,59.8,45.8,18.0,1
92200.0,984800.0,17971.37,0,9.08,84.4,26.8,0.0,1
84100.0,720400.0,13146.4,5,0.42,57.7,14.8,5.0,1
194100.0,1780500.0,32491.91,0,7.86,75.5,31.9,0.0,1
41300.0,442100.0,8067.77,3,0.32,66.3,37.1,5.0,1
32700.0,269400.0,4916.21,2,0.98,73.8,24.4,0.0,1
171200.0,1544900.0,28192.5,1,1.18,59.2,22.3,0.0,1
133700.0,955700.0,17440.34,0,8.72,67.5,29.3,18.0,1
194300.0,1484000.0,27081.15,2,1.63,95.4,36.3,0.0,1
63200.0,467800.0,8536.77,2,1.72,59.7,20.7,18.0,1
221700.0,1948800.0,35563.17,0,7.43,71.9,21.0,18.0,1
132300.0,1119900.0,20436.78,1,2.9,71.9,28.0,0.0,1
87000.0,749600.0,13679.27,1,1.8,75.3,17.8,18.0,1
107900.0,919300.0,16776.08,2,1.9,81.6,13.0,0.0,1
78400.0,718900.0,13119.03,5,0.95,89.3,18.0,5.0,1
112100.0,945400.0,17252.37,2,6.19,57.2,29.8,18.0,1
98600.0,797400.0,14551.56,7,1.15,59.5,18.2,5.0,1
80500.0,583700.0,10651.8,2,7.81,54.9,17.4,5.0,1
123100.0,1117800.0,20398.46,4,2.67,71.5,28.4,0.0,1
27000.0,217600.0,3970.93,2,1.19,82.0,16.3,5.0,1
92600.0,924000.0,16861.85,2,3.9,76.5,20.8,18.0,1
68700.0,494600.0,9025.83,2,0.35,83.3,26.4,0.0,1
41200.0,305600.0,5576.82,4,0.57,77.5,47.2,5.0,1
174500.0,1371200.0,25022.69,1,2.14,79.6,32.4,0.0,1
75700.0,715400.0,13055.16,5,2.48,71.3,21.4,5.0,1
72800.0,543500.0,9918.2,1,2.7,73.2,19.0,18.0,1
109900.0,923500.0,16852.73,3,0.42,76.0,24.5,0.0,1
157000.0,1310300.0,23911.34,3,9.8,75.3,29.7,0.0,1
78800.0,816800.0,14905.58,3,0.62,77.6,36.4,5.0,1
177600.0,1936100.0,35331.41,0,9.75,59.3,30.6,0.0,1
56800.0,423800.0,7733.82,1,1.77,60.0,15.6,5.0,1
51200.0,560500.0,10228.43,5,0.31,46.7,15.7,5.0,0
136100.0,1511200.0,27577.52,0,5.2,71.8,21.3,0.0,1
12000.0,104600.0,1908.82,3,0.83,63.3,49.7,5.0,1
25800.0,224700.0,4100.5,1,1.68,77.6,22.3,5.0,1
26700.0,249900.0,4560.36,0,4.76,69.7,28.8,18.0,1
40700.0,388200.0,7084.17,6,0.26,69.0,15.8,5.0,0
94100.0,743100.0,13560.65,2,3.58,96.0,29.1,0.0,1
133300.0,1457300.0,26593.91,3,4.92,58.1,26.8,18.0,1
96800.0,802400.0,14642.8,4,2.28,77.7,31.7,0.0,1
16500.0,123100.0,2246.42,5,0.35,52.8,11.9,5.0,0
96900.0,783300.0,14294.25,1,6.83,74.6,20.6,0.0,1
144300.0,1399400.0,25537.31,4,5.61,77.8,20.9,0.0,1
99900.0,768600.0,14025.99,4,0.79,79.0,23.0,18.0,1
145700.0,1366800.0,24942.4,1,1.43,84.3,31.9,18.0,1
47100.0,340100.0,6206.4,1,1.7,79.1,34.9,5.0,1
98600.0,838600.0,15303.41,2,3.95,60.3,20.3,5.0,1
87600.0,939300.0,17141.06,1,3.57,40.0,19.2,5.0,1
197600.0,1701700.0,31053.91,2,4.26,82.0,28.0,0.0,1
102100.0,730100.0,13323.42,1,3.62,65.8,28.9,0.0,1
26700.0,199800.0,3646.1,3,7.09,67.7,24.5,18.0,1
73700.0,677400.0,12361.71,1,6.33,65.0,23.2,18.0,1
90700.0,686300.0,12524.12,2,0.68,64.7,28.6,0.0,1
83400.0,597300.0,10899.98,2,0.66,85.3,27.8,0.0,1
112900.0,822900.0,15016.9,3,5.05,71.7,18.2,0.0,1
54500.0,480200.0,8763.05,3,7.87,58.7,20.7,5.0,1
112300.0,1172000.0,21387.54,1,2.35,56.1,15.5,5.0,1
54500.0,461200.0,8416.33,0,7.46,62.6,28.6,0.0,1
120100.0,952400.0,17380.11,6,3.16,92.2,30.6,0.0,1
66700.0,553800.0,10106.16,3,1.32,82.5,28.3,0.0,1
108700.0,802400.0,14642.8,0,6.22,56.4,17.1,5.0,1
171900.0,1862600.0,33990.13,1,7.33,70.6,17.8,18.0,1
58500.0,454200.0,8288.58,4,1.89,52.7,32.5,5.0,1
95100.0,727900.0,13283.27,5,0.74,52.6,17.5,5.0,1
73300.0,755300.0,13783.28,2,1.92,79.0,37.5,5.0,1
118400.0,1017000.0,18558.98,4,4.39,68.0,17.4,18.0,1
97100.0,806900.0,14724.92,5,0.32,72.0,28.6,18.0,1
49000.0,445400.0,8128.0,3,0.89,96.0,17.8,5.0,1
123100.0,1145100.0,20896.65,4,0.7,53.7,15.7,18.0,1
57100.0,611500.0,11159.11,1,0.42,73.1,14.9,5.0,1
17900.0,132100.0,2410.66,3,2.26,63.4,47.9,5.0,1
63000.0,475300.0,8673.63,4,1.96,75.8,16.4,5.0,1
163200.0,1404100.0,25623.08,1,1.31,75.8,20.9,0.0,1
82500.0,807500.0,14735.87,4,0.46,51.7,31.7,0.0,1
48700.0,372100.0,6790.36,2,4.8,85.3,45.0,5.0,1
110700.0,1072400.0,19569.96,2,0.52,77.9,24.5,0.0,1
15200.0,117600.0,2146.05,2,5.97,64.0,51.8,18.0,1
62100.0,585100.0,10677.35,5,0.3,72.4,17.1,18.0,0
69000.0,552500.0,10082.44,3,3.38,71.8,20.3,5.0,1
104100.0,788500.0,14389.14,3,1.58,49.2,24.7,0.0,1
48800.0,350400.0,6394.36,3,2.03,57.9,26.4,0.0,1
72900.0,707200.0,12905.52,2,0.56,75.9,39.4,5.0,1
202600.0,1873800.0,34194.52,3,0.82,75.9,17.0,18.0,1
57700.0,640200.0,11682.85,6,1.12,68.2,16.1,5.0,0
61200.0,658200.0,12011.33,3,1.0,57.9,68.0,18.0,1
99100.0,1048100.0,19126.52,4,1.19,73.7,14.5,5.0,1
76200.0,714300.0,13035.09,3,0.32,54.1,37.8,5.0,1
87200.0,673600.0,12292.36,12,0.12,74.5,21.3,5.0,0
47000.0,388200.0,7084.17,2,0.64,68.8,32.4,0.0,1
71800.0,676400.0,12343.46,6,0.66,77.2,15.2,5.0,1
175900.0,1480000.0,27008.16,2,0.88,66.4,38.1,0.0,1
60700.0,450300.0,8217.41,2,3.35,87.2,46.1,5.0,1
70800.0,770300.0,14057.02,4,1.76,72.7,14.4,5.0,1
71700.0,519900.0,9487.53,5,0.57,61.1,18.4,5.0,1
140900.0,1431000.0,26113.97,4,4.99,62.7,16.9,18.0,1
169700.0,1737500.0,31707.21,2,3.6,95.6,24.0,0.0,1
74100.0,756200.0,13799.71,8,0.85,52.7,17.2,5.0,0
130500.0,1118400.0,20409.41,0,9.78,70.2,30.5,0.0,1
119800.0,1051700.0,19192.22,3,2.03,63.5,25.4,0.0,1
79800.0,593600.0,10832.46,1,3.7,59.3,55.4,5.0,1
56200.0,426300.0,7779.44,5,0.79,51.5,15.0,5.0,1
132300.0,1338200.0,24420.48,3,1.75,55.4,28.6,0.0,1
47800.0,359200.0,6554.95,0,8.29,88.6,21.4,5.0,1
44300.0,318500.0,5812.23,0,5.34,77.8,27.9,0.0,1
86100.0,689800.0,12587.99,2,6.04,48.4,30.2,0.0,1
36300.0,397000.0,7244.76,6,1.08,55.2,19.5,18.0,0
81400.0,836200.0,15259.61,1,1.54,62.9,23.5,0.0,1
72300.0,558000.0,10182.81,1,3.72,68.1,16.6,0.0,1
66100.0,606300.0,11064.22,2,5.35,51.9,32.4,18.0,1
81300.0,663400.0,12106.22,2,0.85,88.5,22.7,18.0,1
27700.0,237400.0,4332.25,5,0.43,62.2,21.5,5.0,1
113600.0,922800.0,16839.95,3,1.19,73.9,23.0,0.0,1
147900.0,1427200.0,26044.62,3,7.5,93.1,24.0,18.0,1
62400.0,654800.0,11949.28,5,0.18,86.6,13.6,5.0,0
69800.0,566200.0,10332.45,3,3.27,67.1,23.3,18.0,1
125200.0,1022100.0,18652.05,2,1.2,74.6,28.9,0.0,1
30800.0,241200.0,4401.6,2,1.1,79.9,45.8,5.0,1
18800.0,161300.0,2943.52,4,1.18,66.9,19.7,5.0,1
45000.0,448400.0,8182.74,4,6.23,82.4,19.0,18.0,1
20200.0,177800.0,3244.63,3,2.19,50.2,13.0,5.0,1
43100.0,468200.0,8544.07,2,9.63,54.2,27.4,0.0,1
81000.0,679500.0,12400.03,1,0.62,63.6,20.3,18.0,1
29900.0,270600.0,4938.11,1,1.84,69.9,19.6,5.0,1
15200.0,134400.0,2452.63,1,0.48,68.7,40.2,5.0,1
69100.0,760400.0,13876.35,4,1.3,73.7,25.8,0.0,1
192300.0,1399700.0,25542.78,2,5.39,86.1,26.2,0.0,1
91600.0,689500.0,12582.52,3,0.67,79.6,23.6,0.0,1
111400.0,938400.0,17124.63,4,10.59,64.3,15.1,5.0,1
16500.0,174200.0,3178.93,2,0.68,75.7,68.0,18.0,1
169400.0,1648900.0,30090.37,4,3.92,76.1,18.8,0.0,1
65300.0,717400.0,13091.66,3,14.53,75.2,51.4,18.0,1
21300.0,158400.0,2890.6,4,1.89,73.6,41.8,5.0,1
35300.0,321100.0,5859.68,5,0.29,65.1,35.3,18.0,0
79200.0,767900.0,14013.22,2,2.57,77.0,18.9,5.0,1
166400.0,1411300.0,25754.47,1,2.67,55.2,18.5,0.0,1
86000.0,820000.0,14963.98,2,1.38,59.3,18.6,5.0,1
195100.0,1454100.0,26535.51,2,5.86,84.6,30.0,0.0,1
134100.0,1306300.0,23838.35,3,0.69,83.4,29.1,0.0,1
31200.0,241800.0,4412.55,4,0.76,75.3,14.2,5.0,1
94300.0,766800.0,13993.15,3,3.22,68.3,17.4,5.0,1
62400.0,536700.0,9794.11,5,0.18,67.4,18.2,5.0,0
69100.0,679400.0,12398.2,2,0.61,71.1,21.2,18.0,1
61700.0,660700.0,12056.95,4,3.33,71.8,19.8,5.0,1
145300.0,1249300.0,22798.17,1,1.44,86.0,26.9,0.0,1
127600.0,997200.0,18197.66,2,0.3,61.9,33.5,0.0,1
108800.0,1135400.0,20719.64,0,8.23,67.8,23.2,0.0,1
141600.0,1312000.0,23942.37,4,1.54,72.2,20.7,18.0,1
56700.0,616500.0,11250.36,6,0.35,55.1,23.9,18.0,0
28600.0,250600.0,4573.14,2,0.37,49.2,16.3,5.0,1
167500.0,1675500.0,30575.79,0,6.64,74.5,30.8,0.0,1
79900.0,738700.0,13480.36,3,1.98,61.4,21.3,0.0,1
45100.0,351500.0,6414.44,5,0.36,65.7,16.2,5.0,1
98900.0,733800.0,13390.94,1,7.01,81.8,31.2,0.0,1
175400.0,1918200.0,35004.76,1,0.42,57.7,24.1,0.0,1
79900.0,616800.0,11255.83,4,4.29,73.6,12.5,5.0,1
48000.0,374500.0,6834.16,1,6.68,87.3,26.6,0.0,1
148700.0,1160600.0,21179.5,1,3.5,83.2,26.4,0.0,1
16000.0,150900.0,2753.74,4,3.72,79.2,15.8,5.0,1
112500.0,1047100.0,19108.27,2,2.29,61.8,26.4,0.0,1
66300.0,503800.0,9193.72,0,8.2,64.4,51.7,5.0,1
67700.0,694000.0,12664.64,3,4.31,73.9,18.7,5.0,1
29900.0,218000.0,3978.23,3,5.11,79.3,14.7,5.0,1
102200.0,1086400.0,19825.45,1,3.17,52.8,12.3,18.0,1
26700.0,196500.0,3585.88,3,0.37,63.2,39.9,5.0,1
118000.0,1154500.0,21068.19,5,1.11,49.7,15.4,5.0,1
46600.0,336400.0,6138.88,6,1.38,47.3,15.6,5.0,1
112700.0,1125400.0,20537.15,2,1.31,56.6,17.6,0.0,1
90500.0,976000.0,17810.78,2,1.68,63.3,14.3,5.0,1
29600.0,271300.0,4950.89,2,0.65,70.1,57.4,5.0,1
196200.0,2037500.0,37181.84,2,6.61,43.6,26.3,0.0,1
31200.0,224600.0,4098.67,2,1.47,59.3,66.1,18.0,1
154500.0,1173100.0,21407.61,3,1.3,87.9,22.7,0.0,1
86900.0,921300.0,16812.58,1,0.95,54.4,24.2,0.0,1
70300.0,690300.0,12597.12,3,3.02,61.1,19.9,18.0,1
45800.0,412800.0,7533.09,2,2.81,96.0,41.4,5.0,1
19800.0,147200.0,2686.22,4,1.59,85.9,16.5,5.0,1
89300.0,692200.0,12631.79,1,0.37,78.1,22.3,18.0,1
51000.0,453200.0,8270.34,2,0.34,49.4,19.2,5.0,1
18000.0,174300.0,3180.76,4,1.98,84.5,37.8,5.0,1
30900.0,278800.0,5087.75,5,0.37,76.2,21.7,0.0,1
74600.0,587200.0,10715.67,1,1.9,70.0,21.0,18.0,1
73300.0,525500.0,9589.72,5,0.45,66.5,28.2,0.0,1
24900.0,255700.0,4666.21,3,1.16,73.6,29.4,18.0,1
42800.0,312700.0,5706.39,4,2.73,78.7,57.5,18.0,1
114600.0,1040400.0,18986.0,0,9.0,55.3,23.5,0.0,1
66300.0,730000.0,13321.59,3,1.93,67.5,18.9,5.0,1
27600.0,242000.0,4416.2,1,1.97,77.0,68.0,18.0,1
168100.0,1317300.0,24039.08,1,0.64,75.1,24.9,0.0,1
29400.0,267100.0,4874.24,2,1.23,79.0,30.7,5.0,1
34400.0,268000.0,4890.67,1,3.05,80.7,17.0,0.0,1
47900.0,358700.0,6545.83,1,1.45,58.9,18.1,5.0,1
42500.0,393600.0,7182.71,4,1.15,64.4,11.0,5.0,1
74500.0,645000.0,11770.45,3,0.43,74.1,17.7,5.0,1
75000.0,588100.0,10732.09,5,0.24,62.8,47.5,5.0,1
73900.0,567700.0,10359.82,4,0.53,63.3,30.4,18.0,1
25700.0,269300.0,4914.39,6,0.63,62.6,14.2,5.0,0
126800.0,1187300.0,21666.75,3,1.02,68.6,33.4,18.0,1
71300.0,555300.0,10133.53,6,1.56,53.9,16.3,5.0,1
33700.0,283600.0,5175.35,2,0.43,71.3,21.7,5.0,1
54600.0,520900.0,9505.78,4,2.52,82.8,48.1,5.0,1
83400.0,821900.0,14998.65,5,0.28,73.6,21.6,5.0,0
35400.0,257600.0,4700.88,3,4.81,61.4,54.7,18.0,1
165400.0,1377400.0,25135.83,2,4.44,82.6,20.8,0.0,1
84500.0,678600.0,12383.61,1,2.68,74.0,18.7,5.0,1
53000.0,452000.0,8248.44,1,2.45,48.2,29.8,0.0,1
70800.0,723400.0,13201.15,2,0.71,82.5,22.3,5.0,1
32000.0,251700.0,4593.21,0,6.75,87.7,18.2,5.0,1
59500.0,610700.0,11144.51,2,1.14,73.2,37.5,5.0,1
100000.0,1091100.0,19911.22,1,0.44,59.5,26.9,0.0,1
36300.0,347600.0,6343.27,1,1.95,96.0,16.9,18.0,1
103100.0,922500.0,16834.48,4,1.51,74.8,25.1,0.0,1
115800.0,945600.0,17256.02,1,2.47,67.4,21.8,0.0,1
26400.0,268700.0,4903.44,3,1.48,73.6,26.4,0.0,1
120000.0,1237300.0,22579.18,7,0.6,70.8,21.1,5.0,1
110200.0,794900.0,14505.94,3,2.69,80.7,26.5,0.0,1
40100.0,360700.0,6582.33,5,0.43,49.3,20.4,5.0,0
37700.0,367900.0,6713.72,3,1.97,61.4,17.0,5.0,1
56700.0,549100.0,10020.39,7,1.52,68.8,14.3,5.0,1
179500.0,1926900.0,35163.53,1,1.05,65.2,27.7,0.0,1
99400.0,769200.0,14036.94,2,0.48,89.9,23.8,0.0,1
88800.0,755600.0,13788.76,1,0.79,92.8,24.1,0.0,1
31600.0,264900.0,4834.1,2,1.65,55.1,35.7,5.0,1
142500.0,1129300.0,20608.32,3,1.02,88.6,19.3,0.0,1
172900.0,1477800.0,26968.01,2,1.19,72.8,31.9,0.0,1
22500.0,216900.0,3958.15,4,0.75,78.2,15.4,5.0,1
75500.0,715600.0,13058.81,6,1.05,74.8,18.5,5.0,1
104000.0,896500.0,16360.01,2,2.71,63.6,33.0,0.0,1
93800.0,755700.0,13790.58,3,0.62,68.9,21.4,5.0,1
17000.0,140900.0,2571.25,2,2.25,65.1,35.3,5.0,1
17000.0,153900.0,2808.48,4,1.18,66.8,18.1,5.0,1
29500.0,290500.0,5301.26,1,7.86,74.4,52.6,5.0,1
82800.0,620300.0,11319.7,3,0.97,73.9,15.5,18.0,1
49900.0,377100.0,6881.61,3,3.16,72.5,18.7,5.0,1
31600.0,265000.0,4835.92,4,3.81,94.9,17.7,5.0,1
83600.0,642400.0,11723.0,0,9.14,41.6,15.9,18.0,1
14700.0,147300.0,2688.04,2,1.35,79.9,32.2,5.0,1
90400.0,865900.0,15801.6,5,0.69,54.5,18.0,5.0,1
33000.0,240900.0,4396.13,7,1.39,77.3,21.6,5.0,1
97300.0,764500.0,13951.17,7,0.35,64.6,18.9,5.0,1
46600.0,336800.0,6146.18,6,2.01,72.7,33.5,18.0,1
108500.0,854400.0,15591.74,0,6.3,78.6,20.0,18.0,1
114900.0,976800.0,17825.38,6,1.58,53.4,20.5,5.0,1
56200.0,512700.0,9356.14,1,1.73,66.5,32.4,18.0,1
157200.0,1459100.0,26626.76,3,0.74,68.7,24.6,18.0,1
31500.0,228500.0,4169.84,4,1.62,46.0,38.6,5.0,1
104200.0,1149800.0,20982.42,1,0.5,69.2,16.7,18.0,1
47000.0,425300.0,7761.2,2,1.38,65.6,16.0,5.0,1
22100.0,183800.0,3354.12,4,6.9,57.3,16.2,5.0,1
87800.0,818400.0,14934.78,4,1.3,51.4,17.9,5.0,1
39600.0,284700.0,5195.42,6,0.38,53.4,13.9,5.0,0
108900.0,966200.0,17631.95,1,0.64,67.1,21.8,0.0,1
142100.0,1425800.0,26019.07,2,0.71,67.0,25.5,0.0,1
160600.0,1614100.0,29455.32,4,1.23,74.9,18.3,18.0,1
35300.0,278100.0,5074.98,3,2.13,64.0,18.8,0.0,1
52900.0,468000.0,8540.42,3,5.3,80.7,18.8,5.0,1
41500.0,305600.0,5576.82,2,1.62,91.6,59.6,18.0,1
156500.0,1318400.0,24059.16,2,0.71,81.8,19.7,0.0,1
97800.0,1038600.0,18953.16,2,0.39,60.9,19.1,18.0,0
73900.0,708600.0,12931.07,0,4.91,70.6,30.9,0.0,1
44200.0,365800.0,6675.39,1,3.56,50.8,30.8,0.0,1
29000.0,235000.0,4288.46,6,1.19,72.0,20.7,5.0,1
66800.0,494100.0,9016.71,8,0.84,80.4,43.6,18.0,1
51800.0,490300.0,8947.36,1,5.36,70.7,33.8,5.0,1
69100.0,702100.0,12812.45,5,0.6,92.5,21.5,18.0,1
97500.0,1015300.0,18527.96,3,0.65,81.7,31.2,0.0,1
145700.0,1490300.0,27196.12,5,1.32,82.5,23.6,18.0,1
142900.0,1161700.0,21199.58,3,2.43,74.6,31.4,0.0,1
62200.0,559100.0,10202.88,5,1.24,65.1,18.3,5.0,1
86700.0,924000.0,16861.85,2,0.81,88.6,27.0,0.0,1
52000.0,412000.0,7518.49,1,0.59,59.2,36.0,0.0,1
134000.0,1139200.0,20788.98,1,2.45,94.0,21.7,0.0,1
145400.0,1538600.0,28077.53,6,0.45,71.1,20.6,0.0,1
28400.0,238400.0,4350.5,5,0.35,70.7,66.4,18.0,1
198900.0,1861500.0,33970.06,4,0.92,61.9,17.0,0.0,1
63500.0,653400.0,11923.74,4,1.24,69.9,25.6,0.0,1
97300.0,1030800.0,18810.82,2,2.39,72.1,21.3,0.0,1
91500.0,921700.0,16819.88,2,3.15,65.8,23.3,0.0,1
81400.0,664100.0,12119.0,4,1.03,56.6,18.7,5.0,1
90600.0,775400.0,14150.08,3,3.07,76.3,30.1,0.0,1
44600.0,450800.0,8226.54,6,0.34,48.6,16.0,5.0,0
75100.0,716800.0,13080.71,2,2.16,72.0,24.9,0.0,1
68400.0,657000.0,11989.43,3,0.71,55.1,22.2,0.0,1
26800.0,206500.0,3768.37,2,1.28,67.6,26.3,0.0,1
73400.0,737600.0,13460.28,3,2.2,90.2,18.6,5.0,1
44600.0,388500.0,7089.64,8,0.38,52.1,13.4,5.0,0
154100.0,1673300.0,30535.64,2,2.03,75.3,25.3,0.0,1
70300.0,768300.0,14020.52,3,0.41,86.7,14.3,5.0,1
64900.0,645800.0,11785.05,3,0.6,50.6,19.4,5.0,1
53200.0,414700.0,7567.76,3,1.15,58.1,18.2,5.0,1
139600.0,1352400.0,24679.62,0,7.38,75.3,29.0,0.0,1
35500.0,361800.0,6602.4,4,0.64,93.8,44.7,18.0,1
79300.0,784600.0,14317.97,2,5.53,67.3,12.6,5.0,1
96100.0,910300.0,16611.84,1,2.08,61.7,26.7,18.0,1
90600.0,714200.0,13033.26,4,1.37,70.3,17.9,5.0,1
98600.0,998200.0,18215.91,1,3.6,73.3,31.6,18.0,1
63700.0,693300.0,12651.86,2,7.5,68.5,11.4,5.0,1
58700.0,563000.0,10274.05,2,1.43,81.7,27.9,0.0,1
43400.0,349000.0,6368.82,1,5.11,74.1,34.0,0.0,1
231400.0,1908100.0,34820.45,1,7.04,53.0,15.9,18.0,1
47500.0,471900.0,8611.59,4,1.25,50.7,34.6,18.0,1
91600.0,818100.0,14929.31,2,0.73,72.6,17.9,18.0,1
22700.0,182500.0,3330.4,3,1.21,84.8,45.6,18.0,1
40100.0,355000.0,6478.31,3,3.46,71.3,23.0,0.0,1
235600.0,2145400.0,39150.88,3,0.38,65.6,17.3,18.0,1
118500.0,1094100.0,19965.96,0,8.56,68.1,32.2,0.0,1
57200.0,412300.0,7523.96,3,2.05,57.0,19.1,5.0,1
73400.0,764400.0,13949.35,5,1.01,65.5,19.7,5.0,1
79300.0,692100.0,12629.96,1,4.23,51.3,12.8,18.0,1
31300.0,296700.0,5414.41,6,0.94,57.7,21.9,5.0,1
17400.0,160500.0,2928.93,3,8.06,77.9,66.4,18.0,1
47200.0,342800.0,6255.67,1,6.85,67.2,20.6,0.0,1
75800.0,542900.0,9907.25,6,0.93,68.1,12.9,5.0,1
70400.0,581300.0,10608.0,6,0.62,75.8,59.7,18.0,1
173800.0,1897500.0,34627.01,0,9.38,79.8,34.2,0.0,1
70600.0,552800.0,10087.91,4,0.35,77.6,24.4,0.0,1
31900.0,343900.0,6275.75,2,4.24,74.7,53.5,18.0,1
41800.0,342900.0,6257.5,4,2.1,74.7,37.1,5.0,1
73900.0,725200.0,13234.0,1,2.07,58.4,31.7,0.0,1
73700.0,567200.0,10350.69,5,0.13,86.4,68.0,18.0,1
25400.0,196700.0,3589.53,5,0.33,64.0,18.0,5.0,1
60500.0,566200.0,10332.45,3,4.06,48.1,39.1,5.0,1
24300.0,247400.0,4514.74,4,2.56,84.7,15.5,5.0,1
50300.0,399100.0,7283.08,4,3.41,79.5,34.9,0.0,1
53000.0,446200.0,8142.59,2,0.62,68.1,53.9,18.0,1
58300.0,631600.0,11525.91,2,2.1,74.5,31.5,18.0,1
103300.0,837400.0,15281.51,1,1.11,67.1,26.7,0.0,1
30100.0,333800.0,6091.43,3,1.78,60.2,44.1,5.0,1
59300.0,557200.0,10168.21,4,3.01,80.2,42.2,5.0,1
33200.0,358200.0,6536.7,2,2.5,55.4,17.4,0.0,1
49200.0,409900.0,7480.16,2,5.63,87.9,21.9,0.0,1
161000.0,1329700.0,24265.37,1,8.24,54.2,25.0,0.0,1
49300.0,511400.0,9332.41,8,0.98,72.1,20.7,5.0,1
67500.0,502600.0,9171.82,3,0.83,67.3,16.0,0.0,1
154800.0,1594800.0,29103.11,4,1.38,53.0,23.0,18.0,1
72400.0,700800.0,12788.73,3,0.78,68.2,45.4,5.0,1
53200.0,398200.0,7266.65,2,1.96,67.8,14.2,0.0,1
165100.0,1802700.0,32897.03,4,1.16,68.9,24.2,0.0,1
140900.0,1029300.0,18783.44,3,1.09,59.4,38.2,18.0,1
17900.0,183700.0,3352.3,5,0.31,96.0,17.0,5.0,1
112700.0,993400.0,18128.31,5,0.14,55.4,26.6,18.0,0
60100.0,540700.0,9867.1,2,0.46,73.8,17.9,18.0,1
58300.0,622000.0,11350.73,5,1.79,80.3,51.3,5.0,1
58000.0,427300.0,7797.69,6,0.14,59.3,23.2,18.0,0
72200.0,642000.0,11715.7,3,0.53,68.1,20.1,0.0,1
88800.0,894400.0,16321.69,4,5.01,61.8,12.4,5.0,1
73400.0,580200.0,10587.93,3,4.74,67.3,21.8,18.0,1
101700.0,971300.0,17725.02,4,5.1,61.4,16.6,18.0,1
39700.0,288700.0,5268.42,4,2.43,62.1,22.6,0.0,1
87400.0,679300.0,12396.38,5,0.17,60.7,16.1,5.0,1
120800.0,909200.0,16591.77,2,0.87,61.7,15.4,18.0,1
158300.0,1495700.0,27294.66,1,0.74,72.5,19.1,18.0,1
32200.0,292700.0,5341.41,2,1.61,84.2,26.7,18.0,1
131400.0,1442900.0,26331.13,1,0.93,68.9,24.4,0.0,1
107800.0,1017200.0,18562.63,6,2.18,68.2,13.0,5.0,1
110900.0,1164400.0,21248.85,2,0.42,64.3,29.8,0.0,1
143500.0,1033500.0,18860.09,2,2.0,86.9,19.0,18.0,1
35200.0,257400.0,4697.23,2,2.05,74.4,41.4,18.0,1
46000.0,392700.0,7166.29,2,4.64,64.7,29.1,0.0,1
36600.0,306200.0,5587.77,2,0.36,73.4,34.4,5.0,1
40400.0,306700.0,5596.89,3,0.84,77.2,20.8,5.0,1
146700.0,1595700.0,29119.54,0,6.06,73.9,24.6,0.0,1
98300.0,818600.0,14938.43,4,2.42,71.5,28.0,0.0,1
136700.0,1070700.0,19538.94,1,2.22,83.3,25.8,0.0,1
28600.0,235200.0,4292.11,1,0.85,65.8,33.3,18.0,1
45900.0,423200.0,7722.87,4,4.92,72.7,26.4,0.0,1
128700.0,929200.0,16956.74,2,3.16,90.0,25.4,0.0,1
18200.0,133100.0,2428.91,2,14.73,71.0,41.6,5.0,1
25700.0,224100.0,4089.55,5,0.12,95.3,16.3,5.0,1
43100.0,359200.0,6554.95,3,1.32,85.1,54.7,18.0,1
115000.0,1083400.0,19770.7,3,1.79,86.6,23.8,0.0,1
23400.0,185200.0,3379.67,4,4.83,44.4,53.9,18.0,1
12500.0,126200.0,2302.99,6,1.18,70.6,36.2,5.0,1
77600.0,622800.0,11365.32,1,1.91,68.0,14.3,5.0,1
52500.0,393300.0,7177.24,2,3.06,67.6,23.5,0.0,1
50700.0,388400.0,7087.82,0,6.25,60.4,15.1,18.0,1
82200.0,870000.0,15876.42,4,0.5,59.6,23.3,5.0,0
62800.0,479600.0,8752.1,3,2.6,85.5,42.9,5.0,1
38500.0,417600.0,7620.68,1,5.47,96.0,45.9,5.0,1
121800.0,984000.0,17956.77,3,9.2,73.2,26.9,18.0,1
139700.0,1413500.0,25794.61,3,4.35,36.2,14.9,18.0,1
68400.0,641100.0,11699.28,2,3.35,74.2,28.1,0.0,1
62600.0,449300.0,8199.17,3,1.27,76.7,29.9,0.0,1
56700.0,621600.0,11343.43,4,4.98,60.9,24.4,18.0,1
66500.0,499700.0,9118.9,4,0.83,62.2,50.7,5.0,1
170500.0,1308600.0,23880.32,1,1.33,53.1,25.5,0.0,1
54400.0,394200.0,7193.66,5,0.73,68.9,45.3,5.0,1
67900.0,646100.0,11790.52,2,0.5,81.1,20.9,0.0,1
38100.0,336300.0,6137.06,6,1.95,70.7,14.0,5.0,1
111000.0,990400.0,18073.57,9,1.31,51.2,16.1,5.0,1
56100.0,461200.0,8416.33,2,5.77,68.1,10.8,0.0,1
96300.0,699600.0,12766.83,3,1.22,67.4,17.3,5.0,1
49500.0,543400.0,9916.37,3,5.17,81.2,21.3,18.0,1
131700.0,1098500.0,20046.26,3,5.83,94.0,18.8,0.0,1
38300.0,274500.0,5009.28,1,5.0,84.3,26.2,18.0,1
173300.0,1907600.0,34811.32,2,0.53,54.5,18.5,18.0,1
54200.0,582800.0,10635.37,8,0.31,76.2,17.1,5.0,0
80900.0,898100.0,16389.21,3,2.15,55.2,17.1,5.0,1
55500.0,457900.0,8356.1,10,0.76,67.4,13.3,5.0,0
47700.0,434900.0,7936.38,1,3.09,75.6,22.5,0.0,1
119600.0,1280000.0,23358.41,1,6.94,52.6,18.1,5.0,1
19200.0,167000.0,3047.54,3,10.62,92.9,49.9,5.0,1
142200.0,1127200.0,20570.0,1,3.68,49.2,32.8,18.0,1
77600.0,651700.0,11892.71,1,5.14,73.3,11.9,5.0,1
225400.0,1720700.0,31400.63,3,2.33,79.9,20.5,18.0,1
54000.0,397700.0,7257.53,3,0.53,52.6,21.5,18.0,1
38400.0,325100.0,5932.67,4,0.59,81.5,12.2,5.0,1
109200.0,1206000.0,22008.0,7,0.54,62.1,15.4,5.0,0
111600.0,907700.0,16564.39,7,1.05,67.3,16.8,5.0,1
97400.0,1063600.0,19409.38,1,1.6,50.8,24.1,0.0,1
70300.0,748800.0,13664.67,3,1.17,74.5,17.4,5.0,1
146600.0,1382600.0,25230.73,3,1.67,52.9,29.0,18.0,1
143600.0,1531800.0,27953.44,4,1.24,78.3,25.3,18.0,1
135100.0,1468900.0,26805.6,2,0.53,66.4,15.6,18.0,1
26400.0,189100.0,3450.84,1,3.56,91.6,31.0,5.0,1
59400.0,472500.0,8622.54,1,0.79,78.0,32.4,18.0,1
64400.0,541100.0,9874.4,2,3.33,71.6,23.9,0.0,1
139100.0,1098800.0,20051.73,0,5.19,96.0,27.4,0.0,1
37500.0,275200.0,5022.06,4,0.86,71.4,14.4,5.0,1
44800.0,487500.0,8896.27,1,1.95,81.5,12.0,5.0,1
135400.0,1396100.0,25477.09,0,6.19,70.8,42.6,18.0,1
115700.0,1081000.0,19726.9,2,1.51,69.5,11.6,5.0,1
139100.0,1434000.0,26168.71,3,4.36,80.2,24.0,0.0,1
58900.0,538600.0,9828.78,3,0.55,90.9,24.7,0.0,1
98300.0,983500.0,17947.65,3,3.06,65.0,39.1,0.0,1
163800.0,1273000.0,23230.66,2,10.42,63.4,24.1,0.0,1
61700.0,469200.0,8562.32,4,1.41,69.0,45.3,5.0,1
82300.0,631200.0,11518.61,4,3.78,88.2,19.0,5.0,1
135200.0,1287100.0,23487.97,1,1.75,62.3,23.3,0.0,1
140800.0,1216200.0,22194.14,3,1.97,50.6,34.5,18.0,1
43000.0,390300.0,7122.49,3,4.22,80.3,25.9,5.0,1
126600.0,1363100.0,24874.88,1,2.76,63.6,38.1,18.0,1
104600.0,1087500.0,19845.52,3,0.37,80.6,25.6,0.0,1
134400.0,1076100.0,19637.49,4,2.19,73.8,15.2,18.0,1
140300.0,1312400.0,23949.67,2,0.54,68.7,25.3,0.0,1
59600.0,476100.0,8688.23,6,0.7,54.4,15.9,5.0,1
26600.0,242700.0,4428.97,3,1.2,52.7,24.4,0.0,1
75600.0,786200.0,14347.17,7,0.54,74.4,13.7,5.0,0
60800.0,609200.0,11117.14,3,4.9,86.9,41.6,5.0,1
19200.0,188100.0,3432.59,4,3.24,68.4,17.6,5.0,1
98000.0,939800.0,17150.18,1,2.48,69.2,26.8,0.0,1
62000.0,547900.0,9998.49,3,2.03,35.0,19.3,5.0,1
30700.0,308200.0,5624.27,2,3.74,77.6,17.4,5.0,1
60900.0,526800.0,9613.44,2,0.51,96.0,35.4,0.0,1
17700.0,139000.0,2536.58,1,3.09,81.9,68.0,18.0,1
32900.0,354000.0,6460.06,2,2.28,41.8,27.6,0.0,1
27400.0,242600.0,4427.15,5,0.45,51.0,20.4,0.0,1
154500.0,1137000.0,20748.83,2,1.62,68.7,23.7,0.0,1
80600.0,739800.0,13500.43,2,0.68,56.0,31.2,0.0,1
110100.0,857100.0,15641.01,3,1.36,62.3,21.7,5.0,1
135100.0,1192600.0,21763.47,1,1.1,38.3,35.9,18.0,1
60800.0,474000.0,8649.91,2,2.6,60.7,46.3,5.0,1
62800.0,476300.0,8691.88,2,2.41,52.7,25.6,18.0,1
118700.0,1055400.0,19259.74,4,1.31,42.3,29.4,18.0,1
63900.0,482000.0,8795.9,0,7.08,81.6,33.4,5.0,1
63900.0,617500.0,11268.61,1,2.31,50.6,39.7,5.0,1
85300.0,732100.0,13359.91,2,2.16,54.6,18.9,0.0,1
97600.0,873700.0,15943.94,2,1.61,65.7,26.3,0.0,1
54300.0,415900.0,7589.66,2,3.61,87.2,42.7,5.0,1
18000.0,154900.0,2826.73,6,0.76,87.7,19.9,5.0,1
107200.0,806600.0,14719.45,6,1.01,91.5,13.8,5.0,1
51000.0,397600.0,7255.7,4,1.19,61.1,43.2,5.0,1
163400.0,1388700.0,25342.05,1,3.59,64.1,25.5,0.0,1
55900.0,550800.0,10051.41,1,1.48,61.6,34.3,5.0,1
130800.0,1370300.0,25006.27,3,5.42,72.2,28.7,18.0,1
74800.0,587300.0,10717.49,5,0.21,53.6,24.0,0.0,0
162300.0,1378100.0,25148.61,4,1.84,52.2,14.3,18.0,1
70700.0,681000.0,12427.4,2,0.99,67.6,23.1,5.0,1
120700.0,883500.0,16122.77,4,2.38,65.7,28.0,18.0,1
42000.0,436100.0,7958.28,0,8.59,70.7,57.3,18.0,1
111000.0,807900.0,14743.17,1,0.31,66.9,15.5,5.0,1
163400.0,1310700.0,23918.64,1,2.26,76.8,30.6,0.0,1
57700.0,417700.0,7622.5,3,0.31,47.0,15.5,0.0,1
23200.0,210900.0,3848.66,3,1.15,75.9,9.4,5.0,1
91000.0,687800.0,12551.49,0,9.51,68.1,23.6,0.0,1
115200.0,1015600.0,18533.44,3,1.34,78.2,30.4,18.0,1
121800.0,1268300.0,23144.9,0,4.97,68.8,26.2,0.0,1
86400.0,915900.0,16714.03,1,0.52,62.6,26.0,0.0,1
30800.0,308900.0,5637.04,2,0.92,82.0,18.3,5.0,1
173800.0,1407200.0,25679.65,2,1.34,55.0,22.7,0.0,1
35200.0,321100.0,5859.68,3,1.77,61.8,59.5,5.0,1
19300.0,193500.0,3531.13,5,0.2,78.6,17.6,5.0,0
73200.0,696000.0,12701.13,3,2.36,62.6,17.4,5.0,1
57900.0,569900.0,10399.97,2,2.54,75.7,46.5,5.0,1
32200.0,233500.0,4261.08,5,0.51,67.8,17.5,5.0,1
76600.0,581700.0,10615.3,1,1.44,58.9,26.0,18.0,1
16900.0,135000.0,2463.58,7,0.16,69.3,14.0,5.0,0
73900.0,798100.0,14564.33,4,1.28,79.3,40.3,5.0,1
37800.0,285700.0,5213.67,2,4.7,57.3,17.4,0.0,1
40400.0,351300.0,6410.79,4,1.46,77.8,42.6,5.0,1
31600.0,307000.0,5602.37,3,3.57,53.3,19.0,18.0,1
39200.0,331000.0,6040.34,3,3.08,54.6,42.0,5.0,1
162300.0,1791800.0,32698.12,2,0.68,72.3,22.9,0.0,1
219500.0,2076200.0,37888.06,3,2.04,69.6,22.7,18.0,1
170700.0,1841700.0,33608.73,3,0.97,65.5,20.9,0.0,1
37500.0,315200.0,5752.01,3,5.68,61.3,19.9,0.0,1
61300.0,477900.0,8721.08,5,1.52,65.6,22.5,5.0,1
156800.0,1343800.0,24522.68,3,3.35,74.3,31.8,0.0,1
93000.0,721200.0,13161.0,2,2.32,73.4,31.3,18.0,1
23900.0,212600.0,3879.69,3,6.25,55.8,68.0,18.0,1
33800.0,259800.0,4741.03,2,1.88,64.6,17.1,5.0,1
93300.0,734900.0,13411.01,1,3.86,76.6,31.3,18.0,1
34100.0,306400.0,5591.42,3,0.66,58.8,31.8,18.0,1
22700.0,185500.0,3385.14,9,0.52,66.6,13.3,5.0,0
175900.0,1933100.0,35276.67,0,8.08,74.3,16.0,18.0,1
63200.0,565100.0,10312.37,1,1.03,45.5,25.8,0.0,1
109600.0,798000.0,14562.51,3,2.78,62.8,22.7,0.0,1
75700.0,576900.0,10527.71,0,5.08,70.4,21.4,0.0,1
119900.0,923500.0,16852.73,1,4.99,72.5,19.3,18.0,1
71700.0,692300.0,12633.61,4,0.76,90.4,15.6,5.0,1
75800.0,817500.0,14918.36,1,2.96,96.0,30.9,0.0,1
80300.0,711500.0,12983.99,4,3.98,64.9,45.3,18.0,1
89300.0,698700.0,12750.41,3,2.21,49.6,25.3,18.0,1
40500.0,327400.0,5974.64,2,1.06,45.2,25.1,0.0,1
119500.0,891200.0,16263.29,6,0.34,61.9,23.5,18.0,1
40200.0,402200.0,7339.65,2,4.52,76.8,25.9,0.0,1
155300.0,1450100.0,26462.52,1,0.57,65.7,16.6,0.0,1
139500.0,1383100.0,25239.85,2,1.02,77.4,30.9,0.0,1
69500.0,738000.0,13467.58,5,0.29,65.9,24.0,0.0,0
156600.0,1735700.0,31674.36,0,4.79,75.6,30.5,0.0,1
144600.0,1457000.0,26588.44,4,0.58,41.1,19.9,0.0,0
147900.0,1409300.0,25717.97,2,0.78,76.3,24.6,0.0,1
191400.0,1419800.0,25909.58,3,5.49,89.1,20.6,0.0,1
146800.0,1225800.0,22369.32,7,2.27,68.5,19.6,18.0,1
67300.0,546500.0,9972.94,0,5.51,79.9,22.4,0.0,1
34300.0,288000.0,5255.64,2,6.96,72.6,18.3,5.0,1
128800.0,984300.0,17962.25,2,1.48,66.4,24.5,0.0,1
128100.0,1295700.0,23644.91,2,1.35,65.3,21.9,0.0,1
69400.0,710800.0,12971.21,0,8.88,85.8,43.5,5.0,1
161900.0,1234700.0,22531.74,2,0.8,64.1,32.8,0.0,1
63500.0,568400.0,10372.59,2,1.52,56.5,68.0,18.0,1
94700.0,854100.0,15586.26,7,1.7,83.7,15.3,5.0,1
72100.0,648000.0,11825.19,1,0.55,73.7,24.2,18.0,1
111800.0,1050400.0,19168.49,6,1.25,81.1,16.9,5.0,1
115900.0,873800.0,15945.76,9,0.24,78.3,20.1,5.0,0
40200.0,386500.0,7053.14,2,0.97,71.8,45.9,5.0,1
183400.0,1777000.0,32428.04,1,5.2,53.9,27.4,0.0,1
168400.0,1549600.0,28278.27,1,1.46,64.4,33.6,0.0,1
61900.0,593700.0,10834.29,3,3.48,55.4,19.6,5.0,1
150800.0,1304700.0,23809.15,3,5.59,69.3,25.7,0.0,1
67400.0,513800.0,9376.21,0,9.09,71.6,15.0,5.0,1
111200.0,837600.0,15285.16,1,0.38,55.5,21.2,0.0,1
90900.0,904700.0,16509.65,1,1.03,71.0,17.5,0.0,1
51000.0,506900.0,9250.29,4,1.65,67.2,41.5,5.0,1
88100.0,749600.0,13679.27,1,11.34,54.3,18.4,18.0,1
70000.0,656500.0,11980.31,3,4.33,75.7,18.2,5.0,1
61000.0,534100.0,9746.66,2,0.69,72.2,29.1,0.0,1
63200.0,558800.0,10197.4,3,0.61,61.9,28.1,0.0,1
63000.0,519200.0,9474.75,2,2.61,56.9,30.3,0.0,1
157300.0,1610300.0,29385.97,2,4.01,84.0,33.5,0.0,1
72800.0,716900.0,13082.53,5,2.33,67.2,20.4,5.0,1
49100.0,436800.0,7971.06,8,0.9,72.4,9.4,5.0,1
28600.0,212200.0,3872.39,3,2.41,83.4,38.7,5.0,1
123000.0,951200.0,17358.22,1,0.48,89.3,32.6,0.0,1
90300.0,762500.0,13914.68,1,2.36,80.4,29.9,0.0,1
127500.0,982200.0,17923.93,2,0.78,90.7,34.7,18.0,1
133500.0,1201300.0,21922.23,4,3.23,57.8,27.9,18.0,1
39700.0,300400.0,5481.93,1,0.54,89.9,67.1,18.0,1
67700.0,677000.0,12354.41,2,3.89,80.6,28.7,18.0,1
77400.0,625700.0,11418.25,1,0.51,70.4,11.7,18.0,1
70600.0,599200.0,10934.65,2,4.8,86.6,18.9,0.0,1
125200.0,1026300.0,18728.7,5,1.22,62.4,36.8,18.0,1
43600.0,350700.0,6399.84,3,0.33,85.0,41.8,5.0,1
79400.0,761300.0,13892.78,0,7.34,56.6,19.4,0.0,1
63600.0,547100.0,9983.89,5,0.13,60.2,59.0,18.0,1
104400.0,1131300.0,20644.82,1,0.39,72.0,23.8,0.0,1
73400.0,796700.0,14538.78,1,2.07,75.1,18.6,18.0,1
144300.0,1047100.0,19108.27,5,0.94,95.4,25.9,0.0,1
167400.0,1274300.0,23254.39,1,4.13,74.7,27.2,0.0,1
127100.0,977900.0,17845.46,2,2.27,93.1,22.2,0.0,1
102200.0,849100.0,15495.02,1,0.94,65.0,26.2,0.0,1
108900.0,864700.0,15779.7,3,5.41,65.4,21.5,0.0,1
119100.0,1057700.0,19301.71,2,1.74,71.6,35.4,0.0,1
151700.0,1230300.0,22451.44,2,1.44,42.8,30.0,0.0,1
92800.0,877300.0,16009.63,3,2.87,59.9,18.8,5.0,1
101700.0,844300.0,15407.42,3,4.24,74.3,18.6,18.0,1
33500.0,253300.0,4622.41,3,2.55,52.2,33.8,5.0,1
119100.0,1080300.0,19714.13,5,0.27,75.2,16.1,5.0,1
51500.0,445700.0,8133.47,2,0.51,65.8,34.4,0.0,1
105700.0,896600.0,16361.83,2,1.48,81.8,34.4,0.0,1
43000.0,476800.0,8701.01,7,0.11,69.2,45.9,5.0,0
55300.0,486800.0,8883.49,3,1.02,77.8,54.5,5.0,1
40100.0,437500.0,7983.83,4,1.41,80.4,19.1,5.0,1
102300.0,1036800.0,18920.31,5,1.33,89.3,14.1,5.0,1
52800.0,393300.0,7177.24,3,1.73,55.0,19.9,18.0,1
126700.0,991100.0,18086.34,0,6.76,58.1,36.8,18.0,1
135700.0,1135500.0,20721.46,3,0.65,57.7,33.4,18.0,1
196900.0,1486700.0,27130.42,1,4.06,78.2,22.2,0.0,1
84500.0,865300.0,15790.65,8,0.64,69.2,13.5,5.0,0
75200.0,575100.0,10494.86,3,6.78,69.5,29.5,0.0,1
32700.0,352100.0,6425.39,1,1.32,63.9,19.6,0.0,1
98600.0,754000.0,13759.56,4,0.7,65.3,25.7,0.0,1
78200.0,569300.0,10389.02,1,2.41,48.5,31.4,0.0,1
18600.0,145900.0,2662.49,1,1.19,65.0,42.1,5.0,1
92200.0,662600.0,12091.62,2,2.48,72.7,37.0,18.0,1
61600.0,464600.0,8478.37,5,0.62,75.1,21.3,5.0,1
155400.0,1447000.0,26405.95,2,1.39,78.1,28.1,0.0,1
51800.0,532700.0,9721.11,2,1.67,68.2,16.3,5.0,1
41600.0,423100.0,7721.05,4,2.15,60.4,19.8,5.0,1
175600.0,1746400.0,31869.63,1,2.23,58.4,25.7,0.0,1
116200.0,1016600.0,18551.68,2,0.61,77.7,37.0,0.0,1
46000.0,452400.0,8255.74,6,0.5,69.5,14.5,5.0,0
96800.0,1074400.0,19606.46,0,5.38,72.0,25.1,0.0,1
43200.0,463500.0,8458.3,1,1.76,35.6,41.2,5.0,1
55000.0,397300.0,7250.23,5,0.3,42.3,63.2,18.0,1
68800.0,743200.0,13562.47,3,2.12,71.4,30.7,0.0,1
169500.0,1355900.0,24743.49,6,0.11,66.9,23.1,0.0,0
39900.0,349000.0,6368.82,2,1.9,68.5,27.2,0.0,1
144700.0,1280400.0,23365.71,3,4.07,76.6,27.4,18.0,1
126200.0,1186000.0,21643.02,6,1.55,69.6,24.4,18.0,1
84400.0,829300.0,15133.69,8,2.34,53.3,19.9,5.0,1
56700.0,412200.0,7522.14,4,3.52,76.3,15.9,5.0,1
19100.0,190500.0,3476.39,2,3.24,83.3,18.7,5.0,1
90000.0,659100.0,12027.75,0,6.43,64.8,26.3,18.0,1
36800.0,292900.0,5345.06,0,9.13,69.1,24.8,0.0,1
38300.0,274500.0,5009.28,4,0.82,79.3,43.0,5.0,1
30100.0,242000.0,4416.2,1,1.97,55.6,31.9,18.0,1
56100.0,421000.0,7682.73,2,3.0,71.4,18.1,18.0,1
83700.0,782800.0,14285.13,2,0.36,73.8,21.4,0.0,1
53900.0,386500.0,7053.14,0,8.85,76.5,30.5,18.0,1
20600.0,187800.0,3427.12,3,0.39,71.9,21.0,5.0,1
35600.0,287000.0,5237.39,5,0.21,70.3,9.2,5.0,0
34100.0,368600.0,6726.49,0,8.09,91.6,39.1,18.0,1
57900.0,517300.0,9440.08,2,5.15,54.7,30.4,5.0,1
58900.0,487900.0,8903.57,3,6.3,64.3,13.5,5.0,1
40200.0,421400.0,7690.03,3,4.5,61.1,23.6,18.0,1
12800.0,131300.0,2396.06,6,0.15,91.5,37.8,5.0,0
38400.0,380900.0,6950.95,6,0.42,65.5,57.3,18.0,1
114700.0,1062900.0,19396.6,6,0.82,67.0,14.1,5.0,1
148800.0,1316300.0,24020.84,0,5.69,81.7,27.0,0.0,1
30900.0,295000.0,5383.38,3,1.83,81.6,23.2,0.0,1
162000.0,1398900.0,25528.18,1,2.01,77.3,36.1,0.0,1
77000.0,625500.0,11414.6,4,0.74,72.4,20.0,5.0,1
26000.0,246300.0,4494.67,1,8.29,66.7,32.4,0.0,1
37800.0,272000.0,4963.66,4,2.49,63.1,41.6,5.0,1
115400.0,1009800.0,18427.59,2,2.28,68.5,20.6,0.0,1
121800.0,873500.0,15940.29,5,1.46,60.4,25.8,0.0,1
23100.0,166600.0,3040.24,4,0.46,76.1,25.4,18.0,1
136200.0,1214900.0,22170.41,0,6.79,68.6,33.8,0.0,1
45400.0,445900.0,8137.12,2,1.6,51.7,23.6,0.0,1
86300.0,645800.0,11785.05,4,4.51,50.0,34.2,18.0,1
93600.0,763500.0,13932.92,2,2.43,70.8,34.6,18.0,1
181900.0,1685500.0,30758.28,2,1.29,73.7,24.2,0.0,1
131700.0,1358900.0,24798.23,4,4.39,66.3,22.7,0.0,1
33100.0,279600.0,5102.35,5,0.67,72.0,36.7,5.0,1
40400.0,354900.0,6476.48,4,3.26,72.6,24.3,5.0,1
67800.0,540200.0,9857.98,5,1.02,91.1,17.1,5.0,1
80200.0,660400.0,12051.48,3,3.72,70.3,17.3,5.0,1
105400.0,1033200.0,18854.61,2,2.87,63.0,13.4,5.0,1
77800.0,750100.0,13688.39,0,8.17,56.1,21.3,0.0,1
25100.0,185900.0,3392.44,2,6.89,88.0,41.0,18.0,1
48400.0,389200.0,7102.42,4,1.39,96.0,22.7,0.0,1
65500.0,679300.0,12396.38,5,0.25,65.8,24.1,0.0,0
21200.0,175100.0,3195.36,0,6.8,59.4,40.8,5.0,1
120700.0,955600.0,17438.51,1,1.49,96.0,37.5,0.0,1
93500.0,817400.0,14916.53,2,1.54,61.0,30.8,0.0,1
46500.0,438900.0,8009.38,2,2.67,79.6,32.8,0.0,1
49300.0,462900.0,8447.35,2,2.37,47.8,18.8,5.0,1
95300.0,960500.0,17527.93,2,2.72,63.0,28.3,0.0,1
168400.0,1378900.0,25163.21,2,1.34,77.3,21.1,0.0,1
25400.0,191800.0,3500.11,4,3.05,80.2,20.5,5.0,1
111200.0,981000.0,17902.03,1,1.56,78.5,21.9,0.0,1
116600.0,872800.0,15927.51,3,1.44,79.7,21.8,5.0,1
67500.0,494200.0,9018.53,3,1.41,70.3,46.4,5.0,1
57000.0,596000.0,10876.26,3,0.92,70.2,15.4,5.0,1
179200.0,1513000.0,27610.37,2,1.8,79.6,21.7,0.0,1
89400.0,662100.0,12082.5,1,0.45,63.1,26.6,18.0,1
63000.0,499000.0,9106.13,0,5.06,66.7,48.5,18.0,1
139800.0,1260200.0,22997.08,2,2.52,63.7,25.8,0.0,1
67500.0,536100.0,9783.16,7,0.2,38.3,19.1,5.0,0
108700.0,924200.0,16865.5,1,0.64,73.7,15.8,5.0,1
81900.0,613100.0,11188.31,7,0.67,77.7,19.7,5.0,1
128200.0,1022100.0,18652.05,4,2.79,61.0,30.5,0.0,1
77600.0,805000.0,14690.25,2,2.12,63.4,23.9,0.0,1
51500.0,481200.0,8781.3,5,0.59,83.7,42.8,5.0,1
37300.0,270300.0,4932.64,1,1.48,89.8,43.2,5.0,1
96300.0,919400.0,16777.91,1,4.54,57.7,25.9,0.0,1
64400.0,469800.0,8573.27,4,10.52,70.0,14.2,5.0,1
74600.0,780000.0,14234.03,2,0.56,68.3,49.1,5.0,1
77800.0,556000.0,10146.31,3,0.41,76.0,27.7,0.0,1
106800.0,853900.0,15582.61,1,1.29,45.5,20.9,0.0,1
141600.0,1444000.0,26351.2,3,3.72,96.0,20.5,0.0,1
44200.0,409500.0,7472.87,4,1.32,81.6,20.2,18.0,1
65800.0,474400.0,8657.21,1,0.41,53.8,23.5,0.0,1
137400.0,1267600.0,23132.12,4,1.02,83.2,19.8,18.0,1
102000.0,827100.0,15093.55,5,0.21,73.1,16.8,0.0,0
84200.0,685400.0,12507.7,3,2.87,74.1,15.6,5.0,1
48800.0,494900.0,9031.31,3,0.62,64.0,41.5,5.0,1
41600.0,418600.0,7638.93,3,0.91,86.6,40.6,5.0,1
50600.0,417600.0,7620.68,3,4.39,72.1,50.8,5.0,1
127900.0,1258800.0,22971.53,2,5.51,73.2,22.3,0.0,1
103900.0,1045300.0,19075.42,2,2.48,61.8,28.8,0.0,1
58200.0,516400.0,9423.66,8,0.24,72.7,17.2,5.0,0
92100.0,899200.0,16409.28,6,0.16,72.3,17.9,5.0,0
103000.0,820200.0,14967.63,2,0.59,72.2,38.1,18.0,1
100700.0,773100.0,14108.11,5,0.5,66.9,13.3,5.0,1
75600.0,634700.0,11582.48,3,0.81,76.2,15.7,18.0,1
73500.0,735400.0,13420.13,4,4.25,71.0,42.4,5.0,1
107500.0,935000.0,17062.59,6,1.12,63.7,8.0,5.0,1
135700.0,1076600.0,19646.61,2,0.7,59.2,19.1,18.0,1
91500.0,971100.0,17721.37,1,0.46,76.0,22.2,0.0,1
141000.0,1475600.0,26927.86,4,2.06,65.9,22.6,18.0,1
153300.0,1548100.0,28250.9,3,4.02,85.2,23.2,0.0,1
50200.0,412500.0,7527.61,3,5.71,88.4,41.0,18.0,1
81300.0,585700.0,10688.3,5,0.17,58.6,23.9,0.0,0
167500.0,1642600.0,29975.4,4,1.61,86.2,27.8,0.0,1
87800.0,824600.0,15047.92,0,5.63,79.8,36.3,0.0,1
98400.0,762400.0,13912.85,6,0.17,64.5,18.2,5.0,0
181500.0,1351400.0,24661.37,2,5.24,65.4,21.8,18.0,1
18000.0,194300.0,3545.73,4,3.85,72.7,14.9,5.0,1
74300.0,710900.0,12973.04,8,0.25,66.2,37.5,5.0,0
125600.0,928700.0,16947.62,4,3.92,62.3,32.9,18.0,1
99500.0,1032200.0,18836.36,3,3.29,67.5,16.1,5.0,1
102500.0,894500.0,16323.51,1,3.54,47.5,33.5,18.0,1
29000.0,220300.0,4020.2,1,5.27,91.2,25.1,0.0,1
45200.0,431100.0,7867.04,3,3.02,66.1,19.0,5.0,1
71100.0,554600.0,10120.76,1,1.98,58.3,68.0,18.0,1
60200.0,547500.0,9991.19,4,3.12,42.2,25.7,18.0,1
91100.0,883800.0,16128.25,5,0.78,79.9,25.7,0.0,1
99000.0,997600.0,18204.96,1,1.08,82.0,11.5,5.0,1
42000.0,332500.0,6067.71,1,1.15,60.8,31.5,0.0,1
179900.0,1847800.0,33720.05,2,1.69,57.8,22.0,0.0,1
87600.0,700900.0,12790.55,1,2.04,73.5,26.9,0.0,1
111100.0,912700.0,16655.64,4,6.42,90.2,19.4,5.0,1
111300.0,1095900.0,19998.81,1,3.95,58.9,18.1,0.0,1
164100.0,1473500.0,26889.54,1,1.53,80.0,38.7,0.0,1
40000.0,392600.0,7164.46,5,0.98,68.6,18.8,5.0,1
49100.0,352200.0,6427.21,5,0.35,66.1,47.9,5.0,1
167700.0,1697200.0,30971.79,1,1.33,61.1,36.8,0.0,1
68100.0,579300.0,10571.5,10,1.0,69.0,16.0,5.0,1
35500.0,276700.0,5049.43,2,3.95,80.6,22.8,0.0,1
140000.0,1078900.0,19688.58,2,6.08,83.1,27.5,0.0,1
113200.0,931600.0,17000.54,3,0.49,70.3,15.0,18.0,1
87700.0,866700.0,15816.2,1,3.81,61.9,28.1,18.0,1
97100.0,1009500.0,18422.12,3,0.63,60.5,34.6,0.0,1
13800.0,101100.0,1844.95,0,4.54,94.7,46.0,5.0,1
51300.0,382900.0,6987.45,0,6.31,60.6,31.6,18.0,1
51200.0,466000.0,8503.92,3,1.16,95.5,68.0,18.0,1
148600.0,1100700.0,20086.4,2,1.93,64.0,29.4,0.0,1
34100.0,372800.0,6803.14,2,0.5,64.4,33.3,18.0,1
79700.0,707600.0,12912.82,4,0.53,84.1,27.3,0.0,1
36300.0,267600.0,4883.37,1,1.17,66.0,25.6,0.0,1
53500.0,496800.0,9065.98,3,1.28,63.2,61.6,18.0,1
66000.0,536400.0,9788.63,2,3.26,71.3,28.1,0.0,1
88800.0,713600.0,13022.31,1,1.45,62.9,22.7,0.0,1
97300.0,795500.0,14516.88,0,6.43,71.7,22.9,0.0,1
50400.0,424200.0,7741.12,4,3.45,85.2,13.8,5.0,1
61300.0,473300.0,8637.14,3,0.54,66.0,27.8,0.0,1
174000.0,1352900.0,24688.74,2,1.25,75.1,23.5,0.0,1
126800.0,907400.0,16558.92,4,1.63,69.9,23.8,0.0,1
34300.0,283500.0,5173.52,3,1.83,56.2,68.0,18.0,1
60600.0,635100.0,11589.78,4,2.31,45.6,13.8,5.0,1
42700.0,305700.0,5578.64,2,2.6,48.5,22.6,0.0,1
43400.0,392000.0,7153.51,1,1.63,73.2,27.7,0.0,1
59300.0,612700.0,11181.01,2,0.95,70.9,33.3,18.0,1
157400.0,1183300.0,21593.75,3,2.84,60.9,37.5,0.0,1
84900.0,799900.0,14597.18,2,1.4,66.7,29.6,0.0,1
116800.0,1224900.0,22352.9,1,3.26,64.9,16.2,18.0,1
37100.0,360700.0,6582.33,1,1.34,71.2,42.2,0.0,1
37600.0,377200.0,6883.43,1,1.55,81.4,24.4,0.0,1
31400.0,311200.0,5679.01,2,0.55,73.1,23.9,18.0,1
135200.0,1010900.0,18447.67,0,7.96,76.9,28.0,18.0,1
165300.0,1194300.0,21794.49,4,1.28,81.3,31.0,0.0,1
71700.0,779400.0,14223.08,2,1.23,45.5,42.2,18.0,1
141600.0,1244400.0,22708.75,2,4.26,87.7,25.6,0.0,1
105400.0,766700.0,13991.32,2,4.59,60.1,15.8,5.0,1
91400.0,873600.0,15942.11,4,4.9,74.0,15.8,5.0,1
38300.0,334400.0,6102.38,3,1.06,74.9,16.7,5.0,1
25900.0,287500.0,5246.52,4,8.75,58.1,32.4,18.0,1
89700.0,844800.0,15416.55,5,0.49,68.2,19.4,5.0,0
35100.0,272800.0,4978.26,4,2.63,74.2,17.4,5.0,1
64400.0,583400.0,10646.32,4,2.77,76.2,19.9,5.0,1
173400.0,1340100.0,24455.16,3,4.79,49.7,13.8,0.0,1
21300.0,180100.0,3286.6,4,1.78,49.9,40.6,5.0,1
127600.0,1061600.0,19372.88,1,1.93,68.1,18.9,0.0,1
91200.0,749400.0,13675.62,3,1.57,74.2,39.9,18.0,1
18200.0,180000.0,3284.78,2,0.79,88.4,47.6,5.0,1
103000.0,836500.0,15265.08,1,1.04,88.8,19.7,5.0,1
101600.0,893600.0,16307.09,4,2.87,58.1,16.7,5.0,1
85200.0,929800.0,16967.69,2,0.81,87.1,41.3,18.0,1
126600.0,1210200.0,22084.64,3,0.84,56.7,29.2,0.0,1
120000.0,1091000.0,19909.39,2,3.61,86.8,16.9,18.0,1
58800.0,470000.0,8576.91,0,7.61,61.3,19.3,0.0,1
216900.0,2176900.0,39725.71,1,1.28,85.5,14.8,18.0,1
128700.0,1046000.0,19088.2,5,0.24,63.0,25.3,0.0,1
20500.0,175300.0,3199.01,3,0.45,87.9,14.5,5.0,1
34000.0,346800.0,6328.67,5,0.14,55.8,23.3,18.0,0
48400.0,358300.0,6538.53,3,4.66,79.0,34.8,5.0,1
81900.0,604000.0,11022.25,7,0.38,62.3,20.5,5.0,0
50000.0,407000.0,7427.24,3,2.3,87.6,21.7,0.0,1
34100.0,286800.0,5233.74,3,5.89,77.4,37.5,5.0,1
142000.0,1136500.0,20739.71,2,2.14,63.8,22.1,0.0,1
132700.0,1324500.0,24170.48,3,3.43,48.3,33.9,18.0,1
140800.0,1082400.0,19752.45,4,0.42,51.7,32.2,0.0,1
32400.0,244500.0,4461.82,2,1.82,84.2,14.6,5.0,1
87200.0,630700.0,11509.49,2,0.54,72.5,33.1,0.0,1
170100.0,1632800.0,29796.57,0,5.8,81.1,30.3,0.0,1
63500.0,535800.0,9777.68,0,8.8,67.5,29.5,0.0,1
68400.0,705800.0,12879.97,1,4.78,67.6,24.8,0.0,1
31100.0,321900.0,5874.27,7,1.25,83.5,18.3,5.0,1
26800.0,268500.0,4899.79,0,8.39,79.9,18.2,0.0,1
39400.0,425800.0,7770.32,0,5.05,83.8,34.1,18.0,1
62600.0,478900.0,8739.33,6,0.13,69.6,19.0,5.0,1
61700.0,454500.0,8294.06,5,0.88,72.3,18.5,5.0,1
27000.0,202000.0,3686.25,3,3.55,75.4,42.0,5.0,1
60200.0,503400.0,9186.42,4,1.61,69.1,21.2,5.0,1
107800.0,951900.0,17370.99,2,1.15,45.4,21.5,18.0,1
24100.0,262900.0,4797.6,0,9.47,71.0,20.6,5.0,1
117100.0,896100.0,16352.71,2,1.24,45.1,21.6,0.0,1
161000.0,1630800.0,29760.07,4,0.93,56.9,22.4,0.0,1
80500.0,657100.0,11991.26,1,1.97,78.3,28.7,0.0,1
54200.0,504500.0,9206.5,2,4.43,63.8,17.8,5.0,1
79500.0,689300.0,12578.87,3,1.23,95.8,20.6,5.0,1
74600.0,663300.0,12104.4,6,0.41,66.0,16.2,5.0,0
31900.0,349300.0,6374.29,3,1.12,81.8,44.3,5.0,1
47600.0,364300.0,6648.02,3,0.77,89.9,53.0,5.0,1
90300.0,751800.0,13719.41,1,5.89,55.7,19.1,0.0,1
64500.0,467100.0,8523.99,2,0.8,63.7,14.9,0.0,1
81700.0,796400.0,14533.31,6,1.28,79.0,24.7,5.0,1
35000.0,291300.0,5315.86,2,3.08,76.9,24.8,18.0,1
114700.0,1077600.0,19664.86,5,0.95,73.7,25.5,0.0,1
106000.0,1031400.0,18821.77,6,0.69,63.0,11.6,5.0,1
127400.0,1195100.0,21809.09,4,2.43,67.9,30.5,18.0,1
190500.0,1956800.0,35709.16,2,2.46,86.6,27.0,0.0,1
11300.0,93300.0,1702.61,5,1.04,66.6,50.7,5.0,1
57500.0,594200.0,10843.41,5,0.21,63.8,13.9,5.0,0
190000.0,1663700.0,30360.45,0,6.76,89.7,27.8,0.0,1
133800.0,1051900.0,19195.87,3,2.35,56.2,24.4,0.0,1
70000.0,603700.0,11016.77,0,8.09,80.5,25.5,0.0,1
25400.0,257600.0,4700.88,0,6.77,70.0,33.3,0.0,1
58300.0,448800.0,8190.04,1,4.45,55.6,26.1,0.0,1
166900.0,1546400.0,28219.87,3,1.47,49.9,15.9,0.0,1
111500.0,924800.0,16876.45,7,0.23,89.2,12.5,5.0,0
127500.0,1329300.0,24258.07,2,4.57,66.0,25.4,0.0,1
112800.0,810500.0,14790.62,0,9.19,89.5,30.8,18.0,1
149500.0,1262400.0,23037.23,0,4.98,57.7,26.5,0.0,1
59800.0,464300.0,8472.9,1,3.11,42.5,30.2,0.0,1
195500.0,1470900.0,26842.09,3,0.71,72.3,27.1,0.0,1
43600.0,351400.0,6412.61,1,1.79,73.2,19.6,18.0,1
156800.0,1548100.0,28250.9,2,6.11,73.9,27.7,0.0,1
41600.0,340300.0,6210.05,0,6.88,84.3,24.1,0.0,1
153600.0,1541800.0,28135.93,1,0.3,77.4,20.9,0.0,1
38300.0,347000.0,6332.32,3,1.85,81.0,20.1,5.0,1
61200.0,600100.0,10951.08,2,4.64,76.9,15.8,18.0,1
44200.0,316700.0,5779.38,3,0.89,87.5,25.1,18.0,1
68400.0,519900.0,9487.53,0,6.39,77.6,42.3,5.0,1
135000.0,1034000.0,18869.21,1,0.72,59.5,23.5,18.0,1
76100.0,549500.0,10027.69,0,8.9,59.1,23.9,0.0,1
94800.0,681500.0,12436.53,2,4.79,87.1,14.9,18.0,1
151700.0,1463400.0,26705.23,1,2.74,74.9,23.3,0.0,1
66100.0,564500.0,10301.42,4,2.58,56.6,15.9,5.0,1
75000.0,778700.0,14210.31,9,0.53,83.6,37.5,5.0,0
10600.0,89300.0,1629.61,5,0.49,58.1,43.6,5.0,1
90400.0,694900.0,12681.06,2,0.86,70.9,28.0,0.0,1
172300.0,1432500.0,26141.34,2,1.74,68.1,21.5,0.0,1
49100.0,532800.0,9722.94,1,1.61,69.9,12.7,5.0,1
108900.0,1016300.0,18546.21,3,11.18,36.6,42.2,18.0,1
101300.0,807900.0,14743.17,4,0.81,64.5,19.2,5.0,1
122400.0,913700.0,16673.89,0,9.36,63.4,26.5,0.0,1
96600.0,804600.0,14682.95,7,0.33,72.2,24.0,0.0,0
16600.0,144400.0,2635.12,2,1.64,60.0,55.8,18.0,1
177400.0,1909100.0,34838.7,2,1.74,64.1,26.6,0.0,1
156600.0,1338700.0,24429.61,5,0.88,60.3,19.9,0.0,1
65400.0,570200.0,10405.44,6,0.18,75.2,14.3,5.0,0
36000.0,293700.0,5359.66,3,1.71,71.1,64.0,18.0,1
84600.0,652700.0,11910.96,1,0.52,75.5,25.6,0.0,1
89400.0,702300.0,12816.1,2,5.02,58.2,27.1,18.0,1
49400.0,425500.0,7764.85,5,1.49,66.9,17.4,5.0,1
15100.0,111800.0,2040.21,3,8.19,50.7,48.3,5.0,1
110600.0,829300.0,15133.69,4,0.32,64.2,11.9,5.0,1
32200.0,278900.0,5089.58,2,3.88,68.7,18.7,5.0,1
82700.0,643500.0,11743.07,3,6.06,62.1,14.8,5.0,1
156600.0,1371400.0,25026.34,1,1.0,67.1,34.2,0.0,1
92900.0,936600.0,17091.78,4,1.42,62.0,16.1,5.0,1
119000.0,994200.0,18142.91,6,0.1,88.9,19.1,5.0,0
71500.0,730700.0,13334.37,4,3.23,68.6,66.9,18.0,1
69900.0,602100.0,10987.58,5,1.2,56.8,20.3,5.0,1
137100.0,1382300.0,25225.25,5,0.25,69.3,21.3,0.0,0
106100.0,1163900.0,21239.73,4,1.33,82.9,13.3,5.0,1
229100.0,1958000.0,35731.06,1,2.26,75.5,18.2,18.0,1
95100.0,1008300.0,18400.22,3,0.4,68.8,15.7,18.0,1
63100.0,521500.0,9516.73,4,1.15,50.5,14.6,5.0,1
79200.0,581600.0,10613.48,6,0.1,56.0,29.0,5.0,0
34200.0,248100.0,4527.52,1,2.29,75.4,54.5,18.0,1
129400.0,1261100.0,23013.5,2,3.11,35.0,27.9,0.0,1
97000.0,788500.0,14389.14,0,8.67,72.0,16.9,5.0,1
73700.0,685400.0,12507.7,4,2.46,79.3,23.0,18.0,1
125100.0,910800.0,16620.97,3,2.81,78.3,17.3,0.0,1
38700.0,288300.0,5261.12,1,2.22,96.0,30.5,0.0,1
32200.0,234800.0,4284.81,2,2.62,68.7,29.3,0.0,1
53600.0,392000.0,7153.51,4,0.7,71.2,14.1,5.0,1
65800.0,675200.0,12321.56,0,9.21,70.7,45.6,5.0,1
116700.0,963300.0,17579.03,1,5.5,61.6,24.8,0.0,1
95800.0,871300.0,15900.14,6,0.35,72.0,26.3,0.0,1
24600.0,179300.0,3272.0,4,0.94,64.9,53.0,5.0,1
70700.0,761200.0,13890.95,1,3.11,80.9,35.1,0.0,1
108900.0,902200.0,16464.03,0,8.42,57.9,22.7,0.0,1
86700.0,894700.0,16327.16,3,0.44,67.1,21.0,18.0,1
44100.0,387500.0,7071.39,2,1.76,84.0,19.0,0.0,1
137500.0,1185200.0,21628.42,2,3.08,70.3,25.1,0.0,1
136800.0,1108300.0,20225.1,3,0.76,72.6,25.9,0.0,1
80000.0,661400.0,12069.73,6,0.13,62.0,17.1,5.0,0
87200.0,638700.0,11655.48,2,2.23,58.8,30.2,0.0,1
46200.0,436800.0,7971.06,6,0.84,62.2,58.5,18.0,1
118200.0,1168700.0,21327.32,1,0.51,73.4,28.4,18.0,1
75200.0,601500.0,10976.63,1,5.11,48.0,27.4,0.0,1
114700.0,906500.0,16542.5,1,2.14,49.2,21.1,0.0,1
79100.0,694800.0,12679.23,9,0.23,64.8,18.6,5.0,0
53500.0,394600.0,7200.96,1,4.66,70.5,27.1,0.0,1
155300.0,1481500.0,27035.53,2,3.93,68.8,26.3,0.0,1
146600.0,1088300.0,19860.12,4,1.04,70.5,19.8,18.0,1
78800.0,583900.0,10655.45,2,1.91,62.7,20.1,0.0,1
69700.0,499100.0,9107.95,5,0.19,71.4,56.4,18.0,1
130500.0,949300.0,17323.54,1,5.94,95.9,26.4,18.0,1
194300.0,1652200.0,30150.59,2,1.15,70.0,20.2,18.0,1
84900.0,661600.0,12073.38,3,3.33,96.0,19.4,5.0,1
66600.0,705700.0,12878.15,6,0.61,75.4,16.8,5.0,0
31000.0,260800.0,4759.28,4,0.74,85.2,54.7,18.0,1
31000.0,280100.0,5111.48,1,0.51,73.6,21.1,0.0,1
163300.0,1552000.0,28322.07,5,0.13,47.8,23.4,0.0,0
44700.0,333600.0,6087.78,2,0.98,59.3,46.2,5.0,1
41100.0,294500.0,5374.26,1,0.49,75.3,25.8,0.0,1
109900.0,922100.0,16827.18,5,0.11,86.1,37.2,18.0,1
65200.0,687800.0,12551.49,2,2.74,72.8,43.7,5.0,1
26000.0,253600.0,4627.88,3,4.62,70.9,19.1,5.0,1
179000.0,1406500.0,25666.87,1,2.6,66.0,19.2,0.0,1
54700.0,436700.0,7969.23,2,6.6,65.0,35.9,18.0,1
202600.0,1690600.0,30851.34,1,6.03,60.8,15.3,18.0,1
236400.0,1922300.0,35079.58,2,0.66,76.4,18.8,18.0,1
123100.0,1321400.0,24113.9,0,7.86,72.7,16.1,0.0,1
146300.0,1196900.0,21841.93,0,8.09,85.9,34.6,0.0,1
245800.0,1926500.0,35156.23,1,4.07,84.2,18.4,18.0,1
116100.0,926100.0,16900.17,5,0.82,84.0,17.3,5.0,1
93100.0,733100.0,13378.16,2,1.19,74.5,16.9,5.0,1
106500.0,924900.0,16878.27,3,0.42,63.6,21.0,18.0,1
47600.0,508900.0,9286.79,1,2.61,62.0,40.9,5.0,1
42400.0,421600.0,7693.68,5,0.17,81.8,12.5,5.0,0
156400.0,1415900.0,25838.41,2,2.95,75.2,16.8,0.0,1
25800.0,234000.0,4270.21,1,0.48,70.2,16.9,18.0,1
136600.0,1358900.0,24798.23,0,5.9,63.7,26.3,0.0,1
75600.0,671300.0,12250.39,3,1.7,52.3,19.2,5.0,1
76100.0,560300.0,10224.78,2,0.49,92.5,16.8,5.0,1
86800.0,874900.0,15965.84,2,0.71,95.7,19.9,0.0,1
160100.0,1443000.0,26332.95,3,0.75,76.9,30.1,0.0,1
87700.0,755200.0,13781.46,2,3.86,64.3,36.2,0.0,1
118200.0,951800.0,17369.16,2,4.76,69.1,28.5,18.0,1
44600.0,397100.0,7246.58,3,0.59,80.1,58.4,18.0,1
123200.0,945400.0,17252.37,1,6.59,68.1,31.4,0.0,1
97500.0,757800.0,13828.91,6,0.31,80.4,23.7,18.0,1
15000.0,121800.0,2222.7,0,4.75,90.2,40.9,5.0,1
99700.0,1070500.0,19535.29,1,0.84,63.8,18.9,0.0,1
103200.0,786000.0,14343.52,6,0.81,57.8,23.3,5.0,1
23700.0,203200.0,3708.15,2,0.55,49.7,14.9,5.0,1
34300.0,245400.0,4478.24,2,3.55,72.5,12.6,5.0,1
195700.0,1477800.0,26968.01,2,2.16,62.9,26.9,0.0,1
59000.0,422800.0,7715.57,2,1.91,69.6,23.9,0.0,1
108400.0,1198100.0,21863.83,3,1.55,81.8,33.9,0.0,1
31200.0,243900.0,4450.87,4,0.78,56.4,15.7,5.0,1
45400.0,452200.0,8252.09,3,7.61,66.6,59.2,18.0,1
130800.0,1093000.0,19945.89,1,2.05,46.0,16.1,18.0,1
41900.0,335500.0,6122.46,0,7.22,94.7,15.8,5.0,1
176800.0,1512600.0,27603.07,1,1.37,77.1,26.0,0.0,1
73900.0,571500.0,10429.16,4,0.9,74.3,20.2,5.0,1
49700.0,538100.0,9819.65,6,0.77,66.7,24.6,5.0,1
155500.0,1434800.0,26183.31,4,0.5,53.5,25.4,18.0,1
74500.0,597000.0,10894.51,4,10.16,59.6,17.1,18.0,1
80800.0,654100.0,11936.51,2,1.25,54.3,39.6,18.0,1
94600.0,696100.0,12702.96,4,2.45,77.8,18.9,5.0,1
117700.0,1296500.0,23659.51,5,2.21,74.8,16.4,5.0,1
104900.0,839000.0,15310.71,3,4.81,63.1,20.2,5.0,1
48400.0,383800.0,7003.87,2,2.37,81.3,30.5,0.0,1
139200.0,1541800.0,28135.93,2,1.47,67.2,19.5,18.0,1
142600.0,1036100.0,18907.53,1,2.15,73.6,32.9,18.0,1
146400.0,1066800.0,19467.77,2,1.24,95.3,21.4,0.0,1
68500.0,646300.0,11794.17,6,0.16,80.8,32.7,5.0,0
33100.0,265900.0,4852.34,3,1.95,66.4,47.8,5.0,1
77900.0,808300.0,14750.47,1,3.13,60.6,25.9,0.0,1
189300.0,2013300.0,36740.22,2,2.65,96.0,30.7,0.0,1
84000.0,674900.0,12316.08,1,4.58,70.8,24.0,0.0,1
32700.0,285300.0,5206.37,2,0.81,66.6,24.8,0.0,1
102200.0,1073700.0,19593.69,3,2.1,60.9,15.5,5.0,1
26800.0,230000.0,4197.21,5,0.22,66.7,66.4,18.0,1
40600.0,303700.0,5542.15,5,0.44,86.4,38.8,5.0,1
82800.0,659800.0,12040.53,12,1.01,71.8,17.6,5.0,0
143500.0,1294700.0,23626.66,2,0.82,66.7,17.9,18.0,1
113400.0,920900.0,16805.28,1,3.78,55.3,19.8,18.0,1
26100.0,264500.0,4826.8,6,1.72,92.4,20.5,5.0,1
29800.0,225300.0,4111.44,4,6.01,79.9,51.8,18.0,1
167900.0,1312000.0,23942.37,0,7.86,74.2,21.8,0.0,1
94400.0,733800.0,13390.94,3,1.21,68.5,36.1,18.0,1
107500.0,784000.0,14307.02,3,2.89,59.2,21.7,18.0,1
146400.0,1102100.0,20111.95,4,1.7,65.2,29.4,18.0,1
146400.0,1156400.0,21102.86,2,0.32,67.3,16.4,0.0,1
96700.0,918900.0,16768.78,2,0.64,75.7,19.4,0.0,1
87600.0,872100.0,15914.74,5,2.34,77.5,36.8,0.0,1
76600.0,720300.0,13144.58,4,3.38,87.4,18.9,5.0,1
53400.0,570200.0,10405.44,3,0.69,78.6,45.2,18.0,1
39700.0,390300.0,7122.49,3,2.54,64.2,53.6,5.0,1
74300.0,612200.0,11171.89,6,0.55,48.0,25.2,18.0,1
126900.0,1178500.0,21506.16,3,1.69,73.5,24.2,18.0,1
88300.0,818400.0,14934.78,4,2.57,74.4,11.5,5.0,1
107400.0,1137300.0,20754.31,5,0.88,92.9,13.8,5.0,1
241800.0,1904100.0,34747.45,5,0.74,78.6,18.1,18.0,1
159300.0,1320100.0,24090.18,0,6.48,71.2,25.2,0.0,1
26900.0,290100.0,5293.96,8,0.16,72.9,24.2,5.0,0
75800.0,769500.0,14042.42,9,0.66,63.9,8.9,5.0,0
41900.0,339000.0,6186.33,4,3.82,55.4,39.5,5.0,1
74500.0,689800.0,12587.99,2,3.09,77.3,16.3,5.0,1
190700.0,2030600.0,37055.92,2,0.51,86.3,42.3,0.0,1
34400.0,348100.0,6352.39,0,6.22,96.0,56.1,5.0,1
51200.0,446500.0,8148.07,4,1.03,77.2,25.6,18.0,1
129900.0,1253400.0,22872.99,2,1.08,96.0,22.2,0.0,1
117900.0,907300.0,16557.1,2,0.96,82.4,23.0,0.0,1
30900.0,259500.0,4735.55,0,7.04,45.9,30.6,5.0,1
151700.0,1131300.0,20644.82,2,0.53,55.1,29.2,0.0,1
57500.0,416500.0,7600.61,1,1.11,52.4,33.7,0.0,1
13200.0,110500.0,2016.49,5,1.65,71.5,41.8,5.0,1
51800.0,563300.0,10279.52,5,0.22,72.8,19.4,0.0,0
128300.0,1016400.0,18548.03,4,4.79,76.8,23.0,0.0,1
55100.0,592700.0,10816.04,3,2.34,59.5,18.0,5.0,1
233400.0,2333500.0,42583.47,0,4.73,63.4,20.2,18.0,1
147300.0,1152900.0,21038.99,4,0.44,60.7,25.7,18.0,1
97100.0,816900.0,14907.41,4,0.38,60.2,12.2,5.0,1
142700.0,1471900.0,26860.34,3,6.92,76.4,22.0,0.0,1
15400.0,150100.0,2739.14,3,2.73,53.7,14.6,5.0,1
70400.0,659200.0,12029.58,5,0.85,70.6,17.3,5.0,1
17900.0,163100.0,2976.37,5,0.5,92.4,50.5,18.0,1
118600.0,889000.0,16223.14,0,7.17,51.3,23.5,0.0,1
101000.0,874900.0,15965.84,2,0.94,49.4,15.3,18.0,1
32700.0,285500.0,5210.02,1,4.03,64.8,20.0,18.0,1
13800.0,103700.0,1892.4,2,1.3,90.1,23.9,5.0,1
43000.0,403100.0,7356.07,3,0.43,61.8,21.1,0.0,1
73700.0,573900.0,10472.96,3,3.62,96.0,38.9,5.0,1
64500.0,483700.0,8826.92,3,1.91,63.6,30.1,18.0,1
29400.0,322100.0,5877.92,4,1.76,62.4,15.1,5.0,1
137400.0,1304000.0,23796.38,1,2.79,64.9,21.8,18.0,1
24800.0,223800.0,4084.07,4,1.58,45.7,30.9,5.0,1
64100.0,711500.0,12983.99,6,1.13,70.0,20.5,18.0,1
34500.0,322600.0,5887.05,2,1.44,67.5,43.3,5.0,1
83700.0,681100.0,12429.23,2,4.35,72.0,31.7,0.0,1
31600.0,260300.0,4750.15,2,1.69,65.7,21.8,18.0,1
102500.0,957300.0,17469.53,0,8.35,79.3,27.2,0.0,1
46400.0,444800.0,8117.05,1,5.03,44.5,31.4,18.0,1
62000.0,543400.0,9916.37,3,3.97,66.8,14.3,5.0,1
195900.0,2155800.0,39340.67,3,2.35,83.6,34.0,0.0,1
90500.0,716700.0,13078.88,3,1.15,41.5,36.6,0.0,1
22600.0,162100.0,2958.12,8,0.11,60.9,16.9,5.0,0
93500.0,697100.0,12721.21,2,9.25,71.4,25.6,0.0,1
25600.0,247100.0,4509.27,4,3.48,85.7,17.3,5.0,1
22100.0,165500.0,3020.17,2,0.44,69.2,30.8,18.0,1
75000.0,644800.0,11766.8,2,4.5,68.0,22.0,0.0,1
72700.0,603500.0,11013.12,3,0.93,68.2,18.0,5.0,1
31800.0,297900.0,5436.3,3,1.82,70.8,47.7,5.0,1
79200.0,639300.0,11666.43,7,0.75,70.7,14.7,5.0,1
144800.0,1067100.0,19473.25,0,8.81,69.0,17.0,0.0,1
165500.0,1382900.0,25236.2,6,1.46,90.9,27.5,0.0,1
28500.0,228500.0,4169.84,1,1.04,68.7,29.4,0.0,1
16200.0,152600.0,2784.76,6,0.39,76.0,14.4,5.0,0
24900.0,188300.0,3436.24,3,3.05,54.1,18.2,5.0,1
36400.0,315700.0,5761.13,4,1.63,60.1,13.7,5.0,1
198600.0,1784300.0,32561.25,1,3.86,62.2,15.3,18.0,1
120100.0,914300.0,16684.84,2,0.66,65.8,33.6,18.0,1
139500.0,1284800.0,23446.0,6,0.56,67.4,23.1,0.0,1
55500.0,575900.0,10509.46,4,1.0,55.3,15.3,5.0,1
56600.0,532700.0,9721.11,1,1.03,89.5,29.4,0.0,1
74600.0,819200.0,14949.38,3,1.86,45.1,34.1,0.0,1
58400.0,431200.0,7868.86,1,0.67,59.5,68.0,18.0,1
69200.0,706000.0,12883.62,2,1.97,68.0,47.8,5.0,1
52200.0,482500.0,8805.02,1,0.91,88.1,16.4,0.0,1
24400.0,217500.0,3969.1,4,1.88,79.1,33.9,18.0,1
44700.0,445700.0,8133.47,5,1.12,46.2,15.8,5.0,1
140400.0,1067400.0,19478.72,3,2.8,57.7,32.2,0.0,1
47100.0,412400.0,7525.79,5,0.12,81.9,60.9,18.0,1
59900.0,590500.0,10775.89,1,1.03,80.3,51.8,5.0,1
103800.0,784200.0,14310.67,5,0.66,73.7,33.9,18.0,1
18300.0,136100.0,2483.66,2,0.75,50.8,55.6,5.0,1
27500.0,234100.0,4272.03,5,0.12,73.7,15.3,5.0,0
170000.0,1403300.0,25608.48,2,5.21,71.3,22.3,0.0,1
101300.0,961200.0,17540.7,2,1.86,75.9,17.1,5.0,1
145400.0,1157500.0,21122.93,1,1.2,89.0,22.0,18.0,1
67000.0,546200.0,9967.47,0,4.6,77.1,47.8,5.0,1
50500.0,424300.0,7742.95,7,0.4,72.9,24.6,0.0,1
43000.0,419000.0,7646.23,2,3.75,78.7,31.1,18.0,1
217300.0,2352000.0,42921.07,2,3.12,58.0,13.5,18.0,1
114800.0,848700.0,15487.72,6,0.26,53.7,10.6,5.0,0
71600.0,563000.0,10274.05,1,1.34,88.6,34.0,18.0,1
34200.0,360600.0,6580.5,3,0.65,64.1,18.4,5.0,1
44100.0,467500.0,8531.29,5,0.32,73.5,11.8,5.0,0
163800.0,1761100.0,32137.88,2,6.51,75.4,20.2,0.0,1
147100.0,1137900.0,20765.26,3,8.35,60.2,18.4,0.0,1
66400.0,637400.0,11631.76,4,3.42,74.9,21.7,5.0,1
195000.0,1675500.0,30575.79,3,1.05,60.4,14.6,18.0,1
113600.0,893800.0,16310.74,3,1.63,64.1,12.7,5.0,1
25900.0,194000.0,3540.26,4,6.32,57.9,27.3,0.0,1
13800.0,127000.0,2317.59,2,2.31,76.7,67.3,18.0,1
193800.0,1763300.0,32178.03,1,0.68,66.2,18.0,18.0,1
70500.0,641200.0,11701.1,2,1.32,79.5,17.5,0.0,1
157800.0,1373600.0,25066.49,2,3.49,73.9,29.3,0.0,1
48300.0,518900.0,9469.28,4,2.57,74.1,48.1,5.0,1
87300.0,780900.0,14250.45,1,2.25,75.9,29.7,0.0,1
31600.0,248900.0,4542.12,8,0.4,83.6,15.7,5.0,1
76600.0,600800.0,10963.85,3,4.68,76.9,15.3,5.0,1
125600.0,1100200.0,20077.28,3,1.5,78.1,18.3,18.0,1
63300.0,554500.0,10118.93,2,3.65,70.7,26.2,0.0,1
70900.0,619900.0,11312.4,2,2.27,68.9,37.5,18.0,1
102800.0,839300.0,15316.18,2,0.5,60.8,30.7,0.0,1
33900.0,273600.0,4992.86,5,0.7,61.5,67.4,18.0,1
28200.0,294800.0,5379.73,0,6.0,60.2,30.8,18.0,1
33800.0,352800.0,6438.16,2,3.75,96.0,11.9,5.0,1
36800.0,370800.0,6766.64,2,2.17,63.2,33.0,0.0,1
106200.0,827200.0,15095.37,4,4.59,78.5,23.7,0.0,1
165800.0,1804400.0,32928.05,2,3.04,64.9,22.4,0.0,1
123100.0,1236300.0,22560.94,4,0.97,59.6,22.4,0.0,1
81500.0,664400.0,12124.47,0,7.96,95.3,27.6,0.0,1
175400.0,1342800.0,24504.43,3,3.1,73.2,33.4,0.0,1
56200.0,403500.0,7363.37,0,4.68,71.6,34.0,18.0,1
69600.0,718400.0,13109.91,3,5.51,85.4,53.1,5.0,1
67300.0,574100.0,10476.61,0,5.27,65.1,44.2,5.0,1
109300.0,932800.0,17022.44,2,2.57,61.5,27.6,0.0,1
58800.0,557300.0,10170.03,7,0.25,65.4,16.2,5.0,0
141400.0,1384100.0,25258.1,1,0.46,44.6,21.9,0.0,1
78300.0,825300.0,15060.7,5,3.22,70.1,8.5,5.0,1
62100.0,494500.0,9024.01,2,0.79,71.6,24.3,0.0,1
68500.0,684200.0,12485.8,8,0.46,67.0,11.1,5.0,0
89400.0,742700.0,13553.35,1,1.21,62.6,31.7,18.0,1
92100.0,882900.0,16111.83,10,0.71,83.9,18.8,5.0,0
61200.0,487700.0,8899.92,4,0.95,85.1,13.5,5.0,1
120400.0,1049400.0,19150.24,3,0.35,69.4,14.1,18.0,1
148000.0,1613600.0,29446.19,0,9.03,82.5,32.9,18.0,1
85400.0,660200.0,12047.83,2,1.67,93.9,23.6,0.0,1
125800.0,1140300.0,20809.06,1,3.51,68.9,36.2,0.0,1
143400.0,1361800.0,24851.15,2,0.61,53.6,30.5,0.0,1
157000.0,1253600.0,22876.64,3,3.21,76.7,26.7,0.0,1
42800.0,380600.0,6945.48,2,1.79,76.1,18.7,5.0,1
40600.0,426700.0,7786.74,4,0.81,82.1,17.0,5.0,1
19100.0,140000.0,2554.83,4,2.23,63.6,17.4,5.0,1
39500.0,400000.0,7299.5,6,0.37,78.8,12.8,5.0,0
53300.0,543900.0,9925.5,1,1.75,80.4,28.0,0.0,1
34500.0,349700.0,6381.59,4,1.61,73.6,15.5,5.0,1
150100.0,1236800.0,22570.06,2,0.75,66.5,23.8,0.0,1
45500.0,404000.0,7372.5,5,0.96,58.1,34.2,5.0,1
75500.0,736100.0,13432.91,4,2.65,79.6,24.4,0.0,1
57300.0,448600.0,8186.39,12,0.58,68.5,14.7,5.0,0
48500.0,474200.0,8653.56,4,0.91,63.0,21.5,18.0,1
78200.0,762300.0,13911.03,1,2.39,66.8,32.3,0.0,1
108500.0,940600.0,17164.78,10,0.71,79.3,18.0,5.0,0
96000.0,867200.0,15825.32,5,0.49,58.3,14.9,5.0,0
165600.0,1438400.0,26249.01,0,8.54,61.8,21.8,0.0,1
126900.0,978400.0,17854.58,2,1.02,96.0,22.8,0.0,1
36400.0,356200.0,6500.21,7,0.52,80.4,14.9,5.0,1
12300.0,89700.0,1636.91,3,1.45,71.6,42.5,5.0,1
30400.0,332500.0,6067.71,1,0.41,64.1,33.8,0.0,1
80400.0,656900.0,11987.61,5,0.17,93.4,30.4,0.0,1
130800.0,1017000.0,18558.98,1,4.86,81.9,28.1,0.0,1
32300.0,346100.0,6315.89,3,0.33,79.2,63.0,18.0,1
41000.0,423600.0,7730.17,3,1.65,49.3,65.9,18.0,1
90600.0,842500.0,15374.58,2,4.92,58.2,14.5,5.0,1
102000.0,750200.0,13690.22,1,1.08,60.2,20.1,0.0,1
93200.0,717400.0,13091.66,4,3.92,79.4,14.4,5.0,1
131000.0,1134100.0,20695.91,2,0.65,58.5,30.2,18.0,1
186100.0,1922700.0,35086.88,3,1.43,54.1,28.9,0.0,1
154100.0,1381400.0,25208.83,1,0.51,55.4,23.6,0.0,1
128500.0,1223900.0,22334.65,4,1.63,35.0,28.1,18.0,1
105900.0,763600.0,13934.75,1,1.22,70.9,23.6,18.0,1
82500.0,888900.0,16221.32,7,1.03,55.7,14.5,5.0,0
191800.0,1567200.0,28599.45,2,1.06,65.9,24.0,0.0,1
75600.0,749900.0,13684.74,3,5.55,92.4,17.7,5.0,1
132600.0,1162900.0,21221.48,2,2.25,63.2,22.9,18.0,1
104600.0,829600.0,15139.17,2,1.83,71.4,15.5,18.0,1
43400.0,350500.0,6396.19,1,0.54,96.0,62.2,18.0,1
107200.0,939300.0,17141.06,7,0.34,52.0,16.7,5.0,0
105200.0,818900.0,14943.91,1,0.99,79.1,22.4,0.0,1
72800.0,700200.0,12777.78,4,6.38,84.3,24.6,0.0,1
126300.0,1301600.0,23752.58,2,1.03,60.4,25.0,0.0,1
38700.0,375300.0,6848.76,4,2.54,72.6,15.0,18.0,1
117500.0,1143500.0,20867.45,8,0.78,69.3,18.0,5.0,0
19600.0,152500.0,2782.94,1,1.2,81.6,17.4,5.0,1
116200.0,1082100.0,19746.98,0,5.76,70.5,32.4,0.0,1
59000.0,546900.0,9980.24,1,2.86,35.0,21.5,18.0,1
32100.0,276300.0,5042.13,2,0.35,81.9,14.7,5.0,1
40300.0,307900.0,5618.79,5,0.35,75.6,17.7,5.0,1
13900.0,117800.0,2149.7,4,2.51,71.0,48.8,5.0,1
129400.0,1421400.0,25938.78,4,0.43,64.4,26.2,0.0,0
45100.0,429600.0,7839.67,2,2.44,35.0,23.7,18.0,1
28800.0,238400.0,4350.5,6,0.85,44.3,14.0,5.0,1
68600.0,623400.0,11376.27,6,1.25,55.0,20.0,5.0,1
68700.0,722600.0,13186.55,5,0.16,49.5,34.8,18.0,0
105100.0,860500.0,15703.05,11,0.29,53.6,17.0,5.0,0
42700.0,448100.0,8177.27,2,5.13,78.5,14.3,5.0,1
70900.0,509000.0,9288.62,3,3.68,76.9,19.6,18.0,1
40500.0,415100.0,7575.06,2,7.19,47.0,43.6,18.0,1
115800.0,912000.0,16642.86,2,2.43,70.6,25.0,18.0,1
178100.0,1277700.0,23316.43,1,0.8,80.7,13.6,0.0,1
33100.0,260900.0,4761.1,1,1.66,96.0,33.8,0.0,1
96000.0,908100.0,16571.69,4,0.43,79.1,27.9,0.0,1
137300.0,1342600.0,24500.78,2,1.43,70.9,17.0,0.0,1
33800.0,287200.0,5241.04,3,2.25,70.4,21.7,5.0,1
36900.0,289400.0,5281.19,8,0.29,66.3,12.7,5.0,0
29000.0,264700.0,4830.45,3,8.45,65.7,35.7,5.0,1
61400.0,482600.0,8806.85,2,2.9,62.2,20.8,18.0,1
22900.0,217400.0,3967.28,1,3.21,91.9,50.5,18.0,1
54200.0,439800.0,8025.8,6,1.86,75.6,51.5,5.0,1
33400.0,297400.0,5427.18,4,2.38,77.1,10.4,5.0,1
74200.0,578900.0,10564.2,1,1.64,68.8,11.2,5.0,1
79600.0,574100.0,10476.61,2,1.12,65.5,9.9,5.0,1
57700.0,537600.0,9810.53,2,0.48,78.7,27.2,18.0,1
32400.0,282200.0,5149.8,4,1.32,76.6,50.4,18.0,1
12500.0,102300.0,1866.85,1,0.59,46.9,27.1,5.0,1
81700.0,836100.0,15257.78,2,1.31,63.7,11.6,5.0,1
138000.0,1110300.0,20261.59,2,1.18,75.5,29.0,0.0,1
154000.0,1288300.0,23509.87,2,5.1,80.4,41.7,0.0,1
58300.0,616500.0,11250.36,4,2.08,65.1,43.4,5.0,1
142500.0,1277000.0,23303.66,6,0.39,58.8,19.8,0.0,0
131000.0,1210600.0,22091.94,3,2.41,55.3,18.0,18.0,1
70400.0,768100.0,14016.87,5,0.5,64.4,13.8,5.0,0
44000.0,364700.0,6655.32,3,0.56,65.2,18.4,5.0,1
24100.0,245200.0,4474.59,1,1.07,70.8,38.7,5.0,1
117900.0,1032000.0,18832.72,3,3.11,81.8,23.5,0.0,1
187700.0,1377600.0,25139.48,3,2.2,63.4,13.8,18.0,1
113300.0,1093500.0,19955.01,3,3.02,64.5,26.4,0.0,1
152500.0,1168100.0,21316.37,0,8.19,81.9,25.8,0.0,1
83300.0,907600.0,16562.57,3,1.13,62.0,12.4,5.0,1
163400.0,1536800.0,28044.69,3,3.41,82.7,23.3,0.0,1
191900.0,1984000.0,36205.53,0,6.95,49.3,23.6,0.0,1
17600.0,134100.0,2447.16,0,7.03,80.7,19.3,5.0,1
105500.0,1063400.0,19405.73,1,1.04,70.3,19.1,5.0,1
85600.0,650000.0,11861.69,3,2.63,80.3,13.6,5.0,1
117000.0,1243100.0,22685.03,14,0.91,71.4,16.6,5.0,0
127800.0,967700.0,17659.32,2,1.9,60.3,21.6,18.0,1
44700.0,369800.0,6748.39,2,3.33,83.5,50.1,5.0,1
170000.0,1292900.0,23593.82,4,3.68,61.6,24.9,0.0,1
151000.0,1144400.0,20883.88,3,0.41,51.2,20.7,18.0,1
100000.0,941400.0,17179.38,1,3.42,54.8,32.0,0.0,1
31200.0,298500.0,5447.25,5,2.87,72.1,15.1,5.0,1
73300.0,553900.0,10107.99,1,1.33,57.2,44.4,18.0,1
148500.0,1178100.0,21498.86,0,7.43,70.0,22.3,0.0,1
81200.0,855900.0,15619.11,5,0.25,71.0,16.8,5.0,0
106100.0,794700.0,14502.29,2,1.08,77.0,20.5,0.0,1
80700.0,810800.0,14796.09,2,0.58,70.0,22.0,18.0,1
39000.0,335400.0,6120.63,3,2.76,81.2,23.3,18.0,1
15100.0,111700.0,2038.39,2,3.08,65.9,33.4,5.0,1
95600.0,729800.0,13317.94,4,3.9,54.1,17.7,5.0,1
79200.0,581800.0,10617.13,4,3.2,61.2,37.0,5.0,1
109800.0,827500.0,15100.84,2,2.63,85.0,31.2,0.0,1
17700.0,186000.0,3394.27,1,3.27,75.0,30.1,5.0,1
58500.0,507800.0,9266.72,3,4.09,67.6,17.4,5.0,1
55000.0,394500.0,7199.13,7,0.99,73.9,17.5,5.0,1
44300.0,426100.0,7775.79,1,2.4,54.2,20.0,18.0,1
159800.0,1273300.0,23236.14,0,5.11,66.0,21.1,0.0,1
147600.0,1134400.0,20701.39,1,0.6,85.0,31.1,0.0,1
23200.0,192800.0,3518.36,7,0.2,85.5,36.1,5.0,0
66000.0,583100.0,10640.85,5,0.17,63.3,15.1,5.0,0
20500.0,198500.0,3622.38,2,6.63,70.9,38.7,5.0,1
111000.0,1192600.0,21763.47,4,1.63,81.1,12.4,5.0,1
191700.0,1694300.0,30918.87,4,2.41,62.9,19.7,18.0,1
96500.0,1045900.0,19086.37,4,0.8,68.8,18.5,5.0,1
45000.0,434500.0,7929.08,2,2.34,64.3,44.2,18.0,1
62200.0,611300.0,11155.46,3,3.64,69.0,15.7,5.0,1
75400.0,627500.0,11451.09,3,1.24,78.3,23.9,18.0,1
186000.0,1836000.0,33504.71,0,9.15,62.9,13.9,18.0,1
47100.0,343300.0,6264.8,1,1.17,89.5,24.5,0.0,1
174600.0,1442500.0,26323.83,0,6.12,52.0,26.5,0.0,1
55900.0,572000.0,10438.29,6,0.82,65.2,22.4,5.0,1
24400.0,209000.0,3813.99,1,5.14,51.8,32.7,18.0,1
169500.0,1301300.0,23747.1,0,7.57,64.7,18.6,0.0,1
121500.0,987900.0,18027.94,0,7.25,76.2,29.5,18.0,1
110200.0,819600.0,14956.68,5,0.38,67.3,18.3,5.0,1
91500.0,681900.0,12443.83,4,0.53,61.6,30.0,0.0,1
165500.0,1322000.0,24124.85,1,3.02,74.5,25.5,0.0,1
122900.0,932700.0,17020.61,3,3.07,74.0,27.0,18.0,1
109000.0,1185600.0,21635.72,6,0.58,56.8,18.8,5.0,0
155000.0,1428700.0,26072.0,0,8.77,61.2,26.8,0.0,1
46100.0,383900.0,7005.7,5,0.38,45.2,16.5,5.0,0
52900.0,400100.0,7301.33,4,0.45,52.9,33.0,18.0,1
179700.0,1285800.0,23464.25,2,1.25,81.6,17.2,18.0,1
118900.0,1142900.0,20856.5,5,0.31,78.0,18.2,5.0,1
62800.0,634300.0,11575.19,4,6.16,56.1,13.3,5.0,1
22400.0,180000.0,3284.78,1,3.12,56.5,56.5,18.0,1
141600.0,1035200.0,18891.11,2,2.64,53.0,28.9,18.0,1
124100.0,993700.0,18133.79,2,1.81,94.5,22.2,0.0,1
38300.0,278600.0,5084.1,3,3.23,77.3,16.0,5.0,1
50900.0,391300.0,7140.74,6,0.69,54.3,36.0,18.0,1
112700.0,806100.0,14710.32,7,1.7,74.2,35.3,18.0,1
167100.0,1299800.0,23719.73,3,3.88,75.7,23.0,0.0,1
56500.0,441900.0,8064.12,2,4.6,61.4,20.7,0.0,1
110500.0,867500.0,15830.79,2,2.53,63.6,22.5,18.0,1
75500.0,693700.0,12659.16,4,1.6,82.6,25.1,5.0,1
43500.0,460400.0,8401.73,9,0.57,68.9,20.6,18.0,0
147000.0,1076900.0,19652.08,1,3.34,58.8,22.2,0.0,1
23900.0,182800.0,3335.87,4,0.55,42.0,32.9,5.0,1
176200.0,1556700.0,28407.84,3,0.7,61.5,26.6,0.0,1
135700.0,1389500.0,25356.64,3,1.23,80.2,19.3,18.0,1
41600.0,413500.0,7545.86,2,2.29,76.5,18.7,5.0,1
24600.0,259900.0,4742.85,3,0.77,81.7,21.4,5.0,1
33200.0,261600.0,4773.87,5,0.3,96.0,18.0,5.0,1
84800.0,758400.0,13839.86,9,1.48,66.2,18.9,5.0,1
124900.0,1007300.0,18381.97,1,2.72,72.3,30.8,18.0,1
32900.0,248300.0,4531.17,2,1.78,82.9,20.3,0.0,1
130800.0,1005400.0,18347.3,3,0.62,51.0,32.8,18.0,1
178200.0,1392600.0,25413.22,3,3.7,55.2,31.3,0.0,1
52500.0,503600.0,9190.07,6,2.04,73.6,18.9,5.0,1
125200.0,984100.0,17958.6,2,4.91,83.6,24.7,0.0,1
22200.0,220600.0,4025.68,2,1.89,74.7,13.7,5.0,1
127000.0,958700.0,17495.08,2,3.56,76.6,29.3,18.0,1
172500.0,1898500.0,34645.26,3,2.82,82.9,25.5,0.0,1
118300.0,1002800.0,18299.85,3,0.59,71.8,9.9,5.0,1
67100.0,684800.0,12496.75,6,0.67,74.9,20.3,5.0,1
162300.0,1329000.0,24252.6,1,1.95,96.0,20.9,0.0,1
43200.0,412200.0,7522.14,6,0.27,55.6,23.6,0.0,0
135400.0,1303900.0,23794.55,2,0.35,70.7,27.2,0.0,1
158900.0,1476900.0,26951.59,1,2.18,66.5,28.6,0.0,1
70200.0,571700.0,10432.81,8,1.16,50.7,20.8,18.0,1
67500.0,654400.0,11941.99,3,3.34,65.6,14.2,18.0,1
35500.0,359000.0,6551.3,2,1.9,78.4,48.6,5.0,1
64000.0,481800.0,8792.25,4,0.59,79.1,20.2,5.0,1
55000.0,516400.0,9423.66,2,1.41,68.9,41.2,18.0,1
16100.0,116900.0,2133.28,3,2.74,94.5,19.7,5.0,1
38600.0,383900.0,7005.7,2,3.99,80.9,36.7,0.0,1
86800.0,776800.0,14175.63,3,0.69,74.5,22.5,0.0,1
13600.0,113400.0,2069.41,2,2.85,53.4,27.5,5.0,1
241400.0,1855600.0,33862.39,3,0.34,81.6,20.7,18.0,1
103900.0,1022600.0,18661.18,1,2.49,76.4,20.5,0.0,1
27200.0,298000.0,5438.13,0,5.42,70.9,19.8,5.0,1
43100.0,369500.0,6742.91,2,0.95,70.8,49.6,5.0,1
80900.0,580200.0,10587.93,6,1.28,49.2,16.1,5.0,1
54900.0,476300.0,8691.88,5,0.17,55.6,16.4,5.0,0
93300.0,848900.0,15491.37,1,0.76,42.7,18.7,0.0,1
89700.0,759500.0,13859.93,2,2.51,71.8,22.6,0.0,1
81600.0,742700.0,13553.35,3,0.82,96.0,30.6,18.0,1
64200.0,467900.0,8538.59,4,2.21,68.1,27.6,5.0,1
99700.0,794900.0,14505.94,0,9.18,73.4,33.3,0.0,1
27200.0,289500.0,5283.01,5,0.44,50.8,11.6,5.0,0
48800.0,446300.0,8144.42,2,2.71,35.0,32.4,0.0,1
137200.0,1000700.0,18261.53,3,4.74,83.9,27.7,0.0,1
47700.0,387300.0,7067.74,2,2.14,84.6,23.8,0.0,1
95000.0,708600.0,12931.07,2,1.62,56.4,25.3,0.0,1
45100.0,500500.0,9133.5,5,0.82,64.1,57.4,18.0,1
61600.0,612000.0,11168.24,1,0.54,60.3,56.0,5.0,1
131900.0,1374000.0,25073.79,4,1.09,96.0,20.3,18.0,1
186500.0,2021200.0,36884.38,1,2.8,75.0,26.4,0.0,1
101400.0,1040900.0,18995.13,4,1.61,75.0,14.1,5.0,1
88400.0,765400.0,13967.6,3,1.03,78.7,12.8,5.0,1
94600.0,881100.0,16078.98,4,6.58,79.3,20.6,0.0,1
73100.0,535500.0,9772.21,2,0.69,71.7,43.7,5.0,1
84000.0,748100.0,13651.89,6,0.69,55.3,17.8,5.0,1
108200.0,1199800.0,21894.86,2,1.96,68.4,17.3,0.0,1
72600.0,535300.0,9768.56,3,3.35,68.3,32.1,5.0,1
40500.0,389900.0,7115.19,0,9.14,77.0,24.2,0.0,1
100200.0,1032800.0,18847.31,3,9.15,93.0,17.7,5.0,1
35900.0,263800.0,4814.02,3,0.68,77.9,31.0,18.0,1
46400.0,384500.0,7016.65,0,4.92,80.5,45.5,5.0,1
58300.0,479800.0,8755.75,4,1.68,64.5,17.8,5.0,1
25500.0,191100.0,3487.34,2,1.44,75.4,20.2,0.0,1
94300.0,820000.0,14963.98,3,0.71,86.5,21.8,5.0,1
30500.0,234000.0,4270.21,5,0.42,61.6,28.7,5.0,1
23800.0,185700.0,3388.79,4,6.16,84.3,19.9,5.0,1
32900.0,254900.0,4651.61,1,6.51,56.6,23.7,18.0,1
50500.0,367500.0,6706.42,2,0.84,57.2,30.8,0.0,1
31900.0,238900.0,4359.63,3,0.54,67.1,27.4,0.0,1
23500.0,205700.0,3753.77,3,1.81,93.3,33.9,5.0,1
49100.0,382200.0,6974.67,1,5.81,59.8,15.1,5.0,1
92300.0,880600.0,16069.85,1,0.66,67.1,15.6,18.0,1
70100.0,656300.0,11976.66,3,1.96,66.4,28.1,18.0,1
48200.0,345200.0,6299.47,3,0.38,66.8,16.6,5.0,1
88800.0,787800.0,14376.37,7,0.44,65.9,14.0,5.0,0
30100.0,254500.0,4644.31,3,7.76,68.0,43.2,5.0,1
177900.0,1343900.0,24524.5,3,4.27,74.2,20.1,18.0,1
90900.0,664800.0,12131.77,3,2.5,65.7,37.0,18.0,1
73100.0,805300.0,14695.72,4,0.65,53.3,37.3,18.0,1
127800.0,1191800.0,21748.87,1,0.78,78.8,27.1,0.0,1
84300.0,716400.0,13073.41,5,1.67,78.0,36.3,18.0,1
29700.0,234900.0,4286.63,2,6.44,78.7,17.7,5.0,1
18700.0,175800.0,3208.13,3,1.01,61.5,47.7,5.0,1
15700.0,161700.0,2950.82,3,0.35,74.9,18.7,5.0,1
25000.0,196900.0,3593.18,4,3.97,62.1,27.7,0.0,1
142300.0,1376000.0,25110.29,4,1.43,87.2,19.2,18.0,1
23500.0,197600.0,3605.95,2,18.57,65.1,37.0,18.0,1
39600.0,413500.0,7545.86,1,1.08,73.9,53.0,5.0,1
100600.0,1030100.0,18798.04,4,0.77,65.9,22.9,18.0,1
34900.0,258100.0,4710.0,4,0.9,66.0,17.4,5.0,1
37000.0,374400.0,6832.33,1,0.78,76.2,21.4,0.0,1
158800.0,1411300.0,25754.47,3,5.01,63.3,28.3,0.0,1
80500.0,718500.0,13111.73,4,0.87,71.1,19.2,5.0,1
62300.0,452400.0,8255.74,1,1.61,75.2,25.0,0.0,1
30900.0,244700.0,4465.47,4,3.01,45.1,20.6,5.0,1
98100.0,848100.0,15476.77,4,0.68,65.1,21.6,5.0,1
16700.0,145500.0,2655.19,3,1.9,49.2,52.2,5.0,1
133200.0,1176000.0,21460.54,6,2.32,75.5,20.0,18.0,1
115500.0,942800.0,17204.93,3,2.67,57.5,24.7,0.0,1
54300.0,547700.0,9994.84,4,0.41,51.9,23.7,18.0,0
98200.0,858900.0,15673.86,2,2.26,78.5,32.2,18.0,1
142900.0,1027000.0,18741.47,5,0.43,78.3,18.7,0.0,1
32700.0,340100.0,6206.4,5,0.18,68.3,48.7,18.0,0
130000.0,1091700.0,19922.17,3,1.75,58.2,15.3,18.0,1
49700.0,422600.0,7711.92,2,2.92,62.8,30.0,18.0,1
27800.0,305800.0,5580.47,3,0.34,44.4,16.1,5.0,0
138300.0,1039000.0,18960.46,3,0.35,84.1,17.4,18.0,1
114200.0,1028300.0,18765.19,3,0.99,71.8,23.1,0.0,1
39700.0,339200.0,6189.98,0,6.26,62.0,35.1,0.0,1
34300.0,339400.0,6193.63,2,0.76,75.1,25.8,5.0,1
71800.0,680400.0,12416.45,0,8.62,67.7,25.2,0.0,1
58900.0,581900.0,10618.95,2,2.45,67.1,12.4,5.0,1
42900.0,368700.0,6728.32,4,3.57,60.2,40.4,5.0,1
89200.0,751200.0,13708.46,4,3.01,64.1,19.2,5.0,1
58700.0,575600.0,10503.98,9,0.15,43.0,14.9,5.0,0
34200.0,249900.0,4560.36,3,2.52,85.0,13.2,5.0,1
60200.0,617800.0,11274.08,3,0.33,72.4,10.5,5.0,1
52000.0,486200.0,8872.54,2,0.99,79.2,16.2,5.0,1
73700.0,723300.0,13199.32,2,1.71,79.5,34.0,0.0,1
22600.0,226500.0,4133.34,3,3.35,62.5,49.4,5.0,1
141900.0,1210900.0,22097.42,3,4.22,84.2,22.1,0.0,1
13900.0,127400.0,2324.89,2,2.48,91.2,49.1,18.0,1
32400.0,330800.0,6036.69,7,0.25,70.7,29.5,0.0,0
54200.0,504700.0,9210.15,4,5.72,55.6,14.7,5.0,1
124700.0,1164600.0,21252.5,2,2.5,48.8,25.1,0.0,1
97300.0,731200.0,13343.49,4,0.69,68.0,19.9,5.0,1
53200.0,381600.0,6963.72,3,2.12,62.0,34.5,0.0,1
43500.0,367600.0,6708.24,4,0.43,95.7,47.6,5.0,1
128300.0,975800.0,17807.13,1,1.42,69.1,37.0,18.0,1
112600.0,1245200.0,22723.35,2,0.86,70.1,16.0,5.0,1
111800.0,832500.0,15192.09,4,1.63,93.9,15.3,5.0,1
32300.0,241500.0,4407.07,1,0.37,81.5,19.1,0.0,1
69200.0,682000.0,12445.65,1,2.24,73.7,15.8,5.0,1
66600.0,481000.0,8777.65,3,3.64,96.0,23.4,0.0,1
96700.0,1008400.0,18402.04,1,1.59,76.7,26.4,0.0,1
33800.0,284400.0,5189.95,4,6.1,66.0,19.8,5.0,1
127500.0,995100.0,18159.34,1,2.93,86.1,32.2,0.0,1
134300.0,1140700.0,20816.35,3,0.79,60.4,29.0,0.0,1
161200.0,1609300.0,29367.72,1,0.54,66.6,21.0,0.0,1
163100.0,1214900.0,22170.41,0,5.26,71.4,18.7,18.0,1
70800.0,775500.0,14151.91,4,1.75,81.3,16.3,18.0,1
115300.0,1041400.0,19004.25,1,1.97,75.7,26.4,0.0,1
22400.0,207400.0,3784.79,1,2.05,78.0,38.2,18.0,1
92300.0,847500.0,15465.82,0,6.66,80.2,26.0,0.0,1
60200.0,443100.0,8086.02,9,0.68,87.6,16.7,5.0,1
215200.0,2328600.0,42494.05,1,6.06,71.5,18.7,18.0,1
24300.0,199100.0,3633.33,3,2.79,65.5,57.4,18.0,1
23800.0,247000.0,4507.44,4,5.66,78.0,38.1,5.0,1
94100.0,706900.0,12900.04,2,3.43,51.5,19.9,18.0,1
84100.0,872300.0,15918.39,5,0.67,77.1,23.7,18.0,1
64500.0,500600.0,9135.33,2,1.31,71.3,23.2,0.0,1
81900.0,594800.0,10854.36,2,7.38,75.1,22.0,5.0,1
131000.0,1169300.0,21338.27,2,0.74,46.3,20.1,18.0,1
125900.0,972200.0,17741.44,2,0.8,65.8,32.3,0.0,1
106800.0,1089900.0,19889.32,8,0.34,79.8,16.5,5.0,0
48900.0,416200.0,7595.13,1,2.12,68.8,60.4,18.0,1
108800.0,777200.0,14182.93,3,1.44,79.3,15.1,5.0,1
83000.0,827900.0,15108.14,3,2.91,80.7,18.1,5.0,1
17100.0,155600.0,2839.51,2,1.36,64.6,50.6,18.0,1
41800.0,389200.0,7102.42,2,7.0,85.5,30.5,0.0,1
73500.0,527900.0,9633.52,3,2.64,65.5,11.7,5.0,1
72400.0,776500.0,14170.16,7,0.38,91.6,27.7,0.0,1
98000.0,771900.0,14086.21,0,8.35,71.5,37.5,0.0,1
69200.0,623100.0,11370.8,2,2.36,48.5,21.5,0.0,1
47800.0,353900.0,6458.23,5,0.65,70.5,18.9,0.0,1
126900.0,913900.0,16677.54,2,1.22,40.6,26.4,18.0,1
123200.0,1040500.0,18987.83,1,0.52,63.4,24.2,0.0,1
85100.0,694200.0,12668.29,7,0.12,78.5,18.5,5.0,0
161900.0,1709500.0,31196.25,3,1.71,66.2,19.5,18.0,1
112300.0,892900.0,16294.31,1,1.1,81.3,25.7,0.0,1
42300.0,436600.0,7967.41,1,1.82,82.0,31.5,0.0,1
86300.0,887300.0,16192.12,5,2.01,62.0,17.9,5.0,1
46000.0,378900.0,6914.45,0,6.97,69.9,33.9,0.0,1
100600.0,968900.0,17681.22,2,1.96,77.8,22.3,18.0,1
149900.0,1101500.0,20101.0,0,5.36,72.2,25.6,18.0,1
153000.0,1350800.0,24650.42,3,3.26,62.2,20.1,18.0,1
35700.0,309000.0,5638.87,4,3.78,82.0,26.2,0.0,1
73000.0,695700.0,12695.66,3,3.63,82.1,18.4,5.0,1
105500.0,986900.0,18009.7,2,3.09,63.6,13.7,5.0,1
32500.0,297600.0,5430.83,3,1.12,91.0,15.9,5.0,1
17200.0,138500.0,2527.45,6,0.24,79.1,51.6,5.0,1
42100.0,450700.0,8224.71,3,2.93,79.4,20.9,5.0,1
25600.0,222500.0,4060.35,1,9.84,81.0,47.4,5.0,1
55400.0,418300.0,7633.45,0,7.87,65.7,34.5,0.0,1
44800.0,338600.0,6179.03,6,0.12,68.4,13.3,5.0,0
13400.0,96300.0,1757.36,2,2.33,62.8,44.2,5.0,1
60900.0,442900.0,8082.37,1,1.58,67.3,15.9,5.0,1
107000.0,989600.0,18058.97,8,0.27,58.6,15.3,5.0,0
190100.0,1684900.0,30747.33,2,1.28,70.0,28.3,0.0,1
29800.0,258500.0,4717.3,2,1.31,39.4,55.2,5.0,1
160900.0,1486800.0,27132.25,1,2.16,58.7,26.0,0.0,1
58200.0,436700.0,7969.23,0,5.11,73.6,23.1,0.0,1
71600.0,634100.0,11571.54,2,3.25,71.4,19.8,5.0,1
77100.0,582800.0,10635.37,3,4.07,63.8,32.3,0.0,1
59400.0,485500.0,8859.77,3,0.35,75.2,14.8,5.0,1
92000.0,765400.0,13967.6,6,0.29,59.6,18.2,0.0,0
146300.0,1572800.0,28701.64,1,1.08,61.1,31.1,0.0,1
67600.0,561800.0,10252.15,3,0.46,80.8,29.0,0.0,1
56400.0,470600.0,8587.86,8,0.44,91.9,16.6,5.0,0
118800.0,1035800.0,18902.06,2,0.96,57.2,13.2,18.0,1
58000.0,419300.0,7651.7,1,0.34,67.8,16.6,5.0,1
81600.0,749300.0,13673.79,2,3.63,68.2,23.0,0.0,1
76400.0,612500.0,11177.36,1,0.49,72.8,21.9,18.0,1
67800.0,527500.0,9626.22,2,4.94,79.6,16.8,5.0,1
90000.0,669200.0,12212.07,7,0.74,69.6,13.3,5.0,1
52600.0,432600.0,7894.41,2,0.88,71.9,21.6,18.0,1
110200.0,1154600.0,21070.01,2,3.03,67.5,22.4,0.0,1
180200.0,1301800.0,23756.23,5,4.99,72.0,26.6,0.0,1
77700.0,598000.0,10912.76,0,9.66,65.7,32.8,18.0,1
113600.0,816100.0,14892.81,2,1.13,75.4,15.9,5.0,1
71400.0,635300.0,11593.43,5,0.31,87.7,18.9,5.0,1
41000.0,321500.0,5866.97,2,11.65,66.0,15.9,5.0,1
132600.0,1135700.0,20725.11,2,1.18,70.0,21.4,0.0,1
104200.0,748300.0,13655.54,1,6.77,73.4,27.3,18.0,1
174400.0,1863300.0,34002.9,5,1.24,67.5,17.1,0.0,1
128400.0,1237200.0,22577.36,0,4.6,90.8,20.1,0.0,1
151700.0,1317000.0,24033.61,2,4.36,68.4,25.2,0.0,1
22500.0,243900.0,4450.87,3,0.63,60.5,18.0,5.0,1
151000.0,1271400.0,23201.47,0,9.52,73.1,22.1,0.0,1
94900.0,733400.0,13383.64,4,0.86,85.7,21.8,5.0,1
43100.0,339600.0,6197.28,2,3.74,84.4,31.2,0.0,1
61100.0,552500.0,10082.44,4,0.83,91.8,53.5,18.0,1
152400.0,1127700.0,20579.12,0,7.56,48.7,40.0,0.0,1
183600.0,1380300.0,25188.76,1,7.31,94.2,34.6,0.0,1
164000.0,1315400.0,24004.41,1,3.05,76.2,20.8,0.0,1
82500.0,598300.0,10918.23,1,4.4,75.0,28.2,18.0,1
170300.0,1815600.0,33132.44,2,1.24,68.2,29.9,0.0,1
46300.0,382400.0,6978.32,3,4.04,35.0,46.8,5.0,1
65400.0,490200.0,8945.54,0,6.53,73.7,34.0,0.0,1
23900.0,258300.0,4713.65,4,1.26,66.3,51.3,18.0,1
86600.0,810400.0,14788.79,3,1.07,87.8,10.7,5.0,1
62800.0,472100.0,8615.24,1,3.71,52.5,46.8,5.0,1
69700.0,559600.0,10212.0,0,6.64,68.3,21.9,18.0,1
56200.0,446200.0,8142.59,2,6.55,60.1,41.6,5.0,1
74200.0,566700.0,10341.57,4,1.28,57.8,27.7,0.0,1
60300.0,495400.0,9040.43,1,0.67,56.1,24.9,0.0,1
92900.0,841900.0,15363.63,3,0.91,74.5,15.2,5.0,1
57400.0,572700.0,10451.06,2,3.0,49.9,31.5,5.0,1
43200.0,332300.0,6064.06,3,2.32,61.6,32.1,0.0,1
71800.0,693000.0,12646.39,3,4.3,93.7,18.7,5.0,1
64800.0,485400.0,8857.95,3,3.84,57.9,36.3,0.0,1
107700.0,803400.0,14661.05,1,3.38,73.6,27.1,0.0,1
141200.0,1053600.0,19226.89,3,0.55,57.3,22.9,18.0,1
86300.0,816300.0,14896.46,5,0.37,75.4,29.3,18.0,1
91800.0,789100.0,14400.09,4,4.41,88.7,32.6,18.0,1
42300.0,451500.0,8239.31,3,1.26,64.9,13.7,5.0,1
66200.0,727000.0,13266.84,5,1.15,67.4,15.6,5.0,1
33300.0,247200.0,4511.09,1,4.06,74.9,21.9,0.0,1
79500.0,660400.0,12051.48,2,7.6,69.9,30.8,18.0,1
53200.0,520700.0,9502.13,1,2.74,73.5,33.0,18.0,1
115600.0,966300.0,17633.77,7,0.76,96.0,24.2,0.0,1
147800.0,1228200.0,22413.12,3,0.32,82.3,24.5,18.0,1
69000.0,702500.0,12819.75,4,1.08,71.7,40.5,5.0,1
146500.0,1280900.0,23374.83,3,5.24,51.8,20.1,0.0,1
112100.0,877500.0,16013.28,3,0.52,66.8,29.9,0.0,1
38100.0,386300.0,7049.49,3,0.62,64.9,10.0,5.0,1
171900.0,1247100.0,22758.02,1,2.23,67.7,26.8,0.0,1
10100.0,76100.0,1388.73,2,8.19,60.2,36.7,5.0,1
71600.0,568600.0,10376.24,2,9.66,71.8,19.6,5.0,1
147400.0,1184300.0,21612.0,0,8.22,65.0,32.0,0.0,1
89800.0,946900.0,17279.75,7,0.5,63.7,14.3,5.0,0
137700.0,1128100.0,20586.42,4,2.36,74.7,20.7,0.0,1
81100.0,719100.0,13122.68,3,5.94,60.8,14.5,5.0,1
139700.0,1066500.0,19462.3,0,6.81,67.4,32.0,0.0,1
26800.0,207500.0,3786.62,1,0.52,59.8,21.9,0.0,1
34200.0,301800.0,5507.47,1,0.98,84.8,26.9,0.0,1
57100.0,564500.0,10301.42,3,0.52,89.5,31.3,18.0,1
52800.0,494100.0,9016.71,7,0.29,71.2,20.2,5.0,0
68100.0,602700.0,10998.52,0,8.69,67.6,18.0,18.0,1
86900.0,688100.0,12556.97,3,5.79,61.4,16.7,5.0,1
122700.0,1216800.0,22205.08,4,0.64,75.7,23.7,18.0,1
64400.0,508000.0,9270.37,2,1.58,70.4,27.4,0.0,1
22000.0,214300.0,3910.71,1,8.42,78.7,15.0,5.0,1
42200.0,468200.0,8544.07,3,2.2,69.8,16.7,0.0,1
93800.0,987800.0,18026.12,4,1.67,63.0,25.6,0.0,1
32300.0,315900.0,5764.78,5,0.11,71.7,33.6,0.0,0
19600.0,169900.0,3100.46,2,7.28,77.0,20.1,5.0,1
19200.0,159000.0,2901.55,2,3.26,64.7,32.3,5.0,1
61800.0,482600.0,8806.85,1,0.34,60.8,67.6,18.0,1
103600.0,755800.0,13792.41,3,0.71,66.8,26.9,0.0,1
42600.0,420000.0,7664.48,3,1.98,55.2,56.0,5.0,1
31300.0,231700.0,4228.24,1,9.67,68.5,33.0,0.0,1
137900.0,989300.0,18053.49,3,3.73,70.8,21.6,0.0,1
77000.0,667600.0,12182.87,3,4.38,70.0,14.6,5.0,1
111200.0,936600.0,17091.78,2,0.63,70.9,30.8,0.0,1
65000.0,611900.0,11166.41,4,12.87,57.4,25.7,18.0,1
129000.0,1144400.0,20883.88,1,7.5,71.4,21.7,0.0,1
166800.0,1429100.0,26079.3,2,1.32,72.9,29.2,0.0,1
82100.0,716700.0,13078.88,0,8.09,78.7,20.6,18.0,1
63100.0,608400.0,11102.54,2,2.19,66.2,32.8,5.0,1
27000.0,214700.0,3918.01,3,4.1,69.8,42.1,5.0,1
132500.0,1041900.0,19013.38,3,2.36,81.1,19.3,0.0,1
92700.0,763900.0,13940.22,5,0.22,78.4,15.7,5.0,1
79700.0,684000.0,12482.15,2,0.69,73.6,33.6,18.0,1
15900.0,121200.0,2211.75,2,3.12,88.9,16.6,5.0,1
96400.0,910000.0,16606.37,2,4.72,76.8,23.3,0.0,1
119300.0,989900.0,18064.44,2,2.51,69.2,28.1,0.0,1
43900.0,341000.0,6222.83,0,9.57,86.0,22.8,0.0,1
79400.0,658400.0,12014.98,2,3.85,77.6,13.8,5.0,1
43300.0,340200.0,6208.23,4,13.32,67.5,21.5,5.0,1
178800.0,1931500.0,35247.47,0,4.9,74.9,26.7,0.0,1
117200.0,946900.0,17279.75,6,0.14,93.9,25.9,0.0,1
105500.0,867400.0,15828.97,6,0.14,55.0,26.5,0.0,0
30000.0,246600.0,4500.14,4,1.1,78.7,36.5,5.0,1
82500.0,661600.0,12073.38,2,0.3,64.7,17.8,0.0,1
112300.0,1016700.0,18553.51,3,0.94,66.5,28.7,0.0,1
35800.0,356400.0,6503.86,3,2.14,49.8,50.8,18.0,1
31700.0,239700.0,4374.23,1,0.66,84.5,68.0,18.0,1
154000.0,1224100.0,22338.3,0,5.06,72.8,21.7,0.0,1
85900.0,692100.0,12629.96,0,9.04,80.8,24.7,0.0,1
39200.0,363800.0,6638.9,1,1.72,51.7,15.8,0.0,1
45900.0,347400.0,6339.62,1,0.49,76.0,65.6,18.0,1
131800.0,1115400.0,20354.66,2,0.47,60.3,21.0,0.0,1
191400.0,1406200.0,25661.4,1,12.25,62.5,30.6,0.0,1
180700.0,1608200.0,29347.65,2,3.47,68.0,25.9,0.0,1
57200.0,599100.0,10932.83,1,3.04,83.7,20.2,0.0,1
46100.0,431400.0,7872.51,7,0.62,53.9,23.0,5.0,1
168800.0,1225900.0,22371.15,3,0.87,68.4,25.5,0.0,1
100200.0,927400.0,16923.9,3,5.13,62.5,15.2,5.0,1
102500.0,1042000.0,19015.2,2,2.29,62.7,25.0,18.0,1
68600.0,505100.0,9217.45,3,0.74,67.6,38.7,5.0,1
169600.0,1245800.0,22734.3,4,2.45,72.1,39.0,0.0,1
67800.0,543800.0,9923.67,1,4.49,72.1,21.7,0.0,1
55100.0,565500.0,10319.67,0,6.0,86.5,18.4,0.0,1
56000.0,469900.0,8575.09,7,0.41,68.4,52.6,18.0,1
34500.0,263800.0,4814.02,7,1.26,63.7,19.3,5.0,1
83700.0,612000.0,11168.24,5,0.83,79.5,11.7,5.0,1
90200.0,644700.0,11764.97,4,1.93,72.1,15.6,5.0,1
95200.0,849300.0,15498.67,2,4.13,55.7,21.6,0.0,1
22000.0,226000.0,4124.22,5,0.2,66.5,31.1,18.0,0
86900.0,790900.0,14432.94,4,0.83,70.2,14.6,5.0,1
111300.0,882700.0,16108.18,1,1.37,59.6,28.0,0.0,1
74300.0,776700.0,14173.81,0,6.38,56.9,25.5,0.0,1
37300.0,342800.0,6255.67,5,0.13,85.1,29.3,18.0,0
32700.0,348700.0,6363.34,5,0.73,38.5,14.2,5.0,0
97600.0,771300.0,14075.26,4,2.02,56.0,18.8,0.0,1
95700.0,745500.0,13604.45,1,1.25,61.2,26.1,0.0,1
179900.0,1535600.0,28022.79,2,2.13,85.3,28.4,0.0,1
91400.0,945400.0,17252.37,5,0.31,63.1,14.3,5.0,1
25600.0,255500.0,4662.56,4,0.4,77.0,47.9,18.0,1
59700.0,519300.0,9476.58,4,1.71,60.5,14.6,5.0,1
58600.0,599700.0,10943.78,2,0.81,81.7,17.5,5.0,1
110300.0,1107000.0,20201.37,3,2.05,83.7,13.9,5.0,1
22500.0,167900.0,3063.97,1,1.92,68.0,41.5,5.0,1
88900.0,886700.0,16181.17,1,2.83,74.5,34.1,18.0,1
137000.0,1018700.0,18590.01,0,6.96,79.7,24.4,0.0,1
58700.0,456800.0,8336.03,3,1.18,83.4,18.5,0.0,1
43900.0,335600.0,6124.28,2,0.52,96.0,33.4,5.0,1
88100.0,874600.0,15960.36,3,2.17,67.8,12.2,5.0,1
79300.0,862500.0,15739.55,1,2.6,68.6,26.2,0.0,1
129100.0,1052000.0,19197.69,1,1.06,55.2,36.8,18.0,1
138200.0,1442300.0,26320.18,5,0.15,68.2,23.9,18.0,0
190600.0,1773900.0,32371.47,2,1.67,70.5,27.3,0.0,1
28800.0,238400.0,4350.5,7,1.46,77.7,10.5,5.0,1
27400.0,219800.0,4011.08,2,4.67,73.5,27.0,0.0,1
189900.0,1597100.0,29145.09,4,3.26,61.2,32.7,0.0,1
122900.0,966400.0,17635.6,4,3.7,96.0,19.0,18.0,1
51100.0,441600.0,8058.65,3,4.43,59.8,27.8,0.0,1
72000.0,538500.0,9826.95,8,1.24,77.0,23.4,18.0,1
40500.0,298500.0,5447.25,2,3.61,66.5,12.5,18.0,1
43100.0,319300.0,5826.83,2,0.98,86.2,32.8,5.0,1
32200.0,277300.0,5060.38,4,0.95,81.1,44.0,5.0,1
107500.0,807600.0,14737.69,7,0.27,75.3,13.2,5.0,0
65600.0,620400.0,11321.53,1,9.67,53.2,28.7,5.0,1
67800.0,628400.0,11467.52,2,4.46,75.8,20.9,18.0,1
71800.0,577700.0,10542.31,1,1.97,52.6,27.2,0.0,1
19500.0,178700.0,3261.05,3,2.82,62.5,43.1,5.0,1
145100.0,1441400.0,26303.76,3,6.11,64.9,23.1,18.0,1
67500.0,580500.0,10593.4,4,3.76,73.8,16.3,5.0,1
60800.0,437800.0,7989.3,3,0.74,68.1,43.7,5.0,1
115000.0,1229000.0,22427.72,3,1.84,74.4,18.0,5.0,1
90500.0,653900.0,11932.86,5,2.97,55.5,16.1,5.0,1
18300.0,132400.0,2416.14,4,2.47,76.6,20.4,5.0,1
91800.0,830300.0,15151.94,3,3.88,75.6,14.9,5.0,1
41500.0,411400.0,7507.54,2,1.4,88.6,37.4,5.0,1
50600.0,505600.0,9226.57,5,0.9,80.1,35.2,5.0,1
45500.0,360200.0,6573.2,6,0.41,69.2,18.4,5.0,1
63900.0,527700.0,9629.87,5,0.84,66.4,28.6,18.0,1
63800.0,550600.0,10047.76,3,4.07,75.0,49.5,18.0,1
76700.0,595900.0,10874.43,2,6.67,73.2,35.7,0.0,1
104200.0,1063200.0,19402.08,2,1.59,57.3,16.4,5.0,1
93800.0,681700.0,12440.18,2,0.99,66.0,19.2,18.0,1
19900.0,143900.0,2626.0,4,1.97,67.9,13.6,5.0,1
122400.0,976400.0,17818.08,2,0.33,59.9,29.1,0.0,1
51300.0,412400.0,7525.79,1,3.4,63.7,31.7,0.0,1
158500.0,1209600.0,22073.69,2,0.73,88.7,24.7,0.0,1
122900.0,1312500.0,23951.49,6,0.19,64.1,24.0,18.0,0
161900.0,1782600.0,32530.23,3,4.19,80.3,28.1,0.0,1
175900.0,1763800.0,32187.15,2,1.5,75.8,27.7,0.0,1
132100.0,1123700.0,20506.13,6,0.61,78.4,44.4,18.0,1
154300.0,1128700.0,20597.37,1,0.33,56.3,28.9,0.0,1
48300.0,413800.0,7551.33,5,0.18,79.0,41.5,5.0,0
95200.0,983600.0,17949.48,3,1.21,55.0,21.2,0.0,1
112700.0,1078200.0,19675.81,3,1.24,66.3,20.0,18.0,1
71000.0,578300.0,10553.25,8,0.46,62.1,15.5,5.0,0
43400.0,407400.0,7434.54,2,10.6,81.6,68.0,18.0,1
80400.0,641200.0,11701.1,4,0.9,87.2,21.4,5.0,1
30100.0,244500.0,4461.82,5,0.15,70.6,15.5,5.0,1
113200.0,988000.0,18029.77,2,1.99,80.1,17.3,5.0,1
24900.0,199200.0,3635.15,2,3.36,77.2,36.8,5.0,1
76500.0,835400.0,15245.01,3,0.55,46.8,19.6,5.0,1
52200.0,437700.0,7987.48,1,3.79,62.8,16.9,0.0,1
138300.0,1307700.0,23863.9,0,7.37,78.3,41.3,18.0,1
221800.0,2296300.0,41904.62,2,6.17,87.0,21.4,18.0,1
31800.0,237400.0,4332.25,3,0.85,63.8,19.6,18.0,1
66200.0,508500.0,9279.49,2,1.12,68.1,25.2,0.0,1
160800.0,1705300.0,31119.6,1,1.06,58.3,26.8,0.0,1
72100.0,555000.0,10128.06,4,1.64,64.6,68.0,18.0,1
28500.0,254500.0,4644.31,3,1.58,52.2,19.0,5.0,1
72900.0,581200.0,10606.18,3,3.35,57.7,56.3,18.0,1
123200.0,957900.0,17480.48,2,4.18,82.1,21.9,0.0,1
35900.0,265600.0,4846.87,1,0.69,49.3,25.7,0.0,1
71700.0,705300.0,12870.85,3,0.82,56.2,16.2,5.0,1
82600.0,620400.0,11321.53,3,2.79,59.5,17.9,18.0,1
24500.0,181800.0,3317.62,3,1.24,81.6,19.5,5.0,1
116200.0,1084700.0,19794.42,3,6.77,57.5,27.9,0.0,1
112300.0,887800.0,16201.24,1,0.51,70.2,30.3,0.0,1
51400.0,406700.0,7421.77,1,2.91,56.5,14.5,5.0,1
79600.0,814500.0,14863.61,9,0.27,74.1,14.6,5.0,0
43300.0,337600.0,6160.78,4,4.3,56.3,23.2,18.0,1
50600.0,402800.0,7350.6,4,7.13,46.8,15.2,5.0,1
55500.0,453100.0,8268.51,2,3.67,80.5,54.2,18.0,1
99500.0,818000.0,14927.48,4,4.21,62.4,16.0,5.0,1
41900.0,333700.0,6089.61,1,0.4,86.9,12.0,5.0,1
110600.0,1064300.0,19422.15,0,5.53,76.5,25.8,0.0,1
71900.0,580200.0,10587.93,1,1.03,83.4,18.2,18.0,1
195400.0,1553000.0,28340.32,5,0.7,46.0,31.4,0.0,1
135400.0,1154000.0,21059.06,2,0.44,75.9,18.2,0.0,1
112900.0,806500.0,14717.62,3,1.3,87.7,21.6,0.0,1
90900.0,683400.0,12471.2,0,7.8,73.0,21.7,0.0,1
124300.0,1033200.0,18854.61,5,2.36,77.0,26.7,18.0,1
183500.0,1588000.0,28979.02,1,3.13,63.0,14.4,18.0,1
36000.0,289900.0,5290.31,1,1.21,63.6,26.9,0.0,1
131300.0,1164600.0,21252.5,0,7.51,95.2,21.9,0.0,1
124400.0,1193800.0,21785.36,5,2.55,54.6,18.4,18.0,1
25800.0,211100.0,3852.31,1,0.79,60.3,12.7,5.0,1
35400.0,264100.0,4819.5,3,3.81,67.9,11.1,5.0,1
42800.0,309800.0,5653.46,3,2.09,69.9,15.9,5.0,1
90300.0,841400.0,15354.5,2,10.92,74.9,13.2,18.0,1
122700.0,1313800.0,23975.21,2,3.62,64.5,28.2,0.0,1
161800.0,1491100.0,27210.72,5,0.72,70.9,34.1,0.0,1
118500.0,881400.0,16084.45,3,7.03,76.5,34.5,18.0,1
59800.0,658300.0,12013.16,2,1.21,80.5,20.7,18.0,1
145700.0,1202900.0,21951.43,3,1.25,54.0,21.7,18.0,1
117000.0,1296300.0,23655.86,4,2.54,75.3,19.3,5.0,1
166600.0,1445000.0,26369.45,2,4.09,54.7,30.9,0.0,1
93100.0,871800.0,15909.26,8,0.25,75.4,18.3,5.0,0
158800.0,1498100.0,27338.46,0,5.54,64.0,21.6,18.0,1
84900.0,916200.0,16719.51,6,0.49,58.2,22.8,18.0,0
44900.0,427800.0,7806.82,4,0.37,59.0,31.2,0.0,1
70500.0,678200.0,12376.31,3,6.65,75.5,15.8,5.0,1
111900.0,1114500.0,20338.24,5,0.75,96.0,15.5,5.0,1
175200.0,1739800.0,31749.18,2,0.34,90.7,30.2,0.0,1
52700.0,420800.0,7679.08,4,10.12,70.5,13.6,5.0,1
65100.0,503000.0,9179.12,2,1.35,66.9,35.6,5.0,1
120500.0,1184800.0,21621.12,1,2.55,63.7,31.7,0.0,1
82700.0,747300.0,13637.29,2,2.1,72.5,22.2,18.0,1
150600.0,1305100.0,23816.45,3,7.8,83.8,18.1,18.0,1
107400.0,807900.0,14743.17,4,0.5,69.0,15.6,5.0,1
76200.0,685900.0,12516.82,2,3.5,74.3,41.4,5.0,1
85600.0,877900.0,16020.58,4,1.14,71.1,31.4,0.0,1
59000.0,431300.0,7870.69,3,1.9,86.9,15.4,5.0,1
31800.0,307000.0,5602.37,5,0.16,96.0,24.1,18.0,1
118900.0,931800.0,17004.19,2,4.04,72.2,26.0,0.0,1
32800.0,268300.0,4896.14,4,0.41,80.1,14.8,5.0,1
118400.0,917300.0,16739.58,1,0.85,56.5,34.6,0.0,1
41600.0,359000.0,6551.3,2,1.61,76.1,20.1,0.0,1
62200.0,671200.0,12248.56,2,0.94,76.2,26.1,0.0,1
100700.0,722500.0,13184.73,2,2.24,53.9,34.7,18.0,1
103000.0,885600.0,16161.1,3,3.19,60.9,12.6,0.0,1
115200.0,990700.0,18079.04,0,8.75,77.9,14.9,0.0,1
84500.0,684600.0,12493.1,6,0.27,43.1,21.8,0.0,0
135200.0,1198800.0,21876.61,1,10.19,50.4,32.6,0.0,1
72900.0,784300.0,14312.5,4,0.8,57.6,32.1,18.0,1
48100.0,415600.0,7584.18,1,4.23,84.0,37.3,18.0,1
63200.0,571300.0,10425.51,7,0.29,66.6,12.9,5.0,0
134100.0,1127000.0,20566.35,2,10.37,84.2,26.0,0.0,1
34500.0,274100.0,5001.98,5,0.14,65.3,55.1,5.0,1
119700.0,937600.0,17110.03,4,0.9,63.2,17.4,5.0,1
31100.0,290500.0,5301.26,2,2.92,74.1,48.2,18.0,1
37100.0,399700.0,7294.03,0,5.01,74.2,24.7,0.0,1
32400.0,331300.0,6045.81,4,0.65,78.4,31.7,0.0,1
124800.0,951200.0,17358.22,2,0.74,81.2,38.9,0.0,1
130200.0,1081800.0,19741.5,1,2.12,72.2,23.8,0.0,1
66200.0,678400.0,12379.96,0,5.18,74.3,41.1,5.0,1
131800.0,1094500.0,19973.26,2,1.88,71.8,28.7,0.0,1
46200.0,468900.0,8556.84,0,7.85,75.2,17.7,0.0,1
64500.0,625200.0,11409.12,0,5.05,87.2,39.3,5.0,1
91200.0,913200.0,16664.76,3,0.54,77.1,26.1,18.0,1
61200.0,487700.0,8899.92,3,0.98,87.4,17.5,5.0,1
153100.0,1264000.0,23066.43,1,1.87,55.2,21.1,0.0,1
42800.0,312200.0,5697.26,3,2.27,51.0,43.2,5.0,1
195700.0,1806900.0,32973.68,3,3.34,66.6,35.0,0.0,1
112000.0,897200.0,16372.78,4,0.47,88.4,16.1,5.0,1
59700.0,579100.0,10567.85,3,4.03,63.6,21.5,5.0,1
28100.0,236800.0,4321.31,4,1.2,56.0,24.5,0.0,1
76800.0,748800.0,13664.67,3,1.44,65.0,42.9,5.0,1
115600.0,891000.0,16259.64,7,0.73,50.9,14.8,5.0,1
111600.0,849700.0,15505.97,0,7.22,80.6,12.5,5.0,1
29300.0,284400.0,5189.95,0,8.89,70.0,38.1,5.0,1
34200.0,288700.0,5268.42,1,2.11,79.0,35.9,5.0,1
49800.0,388800.0,7095.12,2,1.36,66.1,22.6,0.0,1
31700.0,333200.0,6080.49,0,8.03,87.6,32.5,0.0,1
28300.0,237000.0,4324.95,8,1.74,80.6,17.5,5.0,1
164700.0,1646600.0,30048.4,1,1.81,76.9,26.9,0.0,1
123800.0,930100.0,16973.17,2,4.75,50.5,33.6,0.0,1
178800.0,1760500.0,32126.93,5,0.25,79.5,25.7,0.0,0
198600.0,1568000.0,28614.05,3,2.19,59.3,14.8,18.0,1
109000.0,837300.0,15279.68,4,0.92,81.5,11.8,5.0,1
113500.0,918600.0,16763.31,4,0.71,92.4,16.2,5.0,1
34600.0,275300.0,5023.88,2,0.63,62.0,23.3,0.0,1
74100.0,821800.0,14996.83,1,2.46,66.1,30.2,0.0,1
66500.0,566700.0,10341.57,11,0.15,82.1,14.8,5.0,0
19900.0,180200.0,3288.43,1,2.39,80.6,22.4,5.0,1
116200.0,900800.0,16438.48,0,6.69,78.4,22.6,0.0,1
145500.0,1307100.0,23852.95,2,8.69,66.5,35.2,0.0,1
74800.0,684300.0,12487.62,2,1.11,57.7,37.3,18.0,1
71300.0,724500.0,13221.22,0,8.88,91.0,23.3,0.0,1
128400.0,1325200.0,24183.25,3,2.32,62.6,30.8,18.0,1
47800.0,486900.0,8885.32,6,0.29,71.1,46.8,5.0,0
33900.0,349300.0,6374.29,3,5.85,65.7,35.2,5.0,1
99300.0,709500.0,12947.49,4,1.19,91.8,18.5,5.0,1
83400.0,729400.0,13310.64,6,2.34,48.1,13.3,5.0,1
79900.0,612600.0,11179.19,2,0.92,90.0,25.5,0.0,1
135200.0,1085200.0,19803.55,1,2.96,65.2,27.5,0.0,1
105400.0,902200.0,16464.03,6,0.4,59.7,14.4,5.0,0
174000.0,1443900.0,26349.38,0,8.79,73.1,21.8,0.0,1
38100.0,408700.0,7458.27,0,5.85,72.1,25.8,0.0,1
51200.0,374700.0,6837.81,1,2.0,63.7,25.8,0.0,1
108800.0,1069000.0,19507.92,0,6.66,76.3,22.7,0.0,1
173500.0,1511100.0,27575.69,1,1.49,78.5,20.6,0.0,1
15200.0,109900.0,2005.54,2,1.55,70.7,14.0,5.0,1
62800.0,680500.0,12418.28,0,9.06,67.4,30.2,18.0,1
71300.0,688000.0,12555.14,3,1.59,69.1,34.9,18.0,1
110100.0,920300.0,16794.33,2,2.96,61.2,38.0,18.0,1
42100.0,326800.0,5963.69,7,0.97,41.3,13.4,5.0,0
57500.0,572600.0,10449.24,6,1.7,51.9,30.6,5.0,1
31700.0,252300.0,4604.16,6,2.54,62.9,15.2,5.0,1
170000.0,1553700.0,28353.09,1,1.0,60.5,32.9,0.0,1
152200.0,1473800.0,26895.01,2,2.7,71.8,16.9,0.0,1
98700.0,1013000.0,18485.99,3,0.78,53.5,27.4,0.0,1
95900.0,710900.0,12973.04,2,4.57,84.6,16.4,5.0,1
60000.0,543000.0,9909.07,3,3.13,74.5,17.7,5.0,1
74500.0,706200.0,12887.27,2,1.95,71.1,28.6,0.0,1
94800.0,760000.0,13869.05,2,0.3,52.9,23.4,0.0,1
38000.0,295600.0,5394.33,2,2.08,83.0,27.0,0.0,1
55100.0,529600.0,9664.54,3,0.48,60.6,23.8,18.0,1
117500.0,1117400.0,20391.16,5,0.41,69.9,20.4,0.0,1
58500.0,525000.0,9580.6,1,2.99,66.9,21.2,18.0,1
31100.0,274800.0,5014.76,2,0.32,88.8,31.8,18.0,1
40500.0,338800.0,6182.68,2,2.68,86.3,58.4,18.0,1
120700.0,942800.0,17204.93,2,3.39,62.6,19.9,0.0,1
69500.0,584300.0,10662.75,1,0.8,65.4,60.6,18.0,1
53400.0,568100.0,10367.12,2,1.69,64.1,22.3,0.0,1
149800.0,1089600.0,19883.84,1,2.48,63.3,25.4,0.0,1
69400.0,718800.0,13117.2,5,0.43,48.5,12.5,5.0,0
61900.0,481900.0,8794.07,3,0.68,48.0,28.7,0.0,1
67300.0,554500.0,10118.93,0,5.86,55.6,18.1,5.0,1
114300.0,823900.0,15035.15,0,6.96,66.3,35.8,18.0,1
35400.0,319300.0,5826.83,1,4.64,87.0,68.0,18.0,1
40700.0,295600.0,5394.33,3,0.32,78.7,43.3,5.0,1
81800.0,636500.0,11615.33,5,0.4,72.1,25.6,18.0,1
65600.0,629400.0,11485.77,1,1.29,96.0,54.1,18.0,1
125000.0,1322500.0,24133.98,0,9.21,41.8,34.6,0.0,1
30900.0,278900.0,5089.58,2,2.89,56.1,20.2,18.0,1
104300.0,839300.0,15316.18,4,5.13,83.3,10.2,5.0,1
57400.0,611100.0,11151.81,1,2.68,70.6,26.5,0.0,1
27700.0,279800.0,5106.0,1,0.65,61.8,38.9,5.0,1
64900.0,625900.0,11421.9,1,0.68,78.0,23.8,18.0,1
62500.0,607200.0,11080.64,5,0.1,82.1,40.0,5.0,0
132700.0,1110000.0,20256.12,0,9.51,96.0,36.1,0.0,1
166400.0,1456400.0,26577.49,2,1.57,96.0,23.6,18.0,1
92500.0,863200.0,15752.33,0,9.17,61.8,22.1,0.0,1
107300.0,986300.0,17998.75,4,5.66,69.9,18.6,5.0,1
38100.0,379900.0,6932.7,1,6.2,79.4,26.6,0.0,1
166100.0,1356500.0,24754.44,3,5.99,84.6,19.4,0.0,1
161000.0,1376500.0,25119.41,5,0.14,56.8,25.6,0.0,0
153300.0,1325900.0,24196.02,1,2.71,64.2,24.1,0.0,1
63300.0,562600.0,10266.75,7,0.28,90.6,19.7,5.0,0
134400.0,1355000.0,24727.06,4,5.88,54.8,22.1,18.0,1
153600.0,1640900.0,29944.38,5,0.64,65.9,18.8,18.0,1
31200.0,233100.0,4253.78,3,3.18,70.3,52.0,5.0,1
20800.0,155600.0,2839.51,2,1.07,60.7,13.8,5.0,1
149600.0,1518400.0,27708.91,1,1.24,96.0,17.0,0.0,1
80900.0,626100.0,11425.55,3,6.43,96.0,14.3,5.0,1
94900.0,810200.0,14785.14,1,1.22,62.6,31.4,0.0,1
105000.0,1066300.0,19458.65,3,6.78,83.7,16.7,5.0,1
39500.0,325800.0,5945.44,2,4.12,51.6,44.4,5.0,1
84800.0,687200.0,12540.54,6,0.16,61.0,18.9,5.0,0
58100.0,430100.0,7848.79,4,0.61,68.4,34.8,5.0,1
38500.0,339900.0,6202.75,0,9.15,70.0,12.8,5.0,1
61800.0,655000.0,11952.93,3,2.69,86.9,13.3,5.0,1
75200.0,627600.0,11452.92,2,0.35,52.3,15.9,5.0,1
99100.0,930700.0,16984.12,1,2.51,76.8,31.0,0.0,1
72800.0,523200.0,9547.75,3,11.53,87.9,37.2,5.0,1
96700.0,839500.0,15319.83,3,0.32,82.3,10.3,5.0,1
68200.0,724400.0,13219.4,4,0.7,96.0,15.5,5.0,1
27900.0,232500.0,4242.84,2,7.92,77.3,20.8,0.0,1
31700.0,242900.0,4432.62,0,6.96,58.8,14.2,0.0,1
47600.0,395400.0,7215.56,4,0.92,74.6,44.9,5.0,1
26700.0,215600.0,3934.43,2,5.0,91.7,46.5,5.0,1
155300.0,1649100.0,30094.02,1,7.05,45.8,30.2,0.0,1
55100.0,422200.0,7704.62,1,2.13,54.9,23.6,0.0,1
100400.0,751700.0,13717.59,3,2.17,74.3,29.2,18.0,1
83100.0,615400.0,11230.28,5,0.15,55.7,38.1,18.0,1
148200.0,1638000.0,29891.46,4,5.51,72.6,18.4,18.0,1
130100.0,1229000.0,22427.72,0,7.58,64.7,23.7,0.0,1
151500.0,1624000.0,29635.98,2,3.0,74.8,23.7,0.0,1
72400.0,608400.0,11102.54,3,0.75,83.5,18.4,5.0,1
24600.0,231300.0,4220.94,2,1.11,48.1,67.7,18.0,1
161100.0,1517200.0,27687.01,3,0.83,80.7,36.6,0.0,1
39400.0,398700.0,7275.78,3,0.68,70.7,35.5,5.0,1
42000.0,414700.0,7567.76,3,2.12,65.2,18.5,5.0,1
104400.0,925800.0,16894.7,3,0.91,62.8,17.8,5.0,1
39100.0,339000.0,6186.33,1,5.9,62.0,22.4,0.0,1
124400.0,975500.0,17801.66,2,2.31,78.4,23.7,0.0,1
52000.0,462500.0,8440.05,2,1.52,68.6,30.5,0.0,1
31700.0,348100.0,6352.39,1,5.19,78.2,35.3,18.0,1
96000.0,1022300.0,18655.7,2,2.11,45.4,26.3,0.0,1
25600.0,188100.0,3432.59,6,0.22,72.1,12.5,5.0,0
122900.0,886700.0,16181.17,3,0.41,71.8,18.2,18.0,1
119300.0,893600.0,16307.09,4,3.95,64.8,18.2,5.0,1
111500.0,824000.0,15036.97,2,1.16,70.6,21.0,0.0,1
87300.0,658400.0,12014.98,1,0.81,51.7,35.5,0.0,1
29600.0,236200.0,4310.36,5,1.05,78.2,14.8,5.0,1
50000.0,413900.0,7553.16,1,1.6,63.6,30.0,0.0,1
54300.0,404600.0,7383.45,4,0.71,56.5,20.7,5.0,1
130000.0,1159100.0,21152.13,0,7.11,63.7,25.1,0.0,1
144100.0,1242900.0,22681.38,2,0.83,77.3,25.7,0.0,1
76300.0,768200.0,14018.69,4,5.16,82.2,10.5,5.0,1
56000.0,613800.0,11201.09,1,5.2,45.0,27.6,18.0,1
34300.0,313700.0,5724.63,0,7.94,80.2,42.5,5.0,1
50000.0,409000.0,7463.74,4,4.86,66.8,20.0,5.0,1
106500.0,957400.0,17471.36,3,3.13,80.2,24.6,0.0,1
82800.0,821800.0,14996.83,6,1.21,68.7,40.0,18.0,1
148500.0,1216300.0,22195.96,0,5.32,68.1,34.7,18.0,1
26900.0,260800.0,4759.28,1,5.02,67.0,23.4,0.0,1
54100.0,398900.0,7279.43,0,5.35,60.8,32.4,5.0,1
87000.0,726400.0,13255.9,4,0.44,54.7,17.9,5.0,1
172400.0,1469100.0,26809.25,1,1.62,55.2,22.4,0.0,1
24000.0,205300.0,3746.47,5,0.93,74.0,42.1,5.0,1
44500.0,352900.0,6439.99,1,1.19,60.0,14.7,0.0,1
110400.0,811100.0,14801.57,4,2.46,67.1,25.7,18.0,1
38000.0,316200.0,5770.26,4,3.52,47.7,58.1,18.0,1
33100.0,245100.0,4472.77,2,0.75,76.2,55.1,5.0,1
97600.0,792300.0,14458.49,6,0.54,70.5,17.0,5.0,1
94700.0,913200.0,16664.76,2,6.07,61.4,16.5,5.0,1
166800.0,1284900.0,23447.83,2,4.52,56.7,25.5,0.0,1
73600.0,533900.0,9743.01,2,2.8,75.2,15.1,5.0,1
115200.0,1174900.0,21440.46,2,9.88,68.9,19.4,5.0,1
20100.0,200300.0,3655.23,5,0.23,56.8,30.9,5.0,0
83500.0,834100.0,15221.29,3,1.17,73.6,27.8,0.0,1
78600.0,653000.0,11916.44,2,1.37,56.6,25.5,0.0,1
70400.0,510700.0,9319.64,5,0.2,46.4,24.0,18.0,1
103000.0,829900.0,15144.64,1,1.97,72.3,15.1,5.0,1
136400.0,1203800.0,21967.85,3,2.39,63.0,25.5,18.0,1
56500.0,560600.0,10230.25,2,9.81,68.5,26.6,0.0,1
46800.0,364900.0,6658.97,4,1.83,81.7,17.8,18.0,1
24500.0,240700.0,4392.48,3,2.41,85.0,52.4,18.0,1
148100.0,1059500.0,19334.56,3,1.77,75.6,17.8,18.0,1
88500.0,879900.0,16057.08,5,0.31,81.9,14.0,5.0,1
111800.0,819600.0,14956.68,2,1.05,80.8,24.5,0.0,1
79700.0,808500.0,14754.12,0,9.77,77.1,26.0,0.0,1
102800.0,825800.0,15069.82,4,2.96,78.3,13.6,5.0,1
125800.0,1143600.0,20869.28,6,0.29,62.2,29.6,18.0,0
76000.0,699300.0,12761.35,3,3.16,77.3,22.2,18.0,1
104300.0,902600.0,16471.33,5,0.54,64.1,20.6,5.0,1
69900.0,735000.0,13412.83,0,9.12,77.2,27.1,0.0,1
157000.0,1261800.0,23026.28,4,1.14,59.2,26.4,18.0,1
83900.0,622700.0,11363.5,3,5.91,58.5,16.7,18.0,1
40800.0,312900.0,5710.04,1,3.06,73.2,16.7,0.0,1
162200.0,1346000.0,24562.82,1,1.99,36.0,27.3,0.0,1
161600.0,1259300.0,22980.66,4,0.68,51.6,26.3,0.0,1
126900.0,1164600.0,21252.5,1,1.8,91.8,29.8,0.0,1
52700.0,438100.0,7994.78,3,1.24,74.4,29.2,0.0,1
138700.0,1227100.0,22393.05,1,3.68,69.3,19.4,18.0,1
121000.0,1044600.0,19062.65,1,3.45,87.4,30.9,0.0,1
55200.0,590500.0,10775.89,1,2.78,82.4,44.1,5.0,1
52300.0,490100.0,8943.71,2,5.01,95.5,19.6,0.0,1
82400.0,662600.0,12091.62,3,8.87,75.8,28.4,18.0,1
50800.0,391400.0,7142.56,1,0.71,88.1,19.8,0.0,1
10200.0,82100.0,1498.22,1,1.53,80.7,39.7,5.0,1
38200.0,397000.0,7244.76,0,7.74,73.3,23.0,0.0,1
163200.0,1471100.0,26845.74,2,1.85,78.7,22.1,0.0,1
175100.0,1393300.0,25425.99,2,4.71,87.0,23.0,0.0,1
125100.0,1023700.0,18681.25,4,2.72,53.2,27.5,0.0,1
142200.0,1416400.0,25847.54,4,2.97,58.1,27.8,0.0,1
107300.0,1048700.0,19137.47,1,5.43,71.9,17.6,0.0,1
107500.0,852000.0,15547.94,2,2.8,69.4,17.7,18.0,1
102300.0,797100.0,14546.08,9,0.85,69.5,17.8,5.0,1
91400.0,937100.0,17100.91,3,5.02,74.6,27.7,0.0,1
45900.0,488500.0,8914.52,6,0.63,63.0,14.3,5.0,0
43200.0,379000.0,6916.28,3,3.25,90.1,46.4,5.0,1
33300.0,338800.0,6182.68,2,5.66,61.7,38.7,18.0,1
35700.0,289500.0,5283.01,3,1.73,83.2,45.1,18.0,1
29400.0,285100.0,5202.72,3,2.01,58.4,25.2,18.0,1
41700.0,396900.0,7242.93,2,0.69,66.7,27.4,0.0,1
84700.0,653800.0,11931.04,5,0.79,56.5,23.4,18.0,1
20200.0,153000.0,2792.06,4,0.39,82.5,13.0,5.0,1
155900.0,1144100.0,20878.4,1,1.54,74.5,20.3,18.0,1
123300.0,1182100.0,21571.85,1,3.77,73.4,31.7,18.0,1
204400.0,1715300.0,31302.09,5,1.05,64.5,25.1,18.0,1
102000.0,872000.0,15912.91,2,3.52,72.4,20.0,18.0,1
17200.0,140300.0,2560.3,2,7.16,69.0,55.4,18.0,1
92000.0,744700.0,13589.85,1,1.14,75.1,17.1,5.0,1
75600.0,622700.0,11363.5,6,0.73,45.4,9.6,5.0,1
151200.0,1397600.0,25504.46,2,3.71,82.2,21.0,0.0,1
72900.0,759500.0,13859.93,1,4.2,69.0,42.0,5.0,1
103800.0,894500.0,16323.51,4,0.82,48.8,10.2,5.0,1
164700.0,1757400.0,32070.36,4,2.97,61.9,23.7,0.0,1
32700.0,236500.0,4315.83,2,1.02,67.6,47.4,18.0,1
37700.0,311400.0,5682.66,6,0.11,79.0,14.9,5.0,0
40300.0,350700.0,6399.84,6,0.3,66.7,14.6,5.0,0
43100.0,373300.0,6812.26,1,0.57,68.8,38.7,0.0,1
58700.0,477100.0,8706.48,3,0.7,55.4,39.3,5.0,1
46400.0,462200.0,8434.57,2,0.53,58.6,20.1,18.0,1
171900.0,1438100.0,26243.53,4,0.35,58.2,22.1,0.0,1
97800.0,782400.0,14277.83,3,0.33,58.5,31.4,0.0,1
111600.0,1188200.0,21683.17,1,8.17,75.2,12.4,5.0,1
83700.0,714600.0,13040.56,7,0.62,88.1,14.5,5.0,1
132800.0,974300.0,17779.76,0,8.54,69.5,22.0,0.0,1
34600.0,249100.0,4545.76,2,0.91,91.1,21.3,5.0,1
64500.0,534800.0,9759.43,4,1.19,70.7,61.7,18.0,1
32800.0,270400.0,4934.46,1,10.4,69.9,43.7,5.0,1
75600.0,568100.0,10367.12,3,0.89,71.1,27.2,18.0,1
60600.0,595500.0,10867.13,3,8.74,67.5,42.0,5.0,1
50600.0,523300.0,9549.57,3,1.91,79.1,61.9,18.0,1
114500.0,933900.0,17042.51,6,0.46,92.0,27.3,0.0,1
98000.0,739000.0,13485.83,6,0.74,64.6,16.0,5.0,1
28100.0,202200.0,3689.9,5,0.8,50.8,53.5,18.0,1
59400.0,469100.0,8560.49,5,0.4,78.8,28.7,18.0,1
168600.0,1856700.0,33882.46,1,1.6,67.0,30.2,0.0,1
54200.0,403200.0,7357.9,4,0.73,67.8,14.7,5.0,1
187000.0,1423800.0,25982.58,4,1.04,86.3,16.4,18.0,1
129900.0,1046100.0,19090.02,2,0.36,84.4,29.6,0.0,1
66700.0,571200.0,10423.69,5,1.64,57.8,42.0,5.0,1
200900.0,1609800.0,29376.85,3,3.87,86.6,15.8,18.0,1
157000.0,1370400.0,25008.09,3,10.43,56.6,18.1,18.0,1
157300.0,1519400.0,27727.16,1,8.66,64.4,25.6,0.0,1
168700.0,1278300.0,23327.38,3,1.54,68.3,12.3,0.0,1
26700.0,270600.0,4938.11,4,4.93,65.3,31.8,5.0,1
185400.0,1790100.0,32667.1,1,8.99,68.3,26.8,0.0,1
81900.0,696200.0,12704.78,4,0.99,76.4,24.9,0.0,1
68600.0,719600.0,13131.8,2,1.68,74.9,42.1,18.0,1
210700.0,1528900.0,27900.52,3,0.98,60.7,23.1,18.0,1
57500.0,436500.0,7965.58,2,0.76,66.2,18.9,0.0,1
65200.0,673300.0,12286.89,6,1.44,95.2,54.2,5.0,1
132100.0,1265400.0,23091.97,1,0.9,76.9,36.0,18.0,1
130000.0,946600.0,17274.27,1,0.59,59.7,23.1,0.0,1
107800.0,1129300.0,20608.32,1,5.49,77.6,27.0,0.0,1
62500.0,480100.0,8761.23,2,9.39,67.8,46.2,5.0,1
67300.0,616900.0,11257.66,2,1.3,75.5,52.5,5.0,1
94100.0,793000.0,14471.26,3,6.94,90.7,23.9,18.0,1
26800.0,203800.0,3719.1,3,1.9,54.7,22.9,5.0,1
38300.0,303600.0,5540.32,4,2.87,59.8,11.9,5.0,1
115500.0,1002400.0,18292.55,8,0.27,45.5,13.2,5.0,0
66400.0,652900.0,11914.61,4,2.12,65.0,14.3,5.0,1
99600.0,899300.0,16411.11,4,2.87,87.2,31.4,0.0,1
39500.0,401600.0,7328.7,3,0.71,67.9,29.6,0.0,1
84700.0,723700.0,13206.62,6,2.25,57.0,20.4,5.0,1
59500.0,487300.0,8892.62,3,0.66,59.0,31.6,5.0,1
29500.0,293800.0,5361.48,3,1.78,83.5,42.9,18.0,1
75600.0,772100.0,14089.86,1,3.27,70.0,33.7,5.0,1
88400.0,642900.0,11732.12,2,0.83,82.6,19.1,5.0,1
32500.0,235100.0,4290.28,3,0.96,66.0,22.9,0.0,1
88900.0,666000.0,12153.67,3,1.71,80.1,17.6,5.0,1
32500.0,260100.0,4746.5,2,1.52,96.0,11.8,5.0,1
44600.0,353000.0,6441.81,0,9.08,67.0,25.5,0.0,1
114900.0,1094200.0,19967.79,2,3.7,70.6,38.3,18.0,1
25100.0,195000.0,3558.51,3,4.67,63.9,42.9,5.0,1
62500.0,480800.0,8774.0,5,0.92,53.6,17.2,5.0,1
43500.0,363300.0,6629.77,3,5.18,80.7,30.8,5.0,1
73600.0,681800.0,12442.0,3,2.11,60.3,34.7,5.0,1
43400.0,322700.0,5888.87,2,11.55,67.4,18.4,0.0,1
56500.0,435200.0,7941.86,3,16.53,53.2,21.7,0.0,1
82300.0,666100.0,12155.5,3,2.26,79.7,22.0,5.0,1
38400.0,276500.0,5045.78,3,6.24,81.0,25.6,0.0,1
75600.0,597900.0,10910.93,0,6.89,66.2,48.7,5.0,1
44500.0,361600.0,6598.75,7,0.59,64.8,18.0,5.0,1
79800.0,714300.0,13035.09,0,5.19,57.6,27.8,0.0,1
174100.0,1732400.0,31614.14,2,7.92,63.2,31.2,0.0,1
28200.0,215800.0,3938.08,2,0.55,96.0,27.0,18.0,1
126400.0,1140900.0,20820.0,2,0.63,82.4,30.2,0.0,1
63900.0,697300.0,12724.86,3,0.57,85.8,19.7,18.0,1
57400.0,441000.0,8047.7,0,7.91,75.6,30.2,5.0,1
52300.0,384900.0,7023.95,3,2.63,82.1,12.3,5.0,1
97100.0,944800.0,17241.42,3,0.96,87.9,9.8,5.0,1
78200.0,573100.0,10458.36,1,0.35,65.5,24.7,0.0,1
81700.0,609900.0,11129.92,0,8.75,80.7,23.3,0.0,1
72500.0,678700.0,12385.43,2,8.65,76.0,21.5,18.0,1
124400.0,905000.0,16515.12,3,5.11,69.2,27.0,0.0,1
213500.0,2114900.0,38594.29,2,4.58,70.6,20.3,18.0,1
62600.0,636000.0,11606.21,3,1.8,69.4,15.0,5.0,1
66000.0,714000.0,13029.61,2,7.65,81.6,13.0,0.0,1
151500.0,1455700.0,26564.71,2,3.88,72.0,20.2,18.0,1
85500.0,738800.0,13482.18,2,1.41,70.1,26.3,0.0,1
167700.0,1334900.0,24360.26,2,0.38,74.9,21.9,0.0,1
55900.0,485600.0,8861.6,8,0.24,69.0,27.6,18.0,0
46000.0,413500.0,7545.86,2,0.65,73.8,17.6,18.0,1
66200.0,658700.0,12020.45,1,4.56,66.5,40.6,5.0,1
40500.0,346900.0,6330.49,3,2.4,75.4,61.8,18.0,1
140200.0,1553900.0,28356.74,2,1.46,72.7,25.2,0.0,1
63900.0,482500.0,8805.02,5,0.61,82.4,24.1,5.0,1
60600.0,602600.0,10996.7,4,9.34,68.8,18.9,5.0,1
58400.0,473900.0,8648.08,6,5.42,79.8,13.0,5.0,1
93900.0,1035600.0,18898.41,0,7.77,75.0,27.1,0.0,1
41400.0,365100.0,6662.62,4,5.12,71.5,19.2,5.0,1
62800.0,459300.0,8381.65,3,0.43,58.2,40.6,5.0,1
141500.0,1404300.0,25626.73,3,1.58,59.1,20.3,18.0,1
78500.0,606500.0,11067.87,7,0.15,55.3,10.2,5.0,0
148600.0,1366200.0,24931.45,0,5.89,84.1,29.8,0.0,1
172800.0,1624700.0,29648.75,4,8.57,54.5,25.3,0.0,1
67400.0,640000.0,11679.2,1,1.09,87.6,28.5,0.0,1
172400.0,1437700.0,26236.23,1,1.54,96.0,22.9,0.0,1
79500.0,730700.0,13334.37,2,6.41,67.0,25.8,0.0,1
109200.0,1075300.0,19622.89,6,0.25,96.0,14.8,5.0,1
62200.0,599600.0,10941.95,5,0.52,62.3,13.1,5.0,1
64800.0,520500.0,9498.48,2,1.72,96.0,19.8,0.0,1
64300.0,607300.0,11082.47,2,1.57,62.2,46.6,18.0,1
129200.0,923300.0,16849.08,1,4.13,78.3,26.1,0.0,1
29300.0,314300.0,5735.58,1,0.58,74.0,21.5,18.0,1
39400.0,433100.0,7903.54,6,0.25,66.2,44.6,5.0,0
27900.0,200200.0,3653.4,2,0.85,93.7,22.2,18.0,1
65700.0,521700.0,9520.38,0,6.31,65.6,16.3,18.0,1
80500.0,763100.0,13925.62,4,1.83,72.7,20.3,18.0,1
66300.0,523300.0,9549.57,4,2.49,70.7,38.7,5.0,1
18100.0,184700.0,3370.55,4,0.83,80.2,11.8,5.0,1
102100.0,851200.0,15533.34,3,0.84,73.3,24.4,0.0,1
93200.0,892200.0,16281.54,1,4.42,74.9,15.3,5.0,1
24400.0,183900.0,3355.95,4,3.59,67.7,12.0,5.0,1
109800.0,1216000.0,22190.49,5,0.66,57.9,17.7,5.0,0
103700.0,869600.0,15869.12,2,2.06,73.3,21.5,0.0,1
115400.0,1184300.0,21612.0,4,5.7,40.6,19.2,18.0,1
222600.0,2269700.0,41419.2,2,1.76,63.8,15.4,18.0,1
173400.0,1726200.0,31501.0,3,3.53,82.6,36.4,0.0,1
175100.0,1477300.0,26958.89,1,1.58,72.0,25.8,0.0,1
127200.0,1388900.0,25345.7,5,0.4,56.8,33.4,18.0,1
93400.0,868900.0,15856.34,4,2.65,86.7,32.4,18.0,1
69500.0,753000.0,13741.31,5,0.37,91.1,29.3,5.0,1
37100.0,357900.0,6531.23,1,1.49,75.9,23.6,18.0,1
89200.0,744100.0,13578.9,3,0.38,73.4,27.9,0.0,1
80300.0,713800.0,13025.96,5,2.74,87.8,26.3,0.0,1
68500.0,537500.0,9808.71,1,2.8,61.9,21.0,0.0,1
89000.0,902000.0,16460.38,4,0.83,50.2,22.1,0.0,1
43200.0,327400.0,5974.64,3,0.71,84.9,49.6,5.0,1
78500.0,778500.0,14206.66,2,0.5,72.9,18.5,5.0,1
89400.0,832100.0,15184.79,3,0.55,89.6,16.4,5.0,1
79100.0,813400.0,14843.54,2,2.51,58.7,18.3,0.0,1
119900.0,908700.0,16582.64,8,0.31,72.4,17.7,5.0,1
75200.0,730600.0,13332.54,3,2.37,74.5,33.0,18.0,1
105000.0,865800.0,15799.77,3,1.67,56.5,20.6,0.0,1
168800.0,1280700.0,23371.18,1,5.19,67.1,16.3,18.0,1
147300.0,1395800.0,25471.61,3,4.04,57.8,24.1,18.0,1
78300.0,782000.0,14270.53,1,2.21,82.1,13.7,0.0,1
100800.0,916700.0,16728.63,1,1.55,93.0,19.2,0.0,1
36200.0,345100.0,6297.65,2,2.34,86.0,31.8,0.0,1
137700.0,1511100.0,27575.69,0,9.11,55.3,25.2,0.0,1
100200.0,880000.0,16058.9,3,0.53,86.2,15.4,5.0,1
57000.0,444700.0,8115.22,4,5.19,60.7,38.3,5.0,1
77200.0,648800.0,11839.79,1,1.68,48.9,20.2,18.0,1
113500.0,1000700.0,18261.53,8,0.67,74.5,21.9,5.0,1
27000.0,224400.0,4095.02,0,8.57,96.0,25.7,0.0,1
83300.0,640200.0,11682.85,5,0.2,89.0,12.9,5.0,1
143700.0,1165000.0,21259.8,5,0.17,60.1,28.9,0.0,0
149900.0,1573500.0,28714.42,0,8.02,52.1,21.3,0.0,1
17400.0,162300.0,2961.77,4,2.17,64.2,32.7,5.0,1
21200.0,197100.0,3596.83,4,2.88,64.4,42.0,5.0,1
83000.0,881400.0,16084.45,2,1.33,70.0,28.1,0.0,1
73200.0,571000.0,10420.04,1,0.4,69.3,34.1,5.0,1
157900.0,1274600.0,23259.86,3,0.85,55.1,21.6,0.0,1
146000.0,1556800.0,28409.66,1,4.16,68.6,26.1,0.0,1
169600.0,1553700.0,28353.09,1,3.64,46.7,26.2,0.0,1
34600.0,275200.0,5022.06,4,1.54,69.1,25.3,0.0,1
39000.0,368600.0,6726.49,1,2.51,63.2,49.0,18.0,1
125300.0,1043800.0,19048.05,4,1.44,78.0,22.3,18.0,1
115500.0,964600.0,17602.75,4,5.16,62.2,13.0,5.0,1
71500.0,512500.0,9352.49,4,0.48,71.4,31.5,5.0,1
142800.0,1146700.0,20925.85,1,1.71,76.3,33.0,0.0,1
31000.0,295500.0,5392.51,1,1.1,60.3,33.6,5.0,1
66600.0,578200.0,10551.43,0,7.69,54.5,23.4,0.0,1
26100.0,222000.0,4051.22,6,1.15,51.5,16.8,0.0,1
60100.0,618800.0,11292.33,1,1.08,72.6,30.4,0.0,1
37400.0,311000.0,5675.36,4,1.83,68.5,17.1,5.0,1
114500.0,1012800.0,18482.34,6,0.12,84.0,17.3,5.0,0
73000.0,722800.0,13190.2,5,0.45,78.6,16.1,5.0,1
139800.0,1119000.0,20420.36,2,6.54,82.3,29.3,0.0,1
136800.0,1232800.0,22497.06,3,0.59,66.6,25.2,18.0,1
89200.0,701600.0,12803.33,3,3.46,88.6,25.4,0.0,1
102300.0,774900.0,14140.96,4,5.25,90.9,22.2,18.0,1
172900.0,1876000.0,34234.66,2,1.83,50.5,24.2,0.0,1
27700.0,236300.0,4312.18,1,0.72,83.5,23.4,0.0,1
162600.0,1443200.0,26336.6,2,0.55,72.0,32.1,0.0,1
162100.0,1428800.0,26073.82,1,2.4,56.4,28.5,0.0,1
120000.0,912300.0,16648.34,4,0.44,72.1,25.2,18.0,1
56000.0,526300.0,9604.32,2,1.03,61.4,29.0,18.0,1
86900.0,651600.0,11890.89,4,2.28,54.3,15.4,5.0,1
181800.0,1945800.0,35508.43,1,9.27,67.2,24.9,0.0,1
82000.0,713700.0,13024.14,3,2.0,72.6,16.7,5.0,1
45200.0,349600.0,6379.76,3,1.31,82.8,43.9,5.0,1
71100.0,700000.0,12774.13,5,1.46,81.1,36.6,5.0,1
65500.0,682200.0,12449.3,4,0.41,70.0,19.0,0.0,1
49600.0,439900.0,8027.63,3,0.31,61.3,17.1,0.0,1
63100.0,694600.0,12675.59,2,0.3,56.3,66.7,18.0,1
147900.0,1201800.0,21931.35,1,3.59,68.8,24.2,0.0,1
126100.0,1347600.0,24592.02,1,0.93,83.8,15.5,0.0,1
111800.0,1082500.0,19754.28,5,1.0,80.4,15.0,5.0,1
54900.0,580800.0,10598.88,9,1.47,84.2,12.1,5.0,1
53600.0,474700.0,8662.68,5,1.52,53.8,45.6,5.0,1
170200.0,1806600.0,32968.2,4,5.51,69.7,12.4,18.0,1
62500.0,450600.0,8222.89,1,1.86,44.5,27.6,0.0,1
144600.0,1470300.0,26831.14,4,0.61,69.6,25.2,0.0,1
72500.0,719100.0,13122.68,2,0.74,64.9,23.2,0.0,1
119000.0,901200.0,16445.78,2,2.16,82.3,20.1,5.0,1
168200.0,1427000.0,26040.97,4,1.14,53.2,26.1,0.0,1
97600.0,864100.0,15768.75,5,0.46,73.4,35.3,18.0,1
194400.0,1932800.0,35271.19,1,1.28,76.0,21.8,0.0,1
98000.0,801800.0,14631.85,1,3.27,81.0,31.1,0.0,1
126500.0,1369200.0,24986.2,4,3.18,79.6,33.0,18.0,1
128000.0,996000.0,18175.76,1,5.72,62.5,15.2,18.0,1
24200.0,221400.0,4040.27,5,0.34,79.6,18.3,5.0,1
63800.0,477000.0,8704.66,4,3.19,69.6,23.6,18.0,1
103300.0,817200.0,14912.88,7,0.64,72.4,13.8,5.0,1
124100.0,1131700.0,20652.12,2,0.78,61.0,24.6,0.0,1
28600.0,288200.0,5259.29,0,6.72,62.2,49.2,5.0,1
87900.0,792100.0,14454.84,2,1.36,82.8,25.4,0.0,1
27400.0,197300.0,3600.48,6,0.95,59.4,15.2,5.0,1
23700.0,209300.0,3819.46,5,0.34,67.0,39.0,18.0,1
48700.0,359200.0,6554.95,3,0.73,74.9,19.6,5.0,1
156300.0,1233400.0,22508.01,2,6.08,58.7,30.8,0.0,1
43400.0,328400.0,5992.89,2,1.5,55.8,38.6,5.0,1
139500.0,1495500.0,27291.01,2,0.74,68.1,30.2,18.0,1
69000.0,655800.0,11967.53,0,4.52,51.9,46.1,5.0,1
120600.0,937200.0,17102.73,1,0.48,76.6,28.9,0.0,1
26400.0,214400.0,3912.53,1,0.51,67.8,41.7,5.0,1
147600.0,1180400.0,21540.83,1,1.54,81.9,31.7,0.0,1
152800.0,1238800.0,22606.56,3,3.69,59.8,22.0,0.0,1
54900.0,521300.0,9513.08,4,0.73,82.6,22.6,18.0,1
38600.0,400900.0,7315.93,4,11.74,72.2,20.0,5.0,1
32700.0,247100.0,4509.27,3,0.36,83.3,11.5,5.0,1
79400.0,646300.0,11794.17,3,0.97,80.7,13.4,5.0,1
42300.0,329000.0,6003.84,3,2.79,63.8,30.5,18.0,1
164000.0,1538800.0,28081.18,1,2.58,70.4,26.0,0.0,1
63100.0,631300.0,11520.44,5,1.03,67.0,46.1,5.0,1
237200.0,2556500.0,46652.94,4,1.87,63.1,15.5,18.0,0
86500.0,642600.0,11726.65,3,0.39,96.0,14.1,5.0,1
134300.0,1331700.0,24301.87,1,0.31,70.1,22.0,0.0,1
136200.0,1182500.0,21579.15,1,1.19,71.2,24.0,0.0,1
80000.0,709200.0,12942.02,4,0.48,70.1,23.4,0.0,1
172400.0,1255700.0,22914.96,3,7.16,77.1,32.2,0.0,1
90700.0,954400.0,17416.61,4,3.58,68.9,20.0,5.0,1
99900.0,765500.0,13969.42,2,5.03,64.6,19.3,18.0,1
243700.0,1828800.0,33373.32,1,0.74,65.7,15.6,18.0,1
137700.0,1352000.0,24672.32,3,4.3,92.7,16.4,18.0,1
121700.0,962500.0,17564.43,3,9.93,55.9,38.6,18.0,1
33400.0,324900.0,5929.02,1,1.19,66.0,23.7,0.0,1
28800.0,230100.0,4199.04,3,5.34,77.9,17.4,5.0,1
36300.0,301300.0,5498.35,5,1.26,74.1,34.1,0.0,1
110900.0,840100.0,15330.78,2,1.79,48.2,26.4,18.0,1
110900.0,1006600.0,18369.2,5,0.77,66.4,22.6,0.0,1
229500.0,2502300.0,45663.86,3,3.4,69.6,19.0,18.0,1
48800.0,364500.0,6651.67,4,1.0,82.8,35.4,5.0,1
83300.0,652400.0,11905.49,2,1.84,55.5,30.6,0.0,1
42900.0,438300.0,7998.43,1,5.87,78.8,23.8,0.0,1
25600.0,239800.0,4376.05,1,7.95,71.9,23.2,0.0,1
123300.0,923700.0,16856.37,5,1.17,66.1,28.0,18.0,1
56900.0,501100.0,9144.45,3,4.77,69.6,30.8,18.0,1
98600.0,988500.0,18038.89,4,7.57,86.5,18.5,5.0,1
43600.0,367700.0,6710.07,5,0.16,74.9,20.9,0.0,1
74500.0,734600.0,13405.54,5,0.36,71.2,16.2,5.0,0
38900.0,354300.0,6465.53,4,3.0,70.7,35.3,5.0,1
128100.0,1393300.0,25425.99,0,9.78,52.4,25.4,0.0,1
42500.0,326600.0,5960.04,2,2.03,70.3,13.1,0.0,1
83600.0,632800.0,11547.81,6,0.38,61.7,14.0,5.0,1
105800.0,835600.0,15248.66,0,8.51,63.6,26.2,0.0,1
25800.0,194300.0,3545.73,5,0.19,68.4,10.1,5.0,0
82400.0,728200.0,13288.74,2,3.43,51.0,27.1,0.0,1
223100.0,2201700.0,40178.28,2,1.08,78.0,12.5,18.0,1
157000.0,1226400.0,22380.27,1,9.49,80.5,22.3,0.0,1
74900.0,736900.0,13447.51,1,10.42,75.5,29.1,0.0,1
198700.0,1716500.0,31323.99,2,0.5,79.5,26.3,0.0,1
81300.0,877600.0,16015.11,8,0.77,69.6,25.9,5.0,1
197000.0,1647200.0,30059.35,2,1.99,68.2,21.0,18.0,1
57900.0,566500.0,10337.92,8,0.71,54.2,22.0,5.0,0
54800.0,478000.0,8722.9,5,1.07,54.5,18.3,5.0,1
45400.0,388600.0,7091.47,3,0.9,86.0,12.6,5.0,1
86700.0,886200.0,16172.05,2,2.42,58.6,27.6,0.0,1
60400.0,662400.0,12087.98,1,1.36,81.7,21.5,18.0,1
177100.0,1916000.0,34964.61,0,7.49,54.7,22.8,0.0,1
116300.0,1201800.0,21931.35,6,0.16,70.4,34.1,18.0,0
91100.0,769900.0,14049.72,0,7.81,73.0,24.3,0.0,1
129000.0,985600.0,17985.97,3,2.3,70.3,14.2,18.0,1
142300.0,1139000.0,20785.33,2,1.55,85.9,15.5,0.0,1
72900.0,583900.0,10655.45,2,2.49,48.9,35.5,5.0,1
88800.0,743400.0,13566.12,7,0.27,70.4,15.3,5.0,0
109000.0,934800.0,17058.94,3,1.51,50.8,16.5,5.0,1
70900.0,568600.0,10376.24,7,1.75,65.3,11.6,5.0,1
57900.0,499400.0,9113.43,5,0.16,79.8,68.0,18.0,1
81300.0,643400.0,11741.25,3,2.52,78.2,36.7,18.0,1
61700.0,443800.0,8098.8,4,5.29,53.4,18.3,5.0,1
154500.0,1299800.0,23719.73,4,0.68,61.9,32.2,0.0,1
42600.0,354300.0,6465.53,5,0.74,75.7,23.9,5.0,1
39600.0,298900.0,5454.55,3,3.6,61.3,18.2,5.0,1
60100.0,561000.0,10237.55,2,1.2,55.6,21.4,0.0,1
129100.0,1252900.0,22863.86,6,0.13,64.9,24.6,0.0,0
70700.0,569200.0,10387.19,3,1.77,70.8,20.9,0.0,1
21600.0,191900.0,3501.94,4,1.27,69.4,22.2,5.0,1
17600.0,170000.0,3102.29,2,0.41,81.7,12.3,5.0,1
111000.0,1010800.0,18445.84,3,0.55,67.8,34.4,18.0,1
147900.0,1425600.0,26015.42,2,1.25,76.7,23.3,18.0,1
149100.0,1646900.0,30053.87,2,2.76,60.8,25.7,0.0,1
73900.0,630200.0,11500.37,1,0.64,51.1,31.2,18.0,1
156300.0,1372900.0,25053.72,4,4.23,65.9,12.5,0.0,1
163900.0,1585600.0,28935.23,1,3.36,60.4,25.5,0.0,1
97200.0,958700.0,17495.08,1,1.43,71.3,18.9,5.0,1
51300.0,496000.0,9051.38,5,0.13,68.7,40.4,18.0,1
49400.0,517100.0,9436.43,4,7.18,85.2,53.5,18.0,1
145300.0,1610500.0,29389.62,1,4.29,71.0,35.5,18.0,1
32400.0,347200.0,6335.97,6,0.35,77.5,16.5,5.0,0
144800.0,1482200.0,27048.3,3,0.83,78.9,18.4,18.0,1
167500.0,1343600.0,24519.03,0,5.57,64.9,24.1,0.0,1
21100.0,224000.0,4087.72,7,1.78,78.5,20.3,5.0,1
167200.0,1405500.0,25648.62,4,5.69,77.1,20.2,18.0,1
102000.0,844400.0,15409.25,7,0.51,66.6,18.9,5.0,1
70800.0,533800.0,9741.19,3,0.42,87.6,15.7,5.0,1
107400.0,838000.0,15292.46,1,0.78,58.5,25.6,0.0,1
166200.0,1558200.0,28435.21,1,1.74,77.9,26.4,0.0,1
56400.0,437000.0,7974.71,2,0.45,82.4,38.0,5.0,1
39900.0,351700.0,6418.09,2,1.63,93.4,46.2,18.0,1
38100.0,287600.0,5248.34,4,5.03,50.6,16.7,5.0,1
47100.0,472700.0,8626.19,0,5.69,67.3,24.5,0.0,1
56500.0,543700.0,9921.85,3,1.84,76.5,23.5,0.0,1
67200.0,618000.0,11277.73,5,1.05,96.0,17.7,5.0,1
78400.0,660900.0,12060.6,1,6.06,62.4,41.6,18.0,1
22200.0,220000.0,4014.73,6,0.61,72.5,14.4,5.0,1
76800.0,769000.0,14033.29,0,4.6,54.0,17.1,18.0,1
45700.0,340800.0,6219.18,2,3.42,76.3,12.5,5.0,1
143900.0,1533300.0,27980.82,1,2.2,47.4,24.5,0.0,1
182700.0,1881600.0,34336.86,1,2.94,46.2,35.6,0.0,1
34600.0,307800.0,5616.97,1,4.31,82.3,11.4,5.0,1
36100.0,267000.0,4872.42,6,1.09,65.0,32.8,0.0,1
49500.0,402000.0,7336.0,4,2.43,58.5,28.3,5.0,1
119600.0,856200.0,15624.58,4,2.0,57.1,35.2,18.0,1
52300.0,575800.0,10507.63,3,0.92,69.2,28.0,0.0,1
50900.0,389900.0,7115.19,7,0.24,46.1,20.9,5.0,0
116600.0,1203500.0,21962.38,2,2.53,66.0,27.4,0.0,1
82900.0,889500.0,16232.27,3,8.13,58.6,28.4,18.0,1
75500.0,748400.0,13657.37,4,1.75,53.7,14.4,5.0,0
156300.0,1192800.0,21767.11,2,0.85,35.8,22.1,0.0,1
70600.0,734600.0,13405.54,4,8.16,83.1,16.4,5.0,1
26600.0,230500.0,4206.34,2,2.83,77.1,28.6,18.0,1
133800.0,973500.0,17765.16,1,0.58,90.0,28.8,0.0,1
51700.0,381000.0,6952.78,3,3.15,73.4,30.5,0.0,1
196900.0,1718100.0,31353.19,0,5.37,69.6,31.3,0.0,1
77700.0,614300.0,11210.21,3,0.97,55.2,37.1,5.0,1
40100.0,379900.0,6932.7,1,2.04,58.7,32.8,5.0,1
74900.0,750100.0,13688.39,6,0.45,67.1,56.0,5.0,1
18200.0,150900.0,2753.74,5,0.22,77.1,40.6,5.0,1
127600.0,989500.0,18057.14,5,0.43,63.1,19.3,0.0,1
85100.0,827600.0,15102.67,2,1.46,73.5,28.2,0.0,1
148800.0,1468600.0,26800.12,2,2.05,65.4,20.7,18.0,1
53900.0,408000.0,7445.49,0,5.0,58.5,29.4,0.0,1
63700.0,470800.0,8591.51,3,1.66,71.1,30.5,0.0,1
70600.0,613000.0,11186.49,3,0.6,68.3,62.9,18.0,1
52900.0,515700.0,9410.88,1,5.55,60.1,20.4,18.0,1
155800.0,1330400.0,24278.14,4,2.22,60.7,25.5,0.0,1
33100.0,280400.0,5116.95,3,0.53,71.1,21.9,5.0,1
141600.0,1028500.0,18768.84,1,1.73,73.5,27.0,0.0,1
41800.0,349800.0,6383.41,4,1.46,78.3,22.5,18.0,1
179100.0,1682700.0,30707.18,1,1.77,90.4,22.4,0.0,1
121400.0,1268500.0,23148.55,1,0.78,70.6,35.6,0.0,1
102600.0,830900.0,15162.89,5,0.18,77.0,24.6,0.0,1
15100.0,128300.0,2341.32,3,0.65,66.4,16.0,5.0,1
120400.0,870300.0,15881.89,1,1.28,68.7,19.6,0.0,1
83000.0,647300.0,11812.42,2,2.66,69.9,19.5,5.0,1
54700.0,569200.0,10387.19,1,0.5,57.2,24.2,0.0,1
65600.0,670200.0,12230.32,4,1.71,78.6,18.3,5.0,1
91900.0,670000.0,12226.67,2,0.79,67.2,16.5,18.0,1
17000.0,152900.0,2790.23,4,2.24,61.6,16.7,5.0,1
143900.0,1077500.0,19663.03,2,0.56,85.3,36.4,0.0,1
47000.0,505000.0,9215.62,4,0.68,58.1,18.9,5.0,0
51800.0,534000.0,9744.84,8,0.64,80.4,14.3,5.0,0
57900.0,414600.0,7565.93,1,1.18,70.4,31.6,0.0,1
164900.0,1270100.0,23177.74,3,2.19,60.3,22.7,0.0,1
43600.0,370800.0,6766.64,4,1.17,87.2,41.5,5.0,1
205200.0,1665000.0,30384.18,3,0.78,69.4,13.7,18.0,1
36500.0,358000.0,6533.05,1,0.33,81.6,19.1,5.0,1
60100.0,587400.0,10719.32,1,9.72,58.5,60.9,18.0,1
58900.0,536400.0,9788.63,7,0.36,70.0,28.1,18.0,1
34000.0,247400.0,4514.74,6,2.24,82.0,16.1,18.0,1
16600.0,142900.0,2607.75,1,0.7,78.5,46.3,5.0,1
150000.0,1209600.0,22073.69,1,1.01,68.0,20.8,0.0,1
179000.0,1601200.0,29219.91,1,1.5,56.2,22.9,0.0,1
100700.0,942300.0,17195.8,3,5.09,60.2,29.6,0.0,1
133800.0,1092300.0,19933.11,3,0.76,60.6,21.4,0.0,1
79800.0,783900.0,14305.2,5,0.35,71.6,26.9,0.0,1
85700.0,638400.0,11650.01,1,3.14,52.6,22.9,0.0,1
48400.0,402600.0,7346.95,1,2.54,70.0,47.4,5.0,1
43900.0,330800.0,6036.69,3,1.34,75.1,45.8,5.0,1
15400.0,128000.0,2335.84,6,0.68,67.6,16.1,5.0,1
50500.0,449000.0,8193.69,4,1.56,71.1,21.8,5.0,1
98200.0,858100.0,15659.26,8,0.48,84.2,25.8,18.0,0
30600.0,231200.0,4219.11,3,3.74,59.4,23.0,0.0,1
102700.0,1047800.0,19121.05,4,2.07,85.9,26.9,18.0,1
119100.0,983300.0,17944.0,1,4.94,96.0,14.7,0.0,1
210500.0,2218700.0,40488.51,1,0.72,69.6,15.4,18.0,1
52600.0,434500.0,7929.08,1,6.33,79.1,21.0,0.0,1
93600.0,830000.0,15146.47,2,1.68,54.4,32.7,0.0,1
37300.0,411400.0,7507.54,5,1.09,70.7,15.1,5.0,1
124900.0,1146200.0,20916.72,2,3.19,87.0,34.7,0.0,1
73900.0,532400.0,9715.64,4,1.88,62.1,48.4,5.0,1
87100.0,729300.0,13308.82,6,1.11,84.6,21.7,5.0,1
46600.0,516500.0,9425.48,1,0.51,50.6,45.7,5.0,1
70100.0,571900.0,10436.46,5,0.36,59.6,65.2,18.0,1
31300.0,253500.0,4626.06,1,0.31,88.4,30.0,0.0,1
224700.0,1805900.0,32955.43,2,0.59,41.8,16.3,18.0,1
100000.0,728000.0,13285.09,3,0.7,84.6,20.1,5.0,1
32400.0,239400.0,4368.75,2,5.35,57.5,21.1,0.0,1
50700.0,368000.0,6715.54,1,1.01,69.7,68.0,18.0,1
52100.0,431600.0,7876.16,1,0.38,78.1,25.2,0.0,1
119600.0,1008200.0,18398.39,0,6.41,72.5,19.2,0.0,1
101600.0,943500.0,17217.7,1,3.74,54.3,20.3,5.0,1
64700.0,711100.0,12976.69,5,1.63,67.1,16.9,5.0,1
22400.0,201900.0,3684.42,2,0.72,77.6,16.0,5.0,1
93900.0,846900.0,15454.87,2,1.57,90.8,40.8,18.0,1
89700.0,963000.0,17573.55,0,7.29,88.3,20.6,0.0,1
45600.0,327200.0,5970.99,5,1.25,57.7,30.0,0.0,1
48000.0,421300.0,7688.2,8,0.23,95.9,27.9,18.0,0
183600.0,1652800.0,30161.54,2,0.54,84.4,23.2,0.0,1
112700.0,1020900.0,18630.15,4,1.38,75.4,18.2,5.0,1
154300.0,1581000.0,28851.28,1,1.42,53.2,25.5,0.0,1
95900.0,928700.0,16947.62,7,0.56,72.1,24.1,5.0,0
125700.0,1310900.0,23922.29,3,0.52,57.8,27.2,0.0,1
47600.0,359300.0,6556.78,3,0.85,80.7,16.6,5.0,1
45000.0,483200.0,8817.8,2,2.89,61.3,68.0,18.0,1
59100.0,433300.0,7907.19,1,9.16,69.4,20.4,5.0,1
64900.0,701100.0,12794.2,5,0.42,73.9,34.9,5.0,1
132000.0,1029800.0,18792.57,2,1.2,78.9,35.7,18.0,1
84300.0,629300.0,11483.94,3,0.68,69.1,21.8,5.0,1
48300.0,378100.0,6899.85,3,3.43,58.6,25.1,18.0,1
68300.0,605300.0,11045.97,7,1.2,94.9,17.9,5.0,1
127300.0,980800.0,17898.38,0,9.0,68.7,23.5,0.0,1
83300.0,873700.0,15943.94,9,0.26,82.7,16.4,5.0,0
25000.0,270500.0,4936.29,2,5.88,61.1,52.4,5.0,1
106600.0,988100.0,18031.59,4,6.16,67.1,21.8,18.0,1
207100.0,1511100.0,27575.69,2,0.96,67.4,15.3,18.0,1
21500.0,216500.0,3950.86,9,0.14,54.5,16.9,5.0,0
111200.0,840600.0,15339.9,4,4.48,69.4,13.8,5.0,1
51100.0,426600.0,7784.92,1,4.47,78.2,25.8,0.0,1
128100.0,1193300.0,21776.24,2,2.7,65.5,28.2,18.0,1
68600.0,555900.0,10144.48,0,9.61,84.3,32.1,0.0,1
76100.0,841000.0,15347.2,2,4.2,67.9,22.4,18.0,1
16400.0,119200.0,2175.25,3,2.02,77.6,20.1,5.0,1
53300.0,475500.0,8677.28,2,4.64,60.9,44.8,5.0,1
206100.0,1739300.0,31740.06,4,3.68,64.8,16.1,18.0,1
93300.0,842900.0,15381.88,5,1.04,53.9,35.5,18.0,1
105900.0,794400.0,14496.81,3,1.75,75.2,31.1,18.0,1
196700.0,1466500.0,26761.8,2,3.29,62.4,25.1,0.0,1
64400.0,500100.0,9126.2,3,1.07,67.0,24.5,18.0,1
83200.0,596400.0,10883.56,1,1.71,55.7,21.0,0.0,1
41500.0,320200.0,5843.25,3,3.02,66.3,15.3,5.0,1
92700.0,812300.0,14823.46,1,2.65,75.9,29.3,0.0,1
179900.0,1789900.0,32663.45,1,3.88,73.9,29.6,0.0,1
53900.0,538700.0,9830.6,7,0.71,73.2,14.7,5.0,1
18600.0,201700.0,3680.77,2,0.66,78.9,32.9,5.0,1
97000.0,827900.0,15108.14,2,1.17,80.9,16.1,5.0,1
31900.0,322400.0,5883.4,4,2.45,60.0,19.9,5.0,1
58100.0,533400.0,9733.89,3,3.3,71.1,36.1,5.0,1
63400.0,661600.0,12073.38,4,5.1,70.4,50.4,5.0,1
34100.0,285800.0,5215.49,3,1.88,59.8,27.9,0.0,1
119600.0,1041500.0,19006.08,1,0.71,67.9,22.4,0.0,1
40100.0,341400.0,6230.12,7,1.58,78.5,13.7,5.0,1
234600.0,1911500.0,34882.49,1,1.23,73.1,17.5,18.0,1
54600.0,527300.0,9622.57,4,1.46,60.7,43.7,5.0,1
14900.0,106700.0,1947.14,6,0.31,65.5,43.0,5.0,1
63300.0,573800.0,10471.14,3,0.46,85.0,17.8,5.0,1
63200.0,614500.0,11213.86,2,7.12,85.9,20.4,5.0,1
29900.0,276300.0,5042.13,5,0.19,72.9,68.0,18.0,1
21300.0,152300.0,2779.29,1,2.4,76.0,18.7,5.0,1
132900.0,1048500.0,19133.82,1,0.45,77.2,38.3,18.0,1
36000.0,296500.0,5410.76,7,1.82,67.4,16.4,5.0,1
77700.0,846600.0,15449.4,1,2.73,66.9,17.6,18.0,1
50600.0,387000.0,7062.27,0,4.62,60.0,20.9,0.0,1
15200.0,140600.0,2565.77,7,2.88,55.4,13.7,5.0,1
156400.0,1600500.0,29207.13,1,1.3,64.2,19.9,18.0,1
77200.0,677400.0,12361.71,5,0.5,93.1,17.7,5.0,1
87200.0,849500.0,15502.32,0,8.9,75.4,22.3,0.0,1
122400.0,1033900.0,18867.39,2,3.16,68.4,15.7,18.0,1
86600.0,919700.0,16783.38,2,0.76,63.4,21.2,18.0,1
168000.0,1672400.0,30519.22,5,0.94,54.9,15.6,0.0,1
23400.0,246500.0,4498.32,6,0.99,61.2,17.8,5.0,1
36300.0,363200.0,6627.95,8,0.41,62.4,48.1,18.0,0
55700.0,545400.0,9952.87,3,0.93,90.6,44.2,18.0,1
21400.0,175200.0,3197.18,1,0.76,85.6,41.1,5.0,1
94100.0,777000.0,14179.28,4,1.8,74.7,17.5,18.0,1
177800.0,1551100.0,28305.64,2,2.95,83.6,32.0,0.0,1
137000.0,1411500.0,25758.12,4,1.29,89.5,28.1,0.0,1
176600.0,1261500.0,23020.8,1,1.49,61.7,24.7,0.0,1
41900.0,312000.0,5693.61,4,0.44,58.6,9.8,5.0,1
125500.0,1275700.0,23279.94,6,0.22,65.1,35.2,18.0,0
90400.0,982400.0,17927.58,1,0.39,80.2,25.9,0.0,1
121400.0,1057000.0,19288.93,0,4.68,78.8,19.4,0.0,1
65000.0,474100.0,8651.73,0,7.69,76.6,21.2,0.0,1
101400.0,1094600.0,19975.09,4,2.08,68.9,24.3,0.0,1
25700.0,235700.0,4301.23,5,0.41,58.1,19.5,0.0,1
94400.0,880300.0,16064.38,4,1.31,79.7,13.4,5.0,1
195300.0,1796300.0,32780.24,2,0.34,66.8,23.3,0.0,1
161000.0,1671300.0,30499.14,0,9.16,67.3,21.7,18.0,1
56300.0,422500.0,7710.1,3,1.12,60.4,39.1,5.0,1
19500.0,203300.0,3709.97,2,1.64,58.4,13.7,5.0,1
71900.0,515400.0,9405.41,0,8.17,67.8,37.0,5.0,1
66600.0,721100.0,13159.18,2,4.5,70.8,49.8,18.0,1
36700.0,360400.0,6576.85,4,4.19,91.9,19.0,5.0,1
187100.0,1736400.0,31687.14,2,3.75,65.1,14.8,18.0,1
63500.0,531500.0,9699.21,9,1.02,79.0,14.9,5.0,0
94300.0,977800.0,17843.63,2,2.27,84.4,33.1,0.0,1
60100.0,562000.0,10255.8,3,4.87,69.6,22.5,18.0,1
109500.0,1098300.0,20042.61,5,0.28,64.8,25.8,0.0,0
167800.0,1291000.0,23559.14,2,0.9,62.4,13.7,18.0,1
39600.0,337000.0,6149.83,3,0.42,59.7,49.9,5.0,1
63100.0,679300.0,12396.38,1,0.44,59.9,54.1,18.0,1
79600.0,607200.0,11080.64,3,1.37,57.2,30.7,0.0,1
156100.0,1161300.0,21192.28,0,6.68,71.6,33.2,0.0,1
32400.0,333800.0,6091.43,5,1.68,85.2,16.1,5.0,1
117900.0,1218300.0,22232.46,1,2.68,69.7,32.2,18.0,1
81200.0,674500.0,12308.79,1,0.51,69.2,28.0,18.0,1
18100.0,139900.0,2553.0,2,0.34,88.8,14.3,5.0,1
71100.0,574800.0,10489.38,3,1.17,75.8,29.5,0.0,1
56100.0,457400.0,8346.98,6,0.11,86.4,16.4,5.0,0
150800.0,1590300.0,29020.99,0,7.17,79.1,18.9,0.0,1
110700.0,1114000.0,20329.11,0,8.46,91.5,35.8,18.0,1
59600.0,501500.0,9151.75,1,3.98,56.7,26.2,0.0,1
32800.0,286400.0,5226.44,2,3.01,94.9,27.6,0.0,1
38400.0,281500.0,5137.02,0,5.65,78.0,28.0,0.0,1
56000.0,545900.0,9962.0,1,4.37,50.7,49.4,5.0,1
94400.0,1009800.0,18427.59,4,4.75,58.0,14.2,5.0,1
105600.0,884400.0,16139.2,5,0.93,78.7,12.2,5.0,1
145100.0,1052700.0,19210.46,1,2.09,61.6,25.7,18.0,1
65400.0,593100.0,10823.34,6,0.34,49.8,11.4,5.0,0
23200.0,189200.0,3452.66,7,0.11,62.7,15.9,5.0,0
49400.0,416900.0,7607.91,3,4.99,79.1,16.9,5.0,1
33200.0,283300.0,5169.87,5,1.34,70.2,16.8,5.0,1
148000.0,1062400.0,19387.48,0,5.16,80.0,25.0,0.0,1
79400.0,608100.0,11097.07,3,2.14,66.2,46.4,5.0,1
46800.0,388600.0,7091.47,2,2.1,71.4,24.1,18.0,1
62600.0,541400.0,9879.88,2,0.69,58.3,30.0,0.0,1
39900.0,369900.0,6750.21,3,1.13,70.1,28.4,0.0,1
44300.0,421800.0,7697.32,3,1.0,61.8,52.8,5.0,1
66400.0,591300.0,10790.49,2,3.12,96.0,21.9,18.0,1
79700.0,574400.0,10482.08,3,3.45,75.9,15.9,5.0,1
69400.0,730700.0,13334.37,4,6.98,83.1,15.9,5.0,1
37100.0,276300.0,5042.13,1,0.55,60.4,68.0,18.0,1
141000.0,1180500.0,21542.66,3,0.64,79.4,25.5,0.0,1
145900.0,1195400.0,21814.56,1,2.33,66.6,29.0,0.0,1
51700.0,414300.0,7560.46,3,1.53,66.4,26.6,0.0,1
129900.0,1174200.0,21427.69,3,3.52,73.5,19.7,18.0,1
55200.0,540100.0,9856.15,0,6.54,62.6,67.2,18.0,1
77900.0,625300.0,11410.95,0,5.63,59.3,33.8,0.0,1
65200.0,619200.0,11299.63,2,0.78,63.7,31.6,5.0,1
83300.0,712100.0,12994.94,4,0.82,82.9,14.6,5.0,1
89600.0,644500.0,11761.32,4,0.81,51.3,22.0,0.0,1
157900.0,1600200.0,29201.66,2,0.58,91.3,16.2,18.0,1
95000.0,989900.0,18064.44,3,1.4,53.7,17.7,5.0,1
74600.0,617800.0,11274.08,7,0.94,46.1,20.8,5.0,1
98100.0,755300.0,13783.28,1,4.62,76.5,17.3,5.0,1
137900.0,1347200.0,24584.72,1,0.76,63.9,29.9,0.0,1
222600.0,1942700.0,35451.86,2,5.92,82.7,21.6,18.0,1
25700.0,281000.0,5127.9,3,0.91,67.5,52.6,5.0,1
52400.0,532800.0,9722.94,1,0.78,69.5,35.9,18.0,1
77700.0,622900.0,11367.15,1,3.4,78.7,46.8,5.0,1
76000.0,673100.0,12283.24,2,2.12,80.6,21.0,0.0,1
70300.0,764500.0,13951.17,6,0.67,78.3,41.8,18.0,1
91300.0,791000.0,14434.77,5,1.36,82.9,14.1,5.0,1
27500.0,197300.0,3600.48,5,0.75,74.1,28.1,18.0,1
122400.0,1074600.0,19610.11,1,3.76,55.7,27.0,0.0,1
103200.0,809100.0,14765.07,3,2.05,82.7,17.9,0.0,1
29500.0,255700.0,4666.21,1,0.73,87.3,40.2,5.0,1
105900.0,904500.0,16506.0,2,2.53,68.9,22.3,0.0,1
56200.0,495900.0,9049.56,0,5.74,75.3,20.1,0.0,1
38000.0,272500.0,4972.79,0,6.8,76.8,24.1,0.0,1
92900.0,977400.0,17836.33,4,1.83,75.1,23.4,0.0,1
55500.0,596000.0,10876.26,2,3.69,65.1,50.7,18.0,1
108000.0,1040800.0,18993.3,1,3.42,66.7,22.3,0.0,1
227500.0,2169000.0,39581.55,1,2.42,81.6,15.9,18.0,1
165900.0,1241900.0,22663.13,1,1.31,60.8,34.4,0.0,1
131200.0,1299000.0,23705.13,3,1.52,90.8,24.6,0.0,1
130100.0,1008200.0,18398.39,1,3.05,59.4,27.7,0.0,1
55600.0,518000.0,9452.86,1,0.49,66.9,34.6,0.0,1
57900.0,580300.0,10589.75,1,4.0,83.5,16.0,0.0,1
115600.0,1165400.0,21267.1,9,1.1,83.9,12.0,5.0,0
129900.0,1365500.0,24918.67,0,5.82,68.2,21.8,0.0,1
95800.0,722900.0,13192.02,8,0.3,80.1,21.6,5.0,0
151300.0,1356200.0,24748.96,1,0.97,73.0,25.8,0.0,1
140700.0,1537600.0,28059.29,7,0.21,77.4,31.1,0.0,0
153700.0,1415800.0,25836.59,3,6.12,96.0,30.8,18.0,1
86100.0,750900.0,13702.99,0,8.0,63.4,24.0,0.0,1
150000.0,1266700.0,23115.7,1,7.11,68.5,16.5,0.0,1
15300.0,146400.0,2671.62,4,0.72,72.0,36.5,5.0,1
176800.0,1900100.0,34674.46,1,1.64,61.6,27.9,0.0,1
75200.0,768700.0,14027.82,1,0.62,96.0,32.4,0.0,1
175200.0,1541700.0,28134.11,0,7.68,52.4,24.6,0.0,1
232500.0,2087300.0,38090.63,1,0.47,76.9,21.0,18.0,1
84900.0,940700.0,17166.6,1,1.62,56.1,16.9,5.0,1
65300.0,473600.0,8642.61,5,2.22,55.6,15.0,5.0,1
12100.0,120900.0,2206.27,5,0.26,72.3,46.8,5.0,1
123500.0,960200.0,17522.45,2,2.06,82.8,26.0,0.0,1
46200.0,502100.0,9162.7,2,0.48,75.4,26.7,0.0,1
15200.0,115600.0,2109.56,5,1.01,57.1,58.4,18.0,1
110800.0,836200.0,15259.61,3,3.13,65.1,18.5,5.0,1
119600.0,1248500.0,22783.57,3,2.55,53.3,30.1,0.0,1
182300.0,1346300.0,24568.3,1,1.23,60.4,20.2,0.0,1
132900.0,1062500.0,19389.3,2,4.26,95.8,32.4,0.0,1
121100.0,1270900.0,23192.34,3,2.12,43.0,20.1,18.0,1
65700.0,487000.0,8887.14,2,4.14,83.9,24.7,0.0,1
77900.0,672700.0,12275.94,2,2.85,83.4,18.0,5.0,1
107600.0,1062100.0,19382.0,3,0.42,82.5,27.3,0.0,1
48800.0,454700.0,8297.71,4,2.24,65.4,29.2,0.0,1
45100.0,395300.0,7213.73,3,4.29,84.7,15.3,5.0,1
135200.0,1261400.0,23018.98,3,0.78,38.4,27.0,0.0,1
145000.0,1247800.0,22770.8,0,9.57,58.8,31.0,18.0,1
78300.0,562300.0,10261.27,3,1.19,75.1,29.2,5.0,1
66600.0,650000.0,11861.69,2,2.37,84.9,45.5,5.0,1
60100.0,501400.0,9149.93,0,5.28,66.9,29.7,18.0,1
17400.0,191200.0,3489.16,3,2.79,73.4,34.5,5.0,1
121700.0,880400.0,16066.2,0,5.77,67.0,29.9,18.0,1
79200.0,717200.0,13088.01,2,7.93,80.9,17.9,5.0,1
25700.0,187200.0,3416.17,4,1.19,65.1,20.8,18.0,1
105800.0,908200.0,16573.52,1,0.58,69.4,20.9,0.0,1
19200.0,190100.0,3469.09,3,9.5,60.3,23.8,5.0,1
109400.0,916600.0,16726.81,4,1.06,61.8,17.3,5.0,1
40300.0,369300.0,6739.27,5,0.19,87.9,43.3,5.0,1
99600.0,894500.0,16323.51,1,1.79,67.7,25.7,0.0,1
46700.0,476400.0,8693.71,1,5.3,63.8,40.9,0.0,1
159400.0,1213000.0,22135.74,0,8.38,72.9,18.3,0.0,1
113800.0,869200.0,15861.82,4,1.55,71.3,15.9,5.0,1
51300.0,484800.0,8847.0,2,0.96,59.2,46.2,5.0,1
64600.0,650500.0,11870.82,13,0.31,59.7,20.9,5.0,0
66500.0,617300.0,11264.96,4,3.13,81.4,25.7,0.0,1
71200.0,767900.0,14013.22,5,1.1,65.1,47.9,5.0,1
23400.0,196100.0,3578.58,1,3.34,81.5,41.6,5.0,1
33000.0,242600.0,4427.15,4,1.65,70.0,13.1,5.0,1
102900.0,880800.0,16073.5,3,1.54,64.2,17.7,5.0,1
172700.0,1743200.0,31811.23,3,5.49,86.5,18.0,0.0,1
47100.0,491400.0,8967.44,0,4.56,64.9,23.5,0.0,1
73300.0,768400.0,14022.34,7,0.63,82.9,17.4,5.0,0
21600.0,215400.0,3930.78,5,0.18,58.8,16.3,5.0,0
18200.0,139500.0,2545.7,2,2.08,73.1,46.2,5.0,1
114900.0,1195300.0,21812.74,3,2.7,53.3,16.3,5.0,1
64300.0,633200.0,11555.11,1,1.54,65.2,26.6,0.0,1
139900.0,1208700.0,22057.27,1,3.68,56.5,34.8,0.0,1
39400.0,338600.0,6179.03,2,1.25,63.0,30.7,18.0,1
67700.0,627200.0,11445.62,4,0.5,70.1,26.6,0.0,1
173800.0,1339200.0,24438.73,1,0.86,86.9,36.7,0.0,1
52200.0,383400.0,6996.57,0,6.63,78.2,21.0,0.0,1
173300.0,1445100.0,26371.28,2,7.4,77.1,23.6,0.0,1
52600.0,398500.0,7272.13,2,0.59,61.4,11.0,18.0,1
80600.0,700800.0,12788.73,4,0.5,70.3,21.5,5.0,1
66400.0,701200.0,12796.03,3,1.38,81.4,27.8,0.0,1
105300.0,1075700.0,19630.19,4,6.89,58.7,17.1,5.0,1
72100.0,717100.0,13086.18,5,1.84,38.7,18.9,18.0,1
36900.0,263900.0,4815.85,3,1.16,38.2,19.2,5.0,1
86300.0,839900.0,15327.13,3,3.19,55.3,17.5,5.0,1
60400.0,516200.0,9420.01,0,5.47,81.1,32.2,0.0,1
15100.0,123200.0,2248.25,0,9.3,79.1,48.8,5.0,1
104300.0,1067600.0,19482.37,4,6.66,80.1,23.4,0.0,1
37700.0,318000.0,5803.1,2,2.2,68.0,37.1,5.0,1
104400.0,791800.0,14449.36,3,2.07,66.1,30.3,0.0,1
28700.0,259700.0,4739.2,5,0.18,52.4,38.4,5.0,1
61300.0,561300.0,10243.03,5,1.17,68.6,8.1,5.0,1
158100.0,1527000.0,27865.85,4,3.15,61.3,32.6,0.0,1
57100.0,508700.0,9283.14,3,1.8,79.6,39.9,5.0,1
33600.0,296200.0,5405.28,6,1.41,70.5,17.4,5.0,1
177600.0,1728900.0,31550.27,2,1.11,56.2,24.4,0.0,1
84200.0,898400.0,16394.68,1,4.7,80.5,25.0,0.0,1
50400.0,519300.0,9476.58,2,1.87,68.0,13.5,18.0,1
147000.0,1441200.0,26300.11,3,5.14,47.5,8.0,0.0,1
26200.0,249400.0,4551.24,3,3.39,72.6,50.0,5.0,1
33900.0,273000.0,4981.91,5,0.53,54.3,56.3,18.0,1
62100.0,509300.0,9294.09,3,0.45,65.8,46.6,5.0,1
21200.0,231000.0,4215.46,3,0.75,63.6,14.2,5.0,1
12100.0,94100.0,1717.21,2,2.26,66.9,52.7,18.0,1
127500.0,1070300.0,19531.64,0,8.42,61.9,26.7,0.0,1
110200.0,1155700.0,21090.09,0,4.63,65.5,35.6,0.0,1
167600.0,1581600.0,28862.23,0,8.76,77.7,36.6,0.0,1
115400.0,954800.0,17423.91,1,7.07,80.6,36.0,0.0,1
44200.0,377000.0,6879.78,0,8.91,74.7,26.6,0.0,1
29600.0,223600.0,4080.42,3,1.15,82.4,20.8,0.0,1
64400.0,540500.0,9863.45,4,2.44,64.5,56.6,5.0,1
143500.0,1370000.0,25000.79,0,8.88,81.6,23.8,0.0,1
102200.0,898700.0,16400.16,2,2.98,77.5,14.7,18.0,1
121100.0,1090600.0,19902.09,0,7.28,86.9,24.2,0.0,1
74200.0,584800.0,10671.87,4,2.13,79.8,21.3,5.0,1
25800.0,195000.0,3558.51,1,5.14,85.5,31.8,5.0,1
29900.0,241300.0,4403.42,5,0.84,80.6,23.6,5.0,1
69600.0,546300.0,9969.29,1,1.11,80.4,30.3,0.0,1
84000.0,814500.0,14863.61,3,3.28,53.4,22.8,5.0,1
93600.0,681400.0,12434.7,2,3.81,69.4,21.6,0.0,1
119200.0,1303500.0,23787.25,4,4.03,67.1,23.9,0.0,1
151900.0,1451700.0,26491.72,0,6.49,52.3,25.4,0.0,1
27300.0,242300.0,4421.67,5,1.88,74.1,10.9,5.0,1
65500.0,637100.0,11626.28,4,3.24,74.4,16.9,5.0,1
192400.0,1441500.0,26305.58,2,1.47,57.6,33.7,0.0,1
145900.0,1280700.0,23371.18,2,0.87,67.8,25.8,18.0,1
31000.0,264700.0,4830.45,0,5.83,42.8,23.8,0.0,1
162200.0,1481300.0,27031.88,2,4.96,58.9,17.4,0.0,1
59400.0,491600.0,8971.09,5,1.12,71.7,53.8,18.0,1
126100.0,1013700.0,18498.76,1,4.6,53.2,27.8,0.0,1
111700.0,825700.0,15068.0,2,2.05,58.5,11.8,5.0,1
175300.0,1917200.0,34986.51,4,2.76,92.8,25.9,0.0,1
48800.0,526200.0,9602.49,2,1.64,95.1,45.1,5.0,1
173700.0,1477000.0,26953.41,1,0.55,51.1,32.4,0.0,1
79700.0,722700.0,13188.38,4,0.61,80.3,24.5,0.0,1
48900.0,426900.0,7790.39,0,7.08,47.4,49.7,5.0,1
81100.0,630200.0,11500.37,6,1.61,74.4,14.0,5.0,1
73100.0,749300.0,13673.79,1,0.33,57.9,32.9,18.0,1
143100.0,1039700.0,18973.23,0,5.65,58.4,33.1,0.0,1
24700.0,221600.0,4043.92,2,4.72,52.4,42.2,5.0,1
28600.0,306300.0,5589.59,3,0.51,75.2,24.9,0.0,1
69800.0,763500.0,13932.92,5,1.14,66.5,45.1,5.0,1
15700.0,140400.0,2562.13,2,1.63,75.6,19.8,5.0,1
51100.0,372100.0,6790.36,6,0.52,66.1,34.3,5.0,1
49900.0,510700.0,9319.64,1,5.74,66.0,15.7,5.0,1
50300.0,385500.0,7034.89,6,1.55,52.3,14.3,5.0,1
110900.0,1122500.0,20484.23,4,5.71,66.4,18.4,5.0,1
36500.0,290500.0,5301.26,2,2.11,68.8,32.7,5.0,1
135100.0,1137200.0,20752.48,2,2.17,78.6,22.4,0.0,1
38100.0,335800.0,6127.93,1,0.71,77.4,25.5,0.0,1
19700.0,159600.0,2912.5,0,9.71,77.0,66.7,5.0,1
141900.0,1537500.0,28057.46,1,0.66,50.2,24.5,0.0,1
109300.0,802900.0,14651.93,4,2.3,56.4,26.9,18.0,1
87500.0,757600.0,13825.26,0,5.06,65.9,30.3,0.0,1
58000.0,533600.0,9737.54,4,6.59,57.3,14.5,5.0,1
172700.0,1588600.0,28989.97,5,0.69,75.4,20.9,0.0,1
62900.0,486400.0,8876.19,1,3.11,70.3,19.6,18.0,1
173200.0,1599800.0,29194.36,2,0.38,47.6,24.5,0.0,1
28600.0,263800.0,4814.02,2,0.54,68.8,60.0,18.0,1
54600.0,422200.0,7704.62,3,7.72,84.6,61.3,18.0,1
40900.0,337600.0,6160.78,1,1.4,76.9,22.4,0.0,1
189100.0,1929000.0,35201.85,1,0.77,81.2,15.3,18.0,1
96200.0,773300.0,14111.76,1,5.02,83.8,22.4,0.0,1
24000.0,176400.0,3219.08,4,3.12,57.4,32.1,18.0,1
134300.0,1480600.0,27019.11,1,3.4,54.0,21.5,0.0,1
122000.0,992700.0,18115.54,2,7.9,85.6,29.7,0.0,1
134900.0,1151200.0,21007.97,3,0.45,79.7,33.0,0.0,1
98500.0,750700.0,13699.34,0,4.69,75.4,25.8,0.0,1
126900.0,1361400.0,24843.85,2,2.79,64.6,21.3,0.0,1
54700.0,407900.0,7443.67,2,1.82,79.7,18.4,0.0,1
50000.0,378800.0,6912.63,3,1.08,57.3,18.1,5.0,1
110400.0,1035600.0,18898.41,3,2.54,61.8,22.6,0.0,1
36200.0,376700.0,6874.31,3,1.56,96.0,19.3,5.0,1
141300.0,1356700.0,24758.09,3,6.41,58.9,22.3,0.0,1
152600.0,1513200.0,27614.02,0,9.67,68.9,29.7,0.0,1
62900.0,566600.0,10339.74,3,1.59,64.3,41.9,5.0,1
73400.0,785300.0,14330.75,9,2.9,64.1,16.3,5.0,1
169200.0,1489600.0,27183.35,0,5.27,53.4,18.3,18.0,1
41400.0,389600.0,7109.71,1,1.48,73.3,31.8,18.0,1
88700.0,904900.0,16513.3,1,3.1,81.8,24.3,0.0,1
20900.0,155200.0,2832.21,1,0.72,73.9,52.0,5.0,1
63600.0,497300.0,9075.11,4,0.59,82.7,17.5,5.0,1
16100.0,144000.0,2627.82,1,1.26,45.7,16.8,5.0,1
74400.0,567600.0,10357.99,1,2.01,81.3,19.0,5.0,1
96800.0,789700.0,14411.04,0,5.3,78.4,28.1,0.0,1
103800.0,886200.0,16172.05,2,5.36,86.7,15.3,5.0,1
19600.0,148900.0,2717.24,5,0.14,83.9,17.1,5.0,1
35400.0,296300.0,5407.11,6,0.67,73.6,19.3,18.0,1
41700.0,331400.0,6047.64,4,1.84,79.8,36.2,5.0,1
183300.0,1374500.0,25082.91,1,3.74,69.9,17.0,0.0,1
52800.0,521600.0,9518.55,2,1.63,79.1,35.9,18.0,1
33700.0,251400.0,4587.74,2,9.36,73.8,16.3,5.0,1
140100.0,1207500.0,22035.37,1,0.96,70.3,22.0,0.0,1
48300.0,357400.0,6522.1,1,0.46,69.1,24.0,18.0,1
130800.0,1335000.0,24362.09,1,2.86,57.5,23.5,18.0,1
15800.0,124100.0,2264.67,7,0.46,62.7,12.5,5.0,1
20200.0,176900.0,3228.2,4,4.25,83.8,50.7,5.0,1
158600.0,1366800.0,24942.4,4,6.2,71.8,16.7,0.0,1
111300.0,967500.0,17655.67,4,1.16,57.0,16.6,5.0,1
243600.0,1779900.0,32480.96,3,1.58,62.7,22.9,18.0,1
52800.0,404000.0,7372.5,7,0.6,64.0,15.8,5.0,1
82200.0,666600.0,12164.62,4,2.65,83.5,12.9,5.0,1
156800.0,1238700.0,22604.73,1,1.1,86.8,26.2,0.0,1
171000.0,1678800.0,30636.01,0,4.5,74.0,16.2,18.0,1
85000.0,871700.0,15907.44,1,0.97,66.3,10.0,5.0,1
140500.0,1108100.0,20221.45,2,1.59,74.9,28.7,0.0,1
55800.0,511000.0,9325.11,3,6.75,63.1,43.6,18.0,1
169100.0,1331800.0,24303.69,0,8.15,64.6,25.7,0.0,1
196200.0,1757800.0,32077.66,1,6.33,47.1,31.7,0.0,1
16000.0,162900.0,2972.72,4,5.44,58.9,53.5,5.0,1
50600.0,449600.0,8204.64,0,6.57,79.5,29.3,0.0,1
54600.0,582600.0,10631.72,9,0.61,60.8,16.5,5.0,0
107100.0,1103800.0,20142.98,4,0.38,70.3,24.3,0.0,1
49100.0,358300.0,6538.53,3,1.19,53.0,18.0,5.0,1
145100.0,1178100.0,21498.86,6,1.03,70.4,22.7,0.0,1
28000.0,267800.0,4887.02,2,5.32,72.6,43.2,5.0,1
88700.0,872200.0,15916.56,4,8.97,58.6,18.2,5.0,1
74500.0,557400.0,10171.86,1,0.54,64.7,48.0,5.0,1
165900.0,1376300.0,25115.76,3,2.76,74.6,35.2,0.0,1
62300.0,486100.0,8870.72,2,1.84,48.2,32.7,0.0,1
152000.0,1142200.0,20843.73,4,3.88,87.3,14.8,0.0,1
29200.0,225000.0,4105.97,4,0.4,66.6,23.9,5.0,1
13400.0,124400.0,2270.15,3,1.43,52.2,49.3,5.0,1
192400.0,1945800.0,35508.43,4,1.12,71.4,14.3,18.0,1
63800.0,639400.0,11668.25,2,1.02,70.0,35.7,18.0,1
50200.0,409100.0,7465.57,4,7.19,72.5,29.6,0.0,1
158800.0,1379600.0,25175.98,0,6.85,41.3,23.5,0.0,1
115900.0,932000.0,17007.84,4,1.8,68.6,10.8,5.0,1
122000.0,1280700.0,23371.18,1,2.28,54.6,31.9,0.0,1
27200.0,222200.0,4054.87,4,1.36,66.9,43.9,5.0,1
220500.0,1625700.0,29667.0,2,0.58,77.2,14.4,18.0,1
47800.0,515100.0,9399.93,3,0.9,54.0,26.6,0.0,1
16700.0,150200.0,2740.96,4,4.79,69.3,17.7,5.0,1
36900.0,356000.0,6496.56,4,4.87,75.8,17.7,5.0,1
98600.0,1012700.0,18480.51,2,1.55,58.4,32.0,18.0,1
41600.0,318700.0,5815.88,3,1.76,74.9,34.9,5.0,1
131700.0,1110800.0,20270.72,2,0.7,41.4,28.5,0.0,1
166200.0,1250800.0,22825.54,7,0.45,68.7,15.9,0.0,1
55000.0,494600.0,9025.83,5,1.14,76.1,16.5,5.0,1
37800.0,345900.0,6312.24,1,0.86,63.2,28.0,0.0,1
170200.0,1737600.0,31709.04,0,5.36,74.4,19.8,0.0,1
41100.0,304800.0,5562.22,10,1.21,57.2,16.3,5.0,1
87500.0,955600.0,17438.51,0,5.35,65.5,21.9,18.0,1
37100.0,327400.0,5974.64,0,5.98,62.8,20.0,0.0,1
87500.0,756500.0,13805.18,1,3.46,71.8,19.3,0.0,1
114500.0,1216800.0,22205.08,5,0.32,83.6,13.1,5.0,0
188400.0,1380100.0,25185.11,2,8.75,51.8,29.0,0.0,1
173400.0,1644200.0,30004.6,1,0.89,84.3,30.4,0.0,1
94800.0,740300.0,13509.55,4,0.96,58.7,20.4,5.0,1
162100.0,1761100.0,32137.88,1,1.97,50.3,27.3,0.0,1
54600.0,438300.0,7998.43,3,0.51,72.1,13.7,5.0,1
28900.0,214000.0,3905.23,4,2.76,89.8,19.2,5.0,1
68700.0,758000.0,13832.56,1,3.01,61.2,24.2,0.0,1
15500.0,122200.0,2230.0,2,0.94,69.0,35.0,5.0,1
88000.0,834600.0,15230.41,2,1.42,65.7,19.4,5.0,1
38100.0,378200.0,6901.68,4,2.91,70.9,34.7,0.0,1
74100.0,663000.0,12098.92,1,0.88,61.9,33.9,0.0,1
115700.0,1009100.0,18414.82,1,1.23,75.3,23.5,0.0,1
54700.0,525100.0,9582.42,2,1.18,70.6,14.7,18.0,1
19900.0,197700.0,3607.78,2,4.11,70.2,37.1,5.0,1
110100.0,1131300.0,20644.82,3,0.71,64.2,21.5,5.0,1
44700.0,494100.0,9016.71,3,1.94,80.3,54.2,5.0,1
50100.0,521700.0,9520.38,4,1.53,62.5,19.7,5.0,1
123100.0,968200.0,17668.44,3,0.74,63.8,29.1,18.0,1
54900.0,436100.0,7958.28,1,1.65,85.8,45.2,5.0,1
96100.0,687900.0,12553.32,6,0.63,74.5,17.0,5.0,1
73500.0,711400.0,12982.16,1,4.79,77.7,18.5,0.0,1
66200.0,541300.0,9878.05,3,5.58,61.1,15.8,5.0,1
131100.0,1232800.0,22497.06,0,7.64,42.4,19.3,0.0,1
161100.0,1177200.0,21482.43,3,5.89,62.1,32.2,0.0,1
109000.0,867500.0,15830.79,2,2.29,60.2,16.6,5.0,1
106900.0,783800.0,14303.37,4,0.86,35.0,17.8,5.0,1
142400.0,1200200.0,21902.16,3,0.64,59.8,23.2,0.0,1
24500.0,212400.0,3876.04,4,3.15,73.2,37.8,5.0,1
164500.0,1783700.0,32550.3,3,4.06,59.8,26.2,0.0,1
101900.0,743600.0,13569.77,3,1.16,69.7,29.4,0.0,1
119600.0,1046300.0,19093.67,8,0.13,81.3,15.0,5.0,0
142500.0,1040500.0,18987.83,5,0.94,59.1,27.0,0.0,1
13200.0,107300.0,1958.09,2,0.61,79.7,32.1,5.0,1
66300.0,510400.0,9314.16,7,0.32,56.1,65.5,18.0,1
158300.0,1138300.0,20772.56,1,2.47,67.8,25.8,0.0,1
142400.0,1315800.0,24011.71,1,1.14,75.6,24.6,18.0,1
197700.0,1805000.0,32939.0,0,8.02,56.8,41.6,0.0,1
122900.0,1090100.0,19892.97,2,3.21,48.5,20.9,18.0,1
30200.0,219700.0,4009.25,3,0.49,70.3,15.8,5.0,1
121300.0,1313500.0,23969.74,4,1.65,88.4,22.8,0.0,1
87000.0,694600.0,12675.59,2,5.94,82.8,14.6,5.0,1
23500.0,220700.0,4027.5,4,0.46,42.5,17.2,5.0,1
121200.0,873500.0,15940.29,0,5.93,60.7,26.7,0.0,1
132800.0,971200.0,17723.19,3,0.4,51.9,21.1,18.0,1
125100.0,1237600.0,22584.66,3,3.1,80.9,30.4,18.0,1
164200.0,1234600.0,22529.91,1,1.04,62.0,21.9,0.0,1
168800.0,1315600.0,24008.06,3,2.1,60.2,26.7,0.0,1
123800.0,1346100.0,24564.65,1,1.1,67.8,29.7,18.0,1
20200.0,183400.0,3346.82,2,0.48,68.8,16.0,5.0,1
140800.0,1066800.0,19467.77,2,0.93,58.4,29.3,18.0,1
53200.0,574400.0,10482.08,0,9.64,58.4,25.2,18.0,1
132500.0,1261000.0,23011.68,1,0.32,64.2,15.5,18.0,1
91300.0,856800.0,15635.53,3,0.91,58.9,24.0,18.0,1
198000.0,1583600.0,28898.73,5,0.13,69.1,30.5,0.0,1
122900.0,1308000.0,23869.37,1,6.17,74.8,21.2,18.0,1
118600.0,882900.0,16111.83,8,0.57,96.0,12.4,5.0,1
112900.0,1096700.0,20013.41,4,1.82,86.9,20.4,5.0,1
195900.0,1766700.0,32240.08,2,2.07,76.0,29.5,0.0,1
110100.0,919800.0,16785.2,4,3.59,63.1,21.6,18.0,1
52800.0,391700.0,7148.04,8,0.57,86.8,17.7,5.0,1
108300.0,909300.0,16593.59,4,0.69,57.6,19.3,5.0,1
157900.0,1475000.0,26916.91,2,1.44,78.4,17.0,18.0,1
64500.0,504200.0,9201.02,1,12.18,74.1,20.2,18.0,1
75900.0,562200.0,10259.45,4,5.02,96.0,24.8,0.0,1
67400.0,482900.0,8812.32,2,2.63,54.3,35.4,0.0,1
12000.0,86000.0,1569.39,3,3.3,75.6,47.5,5.0,1
202100.0,1981000.0,36150.78,3,0.59,71.9,20.3,18.0,1
53300.0,526800.0,9613.44,3,1.81,60.3,38.7,5.0,1
49000.0,371000.0,6770.29,2,0.65,91.0,26.3,0.0,1
21600.0,175700.0,3206.31,6,1.28,84.9,42.6,5.0,1
93000.0,964400.0,17599.1,0,8.43,74.3,24.9,0.0,1
144100.0,1140200.0,20807.23,1,3.67,60.1,31.5,18.0,1
129200.0,1081000.0,19726.9,0,7.9,72.2,23.1,0.0,1
166900.0,1269200.0,23161.32,0,4.92,71.8,24.8,0.0,1
133500.0,1098900.0,20053.56,1,2.0,35.6,31.7,0.0,1
28300.0,221300.0,4038.45,3,0.45,63.9,15.1,5.0,1
166400.0,1221400.0,22289.03,0,9.26,66.3,19.5,0.0,1
147700.0,1187600.0,21672.22,3,0.44,96.0,23.5,0.0,1
13100.0,113000.0,2062.11,3,0.68,75.6,58.3,18.0,1
147700.0,1121000.0,20456.85,3,1.07,77.2,36.0,18.0,1
27800.0,199500.0,3640.63,2,0.43,76.0,15.4,18.0,1
23800.0,219400.0,4003.78,0,9.35,85.4,68.0,18.0,1
40300.0,311200.0,5679.01,1,2.06,73.8,22.5,0.0,1
38400.0,304600.0,5558.57,3,0.9,89.6,29.8,18.0,1
101500.0,907800.0,16566.22,3,5.27,93.6,17.0,5.0,1
105300.0,801200.0,14620.9,4,0.67,88.9,16.2,5.0,1
87900.0,629400.0,11485.77,1,2.29,54.1,26.7,0.0,1
69100.0,587200.0,10715.67,0,4.76,60.1,14.0,0.0,1
135500.0,1435500.0,26196.09,1,3.16,55.6,26.1,0.0,1
127800.0,1210500.0,22090.12,1,2.35,76.6,29.3,0.0,1
16500.0,120100.0,2191.68,7,0.55,58.9,14.4,5.0,1
130300.0,1082800.0,19759.75,3,7.27,66.2,23.9,0.0,1
181600.0,1679200.0,30643.31,0,7.34,69.6,29.2,0.0,1
22000.0,164500.0,3001.92,8,0.11,65.0,10.6,5.0,0
87500.0,653400.0,11923.74,1,1.22,73.3,23.1,0.0,1
141900.0,1366700.0,24940.57,4,5.59,66.9,27.0,0.0,1
69600.0,518600.0,9463.8,0,8.22,69.8,26.0,0.0,1
111600.0,1095400.0,19989.69,1,0.47,75.5,22.1,0.0,1
59100.0,577600.0,10540.48,4,1.64,87.1,39.7,5.0,1
114700.0,916900.0,16732.28,8,0.97,79.3,19.8,5.0,1
139200.0,1358500.0,24790.93,5,0.83,47.9,20.5,0.0,1
80100.0,659400.0,12033.23,2,1.41,78.6,21.3,0.0,1
40600.0,431700.0,7877.99,5,0.47,81.4,15.3,5.0,0
73100.0,589500.0,10757.64,3,0.44,58.0,34.8,5.0,1
45200.0,381700.0,6965.55,0,7.33,73.6,34.6,0.0,1
35600.0,339600.0,6197.28,1,0.95,82.5,30.0,5.0,1
66300.0,523000.0,9544.1,7,0.31,80.2,14.8,5.0,1
82500.0,829700.0,15140.99,4,0.36,80.4,17.4,18.0,1
94300.0,730400.0,13328.89,2,2.15,61.9,22.6,18.0,1
158700.0,1508200.0,27522.77,1,0.93,87.7,18.7,0.0,1
99000.0,718600.0,13113.56,5,0.51,70.0,11.4,5.0,1
142900.0,1095200.0,19986.04,3,0.35,47.0,37.0,18.0,1
101400.0,784200.0,14310.67,3,2.97,63.8,35.4,18.0,1
181300.0,1592000.0,29052.02,3,2.01,56.5,21.3,0.0,1
67800.0,654800.0,11949.28,3,2.04,68.5,16.8,5.0,1
114300.0,1175200.0,21445.94,1,3.54,85.7,19.7,18.0,1
173100.0,1305300.0,23820.1,2,1.89,58.8,17.2,0.0,1
107800.0,1014600.0,18515.19,0,5.18,60.1,20.1,0.0,1
62400.0,468100.0,8542.24,0,6.55,79.8,32.7,0.0,1
146300.0,1146400.0,20920.37,3,1.55,65.0,25.1,0.0,1
102900.0,818500.0,14936.61,5,0.57,78.0,15.0,5.0,1
49500.0,479000.0,8741.15,5,0.83,80.7,16.6,5.0,1
114600.0,864600.0,15777.87,2,1.16,60.4,30.4,18.0,1
109400.0,1133900.0,20692.26,1,2.43,87.9,27.9,0.0,1
75200.0,734000.0,13394.59,5,0.64,83.6,18.4,5.0,1
44500.0,420100.0,7666.3,1,1.91,69.8,13.9,5.0,1
61200.0,553500.0,10100.69,3,1.29,91.2,42.1,5.0,1
172600.0,1240700.0,22641.23,2,4.62,65.5,28.7,0.0,1
118200.0,936900.0,17097.26,2,2.82,62.2,28.1,0.0,1
39800.0,289500.0,5283.01,4,2.52,77.4,24.2,0.0,1
57300.0,604200.0,11025.9,0,8.54,78.2,22.3,0.0,1
17300.0,163100.0,2976.37,3,1.74,72.9,44.6,5.0,1
79200.0,705600.0,12876.32,2,5.56,59.2,22.1,0.0,1
148900.0,1173600.0,21416.74,1,6.05,35.5,21.2,0.0,1
17100.0,178300.0,3253.75,7,0.18,69.0,44.8,5.0,0
56000.0,429300.0,7834.19,1,0.66,78.7,28.6,0.0,1
50400.0,405200.0,7394.4,6,1.41,73.7,14.6,5.0,1
155800.0,1729600.0,31563.05,2,2.67,81.1,30.6,0.0,1
58700.0,566500.0,10337.92,8,0.86,66.3,16.8,5.0,0
215400.0,1677000.0,30603.16,4,1.18,78.0,15.5,18.0,1
48800.0,408400.0,7452.79,7,0.52,71.7,57.1,18.0,1
58800.0,441000.0,8047.7,12,0.24,54.2,12.8,5.0,0
66700.0,488200.0,8909.04,3,1.91,71.5,21.0,5.0,1
95900.0,696500.0,12710.26,3,1.69,77.4,19.0,5.0,1
94400.0,715500.0,13056.98,5,0.75,64.1,16.4,5.0,1
71900.0,600900.0,10965.68,3,0.68,60.1,52.0,5.0,1
114100.0,1156700.0,21108.33,1,0.69,69.1,21.6,0.0,1
169600.0,1274900.0,23265.34,4,2.62,81.7,27.5,0.0,1
156900.0,1580400.0,28840.33,1,2.66,58.0,27.5,0.0,1
23000.0,233500.0,4261.08,1,5.96,47.5,39.8,5.0,1
28400.0,297500.0,5429.0,6,1.05,57.6,16.3,5.0,1
68700.0,619300.0,11301.45,2,2.49,63.0,31.3,5.0,1
62600.0,485900.0,8867.07,2,1.39,76.9,19.7,18.0,1
90200.0,944800.0,17241.42,5,0.14,80.1,17.3,5.0,0
83000.0,921300.0,16812.58,2,2.17,81.3,16.8,18.0,1
32900.0,363500.0,6633.42,8,0.54,83.6,46.9,5.0,0
57500.0,464800.0,8482.02,4,2.64,78.9,19.8,0.0,1
46900.0,355700.0,6491.08,4,4.22,39.2,33.2,5.0,1
103500.0,933300.0,17031.56,0,8.48,43.4,21.5,0.0,1
103500.0,803500.0,14662.87,3,1.0,49.0,18.2,0.0,1
106900.0,888800.0,16219.49,4,5.58,76.9,21.9,0.0,1
48500.0,433700.0,7914.48,2,1.27,64.0,30.5,0.0,1
78400.0,805400.0,14697.55,1,1.23,96.0,30.7,18.0,1
46600.0,335100.0,6115.16,3,2.33,76.6,15.2,5.0,1
55200.0,394400.0,7197.31,2,0.68,56.0,14.3,5.0,1
193800.0,2017300.0,36813.21,2,0.57,73.5,20.5,18.0,1
41500.0,383900.0,7005.7,0,6.04,63.8,25.5,0.0,1
58200.0,569100.0,10385.37,5,0.44,78.4,45.0,5.0,1
174600.0,1505900.0,27480.8,3,0.66,82.3,27.8,0.0,1
130500.0,1320300.0,24093.83,1,5.05,81.6,22.1,0.0,1
76000.0,595000.0,10858.01,4,12.21,91.8,26.4,18.0,1
65300.0,542500.0,9899.95,2,2.19,58.9,37.4,5.0,1
75900.0,587000.0,10712.02,2,2.69,87.3,43.7,5.0,1
103200.0,1056300.0,19276.16,0,5.74,95.1,30.2,0.0,1
92200.0,726700.0,13261.37,8,0.36,96.0,13.7,5.0,1
70900.0,577200.0,10533.18,6,0.15,74.9,36.1,5.0,1
136000.0,1082100.0,19746.98,5,0.14,62.7,24.2,18.0,1
177700.0,1358000.0,24781.81,5,1.06,48.6,21.1,0.0,1
29500.0,239200.0,4365.1,6,1.83,59.3,14.6,5.0,1
31400.0,226900.0,4140.64,1,0.79,72.6,22.7,0.0,1
63200.0,658400.0,12014.98,4,0.42,84.1,25.9,5.0,1
41300.0,439500.0,8020.33,3,1.92,59.3,47.1,5.0,1
80000.0,657700.0,12002.21,2,1.18,73.7,25.5,5.0,1
34700.0,302900.0,5527.55,5,0.12,73.7,17.3,5.0,0
86700.0,828700.0,15122.74,3,3.29,68.7,16.5,5.0,1
72800.0,705900.0,12881.8,2,6.21,87.2,42.0,5.0,1
65800.0,555900.0,10144.48,3,1.07,58.1,21.5,0.0,1
62800.0,523300.0,9549.57,3,2.48,69.7,45.2,5.0,1
79200.0,644300.0,11757.67,3,0.96,63.4,20.1,0.0,1
118500.0,875000.0,15967.66,0,6.8,73.0,21.7,0.0,1
67900.0,499100.0,9107.95,1,1.27,48.8,38.7,5.0,1
44400.0,398900.0,7279.43,1,1.76,72.9,14.3,18.0,1
87000.0,623100.0,11370.8,1,3.86,44.4,36.6,18.0,1
143600.0,1276900.0,23301.84,5,0.44,44.9,21.9,0.0,1
84500.0,603900.0,11020.42,1,0.39,71.7,15.8,5.0,1
60400.0,630600.0,11507.66,0,8.73,64.4,23.1,0.0,1
94100.0,929500.0,16962.22,5,0.45,53.3,19.0,5.0,0
231100.0,1925500.0,35137.98,3,3.64,52.0,13.9,18.0,1
35800.0,263400.0,4806.72,3,0.37,80.0,19.9,18.0,1
88900.0,745200.0,13598.97,2,2.44,62.8,32.3,18.0,1
56100.0,466400.0,8511.22,4,1.08,76.8,46.8,5.0,1
89000.0,823800.0,15033.32,6,0.14,73.9,17.1,5.0,0
76800.0,640900.0,11695.63,6,0.29,67.7,54.1,5.0,1
107200.0,1001100.0,18268.83,0,7.7,54.8,41.8,0.0,1
37800.0,384200.0,7011.17,2,3.93,79.7,20.4,0.0,1
12700.0,119200.0,2175.25,2,2.42,72.7,27.9,5.0,1
11000.0,82500.0,1505.52,0,6.9,67.4,49.4,5.0,1
159900.0,1185200.0,21628.42,1,2.02,88.2,21.6,18.0,1
116300.0,927100.0,16918.42,3,3.23,55.8,14.8,5.0,1
151100.0,1534900.0,28010.01,3,2.78,49.6,29.5,18.0,1
103200.0,834700.0,15232.24,1,0.62,56.5,25.2,0.0,1
75100.0,681100.0,12429.23,1,3.88,47.4,32.7,0.0,1
105200.0,987700.0,18024.3,1,6.71,68.3,26.8,0.0,1
156600.0,1348200.0,24602.97,0,6.51,81.1,32.4,0.0,1
71700.0,714500.0,13038.74,3,4.95,95.7,18.3,5.0,1
73700.0,803900.0,14670.17,2,1.63,61.9,14.4,5.0,1
96400.0,827500.0,15100.84,2,2.57,67.5,27.4,0.0,1
154600.0,1530600.0,27931.54,3,2.54,57.7,26.0,18.0,1
113100.0,1207100.0,22028.07,3,3.25,53.2,34.9,0.0,1
192300.0,1505900.0,27480.8,3,2.49,71.0,27.8,0.0,1
50900.0,392300.0,7158.99,3,0.69,73.2,27.0,0.0,1
77500.0,696000.0,12701.13,3,1.28,74.9,18.1,5.0,1
170300.0,1731100.0,31590.42,2,1.77,84.5,16.7,0.0,1
143900.0,1432800.0,26146.82,1,1.02,72.3,17.2,18.0,1
196800.0,2064300.0,37670.9,3,1.83,86.4,31.9,0.0,1
113900.0,1149500.0,20976.94,2,4.85,91.2,18.4,5.0,1
65600.0,537400.0,9806.88,3,0.94,54.8,25.0,18.0,1
15300.0,121400.0,2215.4,3,6.57,72.7,39.4,5.0,1
83700.0,839600.0,15321.65,1,1.85,58.0,18.9,0.0,1
33100.0,242900.0,4432.62,2,2.11,54.0,34.5,5.0,1
76500.0,783700.0,14301.55,3,0.35,54.7,21.7,18.0,1
103200.0,891700.0,16272.41,3,3.0,58.8,16.3,5.0,1
124300.0,1108700.0,20232.39,2,0.33,44.4,30.1,18.0,1
28900.0,238400.0,4350.5,3,0.73,66.7,13.5,5.0,1
193600.0,1581200.0,28854.93,2,6.91,55.2,33.5,0.0,1
164400.0,1448000.0,26424.2,2,0.73,88.2,32.7,0.0,1
20200.0,188100.0,3432.59,3,0.31,67.8,32.8,18.0,1
157300.0,1213300.0,22141.21,4,7.97,77.0,35.4,0.0,1
64400.0,603100.0,11005.82,4,0.56,96.0,20.5,5.0,1
59900.0,473500.0,8640.79,2,2.36,75.9,27.2,18.0,1
32800.0,339100.0,6188.15,1,1.05,43.5,29.9,0.0,1
84600.0,821900.0,14998.65,1,1.49,84.5,22.3,0.0,1
67900.0,748700.0,13662.84,2,1.12,80.8,39.1,5.0,1
97200.0,781300.0,14257.75,3,0.6,64.7,20.6,5.0,1
144100.0,1381000.0,25201.53,2,0.58,73.1,23.4,0.0,1
139900.0,1228300.0,22414.95,2,1.66,58.5,40.1,18.0,1
159400.0,1217600.0,22219.68,2,9.03,50.1,26.5,0.0,1
15800.0,151400.0,2762.86,2,1.15,77.0,42.7,5.0,1
18000.0,131700.0,2403.36,4,0.4,65.8,12.7,5.0,1
42600.0,406100.0,7410.82,1,0.61,51.2,20.3,18.0,1
19900.0,192600.0,3514.71,2,1.78,68.8,49.2,5.0,1
44800.0,427500.0,7801.34,5,0.43,66.9,14.8,5.0,1
112200.0,885500.0,16159.27,2,0.58,90.2,19.4,0.0,1
51300.0,403500.0,7363.37,2,1.61,45.8,21.4,0.0,1
184600.0,1914500.0,34937.24,0,9.55,59.0,34.2,0.0,1
52700.0,395500.0,7217.38,2,0.32,64.6,24.7,5.0,1
160700.0,1611500.0,29407.87,2,1.53,86.7,23.6,0.0,1
46600.0,472900.0,8629.84,7,0.34,72.1,18.1,5.0,0
167900.0,1300300.0,23728.86,1,0.64,82.4,23.8,0.0,1
165500.0,1590800.0,29030.12,4,4.27,90.5,21.2,0.0,1
30400.0,220400.0,4022.03,2,0.87,77.0,50.8,5.0,1
176000.0,1339600.0,24446.03,2,0.67,70.8,18.1,0.0,1
174900.0,1315700.0,24009.89,2,0.53,71.6,25.3,0.0,1
136300.0,1263900.0,23064.6,4,1.69,76.3,32.3,0.0,1
47400.0,345300.0,6301.3,2,0.94,75.3,26.2,18.0,1
67000.0,585200.0,10679.17,3,0.59,61.7,26.1,18.0,1
152800.0,1101100.0,20093.7,2,0.67,77.0,27.9,0.0,1
30400.0,320500.0,5848.73,2,2.89,94.2,15.0,5.0,1
45100.0,442300.0,8071.42,0,5.35,67.7,31.5,0.0,1
60300.0,433900.0,7918.13,3,4.98,64.4,46.7,5.0,1
52500.0,406400.0,7416.29,7,0.64,83.2,15.1,5.0,1
101800.0,788900.0,14396.44,3,1.38,74.4,23.5,0.0,1
112200.0,864100.0,15768.75,3,2.35,80.1,20.4,18.0,1
28000.0,292700.0,5341.41,4,2.07,62.7,20.6,5.0,1
95000.0,841200.0,15350.85,6,2.05,73.3,16.0,5.0,1
107800.0,848700.0,15487.72,5,0.74,96.0,33.6,18.0,1
59900.0,435500.0,7947.33,1,6.08,54.7,28.8,0.0,1
88600.0,818500.0,14936.61,7,0.27,50.5,16.7,5.0,0
88500.0,954400.0,17416.61,3,0.93,62.1,22.8,18.0,1
28200.0,269400.0,4916.21,2,4.3,59.8,14.4,5.0,1
175400.0,1285400.0,23456.95,0,8.33,71.8,24.5,0.0,1
68400.0,528700.0,9648.12,3,4.22,66.4,14.0,5.0,1
15000.0,145400.0,2653.37,2,0.39,42.8,38.6,5.0,1
33700.0,353600.0,6452.76,1,2.9,58.4,33.6,0.0,1
96300.0,844500.0,15411.07,3,1.43,88.4,20.6,5.0,1
99200.0,774200.0,14128.19,5,0.77,82.6,17.0,5.0,1
73800.0,706600.0,12894.57,3,1.34,86.7,17.8,5.0,1
31300.0,327900.0,5983.77,6,2.04,72.6,41.7,5.0,1
99700.0,836600.0,15266.91,2,4.61,65.4,22.8,18.0,1
163700.0,1320800.0,24102.96,1,1.17,91.3,27.8,0.0,1
62500.0,499100.0,9107.95,2,1.69,73.7,20.0,0.0,1
120200.0,910700.0,16619.14,3,0.46,48.8,24.6,0.0,1
63500.0,485200.0,8854.3,2,0.43,73.1,35.2,0.0,1
52400.0,550500.0,10045.94,5,1.23,46.0,21.3,18.0,1
93200.0,927500.0,16925.72,4,0.95,72.8,18.8,5.0,1
63200.0,501600.0,9153.58,2,0.66,65.2,23.8,0.0,1
229100.0,2310300.0,42160.1,2,1.08,60.3,8.9,18.0,1
135300.0,1286700.0,23480.67,3,0.57,69.1,32.2,0.0,1
54900.0,471800.0,8609.76,0,8.79,57.8,42.2,5.0,1
159800.0,1233600.0,22511.66,4,2.65,56.7,31.8,0.0,1
15400.0,170200.0,3105.94,5,0.18,71.6,21.8,5.0,0
98700.0,846000.0,15438.45,1,5.97,54.3,27.1,0.0,1
63000.0,585600.0,10686.47,2,0.44,70.0,52.5,18.0,1
104800.0,769300.0,14038.77,2,0.67,72.3,34.1,0.0,1
64400.0,581700.0,10615.3,1,0.32,60.4,57.5,18.0,1
49000.0,447600.0,8168.14,6,0.41,92.0,26.0,18.0,1
191800.0,1874200.0,34201.82,2,4.81,53.7,36.3,0.0,1
29700.0,219300.0,4001.95,1,2.32,72.6,28.9,18.0,1
117600.0,1294500.0,23623.01,2,1.87,81.9,26.5,0.0,1
114800.0,1048800.0,19139.29,2,0.89,67.1,30.4,0.0,1
61600.0,504900.0,9213.8,4,2.6,81.8,14.0,5.0,1
137600.0,1419900.0,25911.41,1,4.26,61.9,35.2,0.0,1
128500.0,1109300.0,20243.34,1,0.48,70.4,22.4,0.0,1
46300.0,386700.0,7056.79,1,2.84,62.2,23.7,0.0,1
187700.0,1848600.0,33734.65,1,6.5,72.5,30.3,0.0,1
156200.0,1126300.0,20553.57,1,1.21,71.4,33.8,0.0,1
15800.0,159000.0,2901.55,2,1.43,86.7,19.3,5.0,1
65700.0,532000.0,9708.34,1,0.87,85.8,22.6,0.0,1
14500.0,107900.0,1969.04,3,2.81,59.7,41.6,5.0,1
153700.0,1359400.0,24807.36,5,0.12,66.4,30.7,0.0,0
37400.0,282700.0,5158.92,5,1.09,83.2,26.3,0.0,1
198200.0,2191800.0,39997.62,2,1.56,92.7,9.8,18.0,1
81300.0,661400.0,12069.73,5,0.1,74.3,16.7,5.0,0
61900.0,516900.0,9432.78,3,0.63,86.3,42.5,5.0,1
70900.0,518600.0,9463.8,2,2.32,75.1,38.0,5.0,1
25100.0,218400.0,3985.53,5,0.82,61.2,40.5,5.0,1
44300.0,405900.0,7407.17,2,7.32,95.6,21.4,0.0,1
153300.0,1485000.0,27099.4,1,0.87,76.1,27.0,0.0,1
49500.0,499400.0,9113.43,0,7.07,87.8,16.5,0.0,1
23700.0,187200.0,3416.17,4,3.5,90.7,14.9,5.0,1
34000.0,247500.0,4516.57,1,6.89,68.2,29.0,0.0,1
59300.0,526800.0,9613.44,1,2.37,80.0,34.3,18.0,1
77100.0,647400.0,11814.24,1,1.48,59.5,24.2,0.0,1
96400.0,745200.0,13598.97,4,6.27,76.5,16.7,18.0,1
188700.0,1554900.0,28374.99,4,1.01,62.1,28.5,0.0,1
75800.0,743300.0,13564.3,4,2.33,54.5,24.1,18.0,1
109100.0,870400.0,15883.72,3,10.29,65.9,25.0,0.0,1
86000.0,874000.0,15949.41,7,0.28,93.7,18.7,5.0,0
111400.0,1224100.0,22338.3,1,0.89,81.8,32.4,18.0,1
20500.0,227000.0,4142.47,5,0.45,81.4,18.3,5.0,1
22400.0,160500.0,2928.93,2,2.42,67.5,42.3,18.0,1
55200.0,424700.0,7750.25,1,1.67,53.0,24.3,0.0,1
70000.0,674000.0,12299.66,2,0.5,71.2,12.3,5.0,1
90600.0,782100.0,14272.35,3,1.03,56.1,21.2,18.0,1
82800.0,807300.0,14732.22,2,1.56,68.1,25.6,0.0,1
38000.0,375000.0,6843.28,5,0.56,52.4,10.3,5.0,0
33700.0,257200.0,4693.58,7,0.22,54.1,15.3,5.0,0
53400.0,513600.0,9372.56,3,1.34,77.5,20.2,18.0,1
129500.0,1403200.0,25606.65,3,3.06,56.0,28.6,0.0,1
38300.0,371800.0,6784.89,3,12.19,76.2,13.4,5.0,1
99900.0,1094900.0,19980.56,4,1.32,91.6,25.9,0.0,1
97900.0,897400.0,16376.43,1,0.69,58.1,15.6,5.0,1
62900.0,453600.0,8277.64,4,6.98,86.5,16.4,5.0,1
133900.0,1163700.0,21236.08,2,0.31,83.3,19.1,0.0,1
32800.0,303800.0,5543.97,4,0.97,75.0,39.9,5.0,1
150300.0,1649300.0,30097.67,4,3.39,83.2,39.1,0.0,1
30500.0,296000.0,5401.63,3,0.66,52.4,20.6,5.0,1
79500.0,647500.0,11816.07,7,0.18,94.8,28.3,18.0,1
70700.0,579100.0,10567.85,2,1.89,89.1,26.0,0.0,1
123100.0,997500.0,18203.13,1,1.37,61.5,27.4,0.0,1
32000.0,278300.0,5078.63,8,0.24,82.1,16.8,5.0,0
45600.0,399100.0,7283.08,2,2.16,58.3,17.0,18.0,1
95300.0,965000.0,17610.05,0,6.32,72.9,21.4,0.0,1
116400.0,908400.0,16577.17,2,2.15,58.6,27.6,18.0,1
145900.0,1150800.0,21000.67,3,0.41,75.7,31.9,0.0,1
91600.0,822700.0,15013.25,1,6.72,82.1,23.4,0.0,1
60200.0,508600.0,9281.32,2,3.43,52.6,37.3,5.0,1
113200.0,1167600.0,21307.25,2,1.78,77.3,31.3,18.0,1
22900.0,215700.0,3936.26,2,1.85,72.4,21.4,18.0,1
54400.0,390400.0,7124.31,2,2.47,89.5,16.0,18.0,1
93600.0,889500.0,16232.27,2,2.62,78.8,24.6,0.0,1
63200.0,608000.0,11095.24,3,2.98,61.2,15.2,5.0,1
178600.0,1331500.0,24298.22,1,6.94,60.8,21.0,0.0,1
94100.0,994700.0,18152.04,5,0.83,62.4,25.0,18.0,1
53100.0,473700.0,8644.44,3,0.45,77.2,68.0,18.0,1
95100.0,931800.0,17004.19,2,0.78,80.0,25.3,0.0,1
90700.0,695300.0,12688.36,3,1.16,66.8,12.9,5.0,1
15400.0,169300.0,3089.51,2,2.94,54.6,16.5,5.0,1
107700.0,906400.0,16540.67,3,3.58,87.7,20.6,5.0,1
48000.0,417100.0,7611.56,7,0.53,66.2,43.6,5.0,1
27200.0,196400.0,3584.06,5,0.26,62.8,15.5,18.0,1
56500.0,523900.0,9560.52,3,0.83,76.8,18.4,5.0,1
75700.0,762400.0,13912.85,2,1.33,44.8,24.6,0.0,1
76700.0,840200.0,15332.6,1,0.8,55.1,52.8,5.0,1
107300.0,853000.0,15566.19,4,0.64,86.3,21.1,5.0,1
166400.0,1426700.0,26035.5,2,2.78,75.4,22.2,0.0,1
77500.0,601200.0,10971.15,2,2.48,53.4,17.0,0.0,1
42800.0,400800.0,7314.1,2,3.18,66.1,14.9,5.0,1
196100.0,2029000.0,37026.72,2,0.71,78.9,30.4,0.0,1
60200.0,651000.0,11879.94,2,0.99,87.4,20.4,0.0,1
86000.0,746500.0,13622.7,4,2.66,60.7,27.9,18.0,1
166000.0,1624500.0,29645.1,2,3.38,79.9,19.1,0.0,1
149700.0,1527500.0,27874.97,1,0.65,70.7,19.7,0.0,1
38800.0,412300.0,7523.96,3,0.41,54.7,16.0,18.0,1
70000.0,721000.0,13157.35,4,1.24,63.0,44.2,5.0,1
73500.0,668600.0,12201.12,0,4.61,53.8,18.4,0.0,1
23400.0,246200.0,4492.84,1,3.46,70.6,19.2,5.0,1
30000.0,214600.0,3916.18,2,0.46,73.1,15.5,5.0,1
172200.0,1735200.0,31665.24,3,0.71,76.3,19.5,0.0,1
66400.0,588400.0,10737.57,4,4.59,56.5,15.6,5.0,1
41700.0,432000.0,7883.46,3,6.39,92.8,52.2,5.0,1
56700.0,505600.0,9226.57,5,0.55,67.0,32.6,18.0,1
126600.0,1372300.0,25042.77,4,6.12,72.1,21.5,18.0,1
116700.0,845800.0,15434.8,1,5.35,72.4,13.8,5.0,1
99900.0,714000.0,13029.61,6,0.7,86.9,17.9,5.0,1
44300.0,415800.0,7587.83,3,3.94,53.9,30.4,0.0,1
126900.0,949800.0,17332.67,0,7.88,53.8,24.6,0.0,1
116100.0,1270600.0,23186.87,3,2.29,50.0,26.6,18.0,1
46600.0,432100.0,7885.29,3,7.74,92.2,10.7,5.0,1
71600.0,659000.0,12025.93,1,3.66,89.2,48.2,5.0,1
171600.0,1857500.0,33897.06,1,2.44,76.4,14.4,18.0,1
51100.0,527000.0,9617.09,5,0.28,55.4,51.7,5.0,1
29800.0,233700.0,4264.73,7,0.54,72.9,10.4,5.0,1
30800.0,279100.0,5093.23,4,1.92,66.8,20.7,5.0,1
61600.0,441700.0,8060.48,0,4.92,46.7,23.7,0.0,1
93200.0,728500.0,13294.22,1,1.42,70.5,26.1,0.0,1
65300.0,670700.0,12239.44,7,0.83,69.9,15.8,5.0,1
66600.0,528200.0,9638.99,4,1.3,65.8,22.0,0.0,1
13800.0,146800.0,2678.92,1,1.48,62.9,27.7,5.0,1
82700.0,733600.0,13387.29,2,1.21,65.2,27.5,0.0,1
35800.0,353300.0,6447.29,2,2.5,70.0,43.2,5.0,1
174300.0,1250100.0,22812.77,1,0.32,71.3,22.7,0.0,1
19900.0,148900.0,2717.24,1,0.64,60.9,62.4,18.0,1
37700.0,413900.0,7553.16,4,0.48,74.3,23.6,0.0,1
110900.0,1036800.0,18920.31,2,0.42,73.7,18.4,18.0,1
36400.0,293100.0,5348.71,6,1.06,80.5,14.4,5.0,1
55400.0,610800.0,11146.34,2,1.24,83.7,49.1,18.0,1
83300.0,913800.0,16675.71,1,4.7,90.4,28.8,0.0,1
127000.0,1277700.0,23316.43,4,1.8,67.6,21.4,0.0,1
39400.0,297500.0,5429.0,3,1.62,51.6,16.9,5.0,1
141500.0,1147000.0,20931.32,2,3.77,73.3,19.5,18.0,1
146100.0,1565700.0,28572.08,4,0.67,62.7,17.7,0.0,1
17900.0,130900.0,2388.76,2,3.35,66.8,29.4,18.0,1
20800.0,202700.0,3699.02,1,1.02,84.4,43.0,5.0,1
96200.0,704300.0,12852.6,1,1.64,70.6,18.1,5.0,1
141500.0,1140900.0,20820.0,5,0.36,43.5,29.0,0.0,0
164700.0,1747500.0,31889.7,2,1.25,50.8,27.6,0.0,1
36200.0,318400.0,5810.4,4,6.06,47.6,13.6,5.0,1
225400.0,2432600.0,44391.92,2,2.73,58.0,9.9,18.0,1
103200.0,914600.0,16690.31,1,0.69,87.0,26.4,0.0,1
154500.0,1608200.0,29347.65,1,8.12,77.7,26.3,0.0,1
121500.0,1220100.0,22265.31,1,1.94,58.8,37.2,18.0,1
107200.0,846700.0,15451.22,1,2.37,69.5,17.9,0.0,1
44100.0,321300.0,5863.32,0,6.72,86.6,16.4,0.0,1
45500.0,437000.0,7974.71,4,3.45,83.0,17.5,5.0,1
71900.0,794300.0,14494.99,2,1.49,86.1,49.2,5.0,1
107600.0,953000.0,17391.06,1,2.76,70.2,22.6,0.0,1
79000.0,694400.0,12671.94,3,4.48,56.0,26.0,5.0,1
185200.0,1437600.0,26234.41,0,8.57,50.8,20.5,0.0,1
63200.0,469100.0,8560.49,3,3.68,89.9,28.6,0.0,1
88700.0,750600.0,13697.52,1,3.86,68.8,27.4,0.0,1
66500.0,735200.0,13416.48,3,2.62,56.9,16.5,5.0,1
28800.0,265100.0,4837.74,1,0.43,90.7,15.1,5.0,1
36700.0,294200.0,5368.78,1,2.87,73.6,16.5,5.0,1
37500.0,313100.0,5713.69,5,0.17,67.3,63.3,18.0,1
59500.0,608500.0,11104.37,6,0.37,83.5,22.6,5.0,1
32100.0,249600.0,4554.89,2,0.54,63.0,12.5,0.0,1
108000.0,809900.0,14779.67,1,0.66,45.2,23.3,18.0,1
53800.0,475600.0,8679.11,4,0.64,67.6,35.5,5.0,1
148600.0,1208400.0,22051.8,2,2.6,81.9,19.1,18.0,1
64200.0,497000.0,9069.63,2,7.52,70.4,17.9,5.0,1
46300.0,362400.0,6613.35,1,3.04,78.9,59.3,18.0,1
127100.0,948700.0,17312.59,2,3.44,63.8,30.4,0.0,1
82300.0,815500.0,14881.86,3,5.46,69.2,19.1,5.0,1
169100.0,1487600.0,27146.85,3,0.53,96.0,22.5,0.0,1
67900.0,660100.0,12046.0,0,8.24,57.9,30.5,0.0,1
57500.0,558200.0,10186.45,3,0.68,83.0,23.2,18.0,1
97000.0,765900.0,13976.72,1,1.27,80.8,36.4,18.0,1
96600.0,723900.0,13210.27,2,1.16,84.6,26.8,0.0,1
30600.0,241400.0,4405.25,1,1.42,89.9,30.1,0.0,1
24100.0,190000.0,3467.26,4,4.1,71.1,19.7,5.0,1
65800.0,557900.0,10180.98,8,0.86,83.6,14.4,5.0,1
37500.0,322300.0,5881.57,2,1.27,86.1,30.0,5.0,1
79800.0,650300.0,11867.17,2,5.49,65.5,15.4,18.0,1
110500.0,1113300.0,20316.34,3,2.34,89.8,28.9,18.0,1
150300.0,1407200.0,25679.65,4,0.97,62.1,20.7,0.0,1
21000.0,159300.0,2907.03,4,2.11,85.7,17.6,5.0,1
62700.0,500200.0,9128.03,7,1.31,63.4,19.1,5.0,1
32400.0,310100.0,5658.94,1,4.8,55.4,23.7,0.0,1
70500.0,658400.0,12014.98,2,4.18,77.1,41.1,5.0,1
122100.0,1136900.0,20747.01,0,7.26,79.2,22.2,0.0,1
180600.0,1854800.0,33847.79,3,4.48,82.1,30.6,0.0,1
101100.0,1034800.0,18883.81,8,1.77,90.4,15.5,5.0,1
156300.0,1132700.0,20670.36,0,8.98,70.9,28.6,0.0,1
58800.0,541200.0,9876.23,7,0.82,59.9,14.1,5.0,1
109100.0,834400.0,15226.76,0,8.25,73.9,22.9,0.0,1
68000.0,513200.0,9365.26,4,4.31,82.9,15.2,5.0,1
74300.0,700000.0,12774.13,1,1.82,65.7,26.6,0.0,1
158500.0,1551000.0,28303.82,1,9.03,86.6,29.6,0.0,1
160000.0,1510200.0,27559.27,4,0.85,78.5,22.1,0.0,1
157600.0,1544800.0,28190.68,4,1.49,89.2,17.6,0.0,1
161800.0,1159900.0,21166.73,1,1.62,50.2,21.8,0.0,1
77800.0,796900.0,14542.43,3,3.27,71.0,33.9,5.0,1
138200.0,1416900.0,25856.66,4,3.11,61.7,26.7,0.0,1
116000.0,1246800.0,22752.55,4,4.58,47.8,16.4,5.0,1
25500.0,182600.0,3332.22,1,2.25,75.1,27.2,0.0,1
145500.0,1278400.0,23329.21,5,0.34,72.8,31.4,0.0,1
171200.0,1474400.0,26905.96,1,2.79,63.7,24.3,0.0,1
58900.0,497300.0,9075.11,7,0.7,58.4,16.3,5.0,1
91300.0,924700.0,16874.62,2,1.86,72.4,32.9,0.0,1
59700.0,576700.0,10524.06,3,1.86,73.8,14.4,5.0,1
73200.0,653000.0,11916.44,5,0.88,67.6,17.8,5.0,1
59400.0,476800.0,8701.01,1,2.21,51.5,36.5,5.0,1
194000.0,1747300.0,31886.05,1,0.64,69.6,23.9,0.0,1
187000.0,1674200.0,30552.07,1,3.38,60.6,28.9,0.0,1
117700.0,1097500.0,20028.01,1,1.11,43.5,14.9,5.0,1
198100.0,1848300.0,33729.17,4,0.32,58.8,18.2,0.0,1
62000.0,463800.0,8463.77,2,2.77,84.4,51.7,18.0,1
61800.0,473400.0,8638.96,3,4.68,96.0,24.9,0.0,1
112300.0,896700.0,16363.66,1,0.35,74.8,20.6,0.0,1
94600.0,686700.0,12531.42,4,1.51,92.3,17.9,18.0,1
48300.0,372300.0,6794.01,0,8.27,64.3,25.4,0.0,1
96000.0,892300.0,16283.36,2,8.37,78.8,38.0,18.0,1
127800.0,1412100.0,25769.07,2,5.31,61.4,37.6,0.0,1
109400.0,831700.0,15177.49,11,0.37,73.8,16.6,5.0,0
53100.0,401300.0,7323.23,2,3.68,69.6,35.1,5.0,1
70300.0,557200.0,10168.21,1,1.16,55.7,45.1,18.0,1
134500.0,969200.0,17686.69,2,4.22,75.3,20.4,0.0,1
62200.0,523000.0,9544.1,2,9.92,63.4,30.0,0.0,1
196600.0,1405000.0,25639.5,0,8.36,71.8,32.6,0.0,1
164600.0,1602300.0,29239.98,2,2.39,82.6,14.4,18.0,1
50400.0,540600.0,9865.28,6,0.35,54.3,15.7,5.0,0
80200.0,778400.0,14204.83,2,1.71,74.3,14.3,5.0,1
45400.0,483600.0,8825.1,7,0.15,83.0,19.3,18.0,0
43600.0,322800.0,5890.7,3,0.39,75.0,44.9,18.0,1
192000.0,1519800.0,27734.46,0,6.19,67.1,24.4,0.0,1
122800.0,1300500.0,23732.51,5,1.44,54.8,27.8,0.0,1
126000.0,1068100.0,19491.5,2,3.07,76.1,26.3,0.0,1
147100.0,1446600.0,26398.65,1,0.85,66.4,27.5,0.0,1
74500.0,638400.0,11650.01,10,0.74,87.4,17.6,5.0,0
71600.0,550000.0,10036.82,3,0.67,76.7,41.9,5.0,1
64400.0,593200.0,10825.16,0,8.03,82.9,20.0,0.0,1
126900.0,1322900.0,24141.28,1,1.94,72.0,34.5,18.0,1
65900.0,524900.0,9578.77,1,1.93,82.6,33.2,0.0,1
67000.0,481800.0,8792.25,3,1.75,60.9,28.0,5.0,1
89300.0,847500.0,15465.82,1,1.78,69.4,29.9,0.0,1
29300.0,277200.0,5058.55,2,0.83,70.9,26.8,18.0,1
21900.0,183500.0,3348.65,2,4.92,83.4,42.3,5.0,1
110700.0,965200.0,17613.7,3,0.89,73.8,22.0,18.0,1
96900.0,976300.0,17816.26,0,4.55,48.4,27.5,0.0,1
82800.0,632600.0,11544.16,4,3.13,85.3,16.9,5.0,1
56000.0,577900.0,10545.96,1,0.62,85.6,17.0,18.0,1
97400.0,1005800.0,18354.6,1,2.48,61.9,29.3,0.0,1
152300.0,1278900.0,23338.33,3,0.32,68.5,20.6,0.0,1
68300.0,628600.0,11471.17,4,4.71,71.5,12.2,5.0,1
61600.0,535000.0,9763.08,1,0.56,79.2,21.1,0.0,1
146100.0,1064200.0,19420.32,0,6.8,59.7,24.9,0.0,1
50100.0,469200.0,8562.32,0,9.04,70.8,22.3,0.0,1
128000.0,1399000.0,25530.01,1,1.39,69.4,26.1,0.0,1
79100.0,653500.0,11925.56,2,2.78,91.6,9.9,5.0,1
159300.0,1356900.0,24761.74,1,2.4,63.2,32.3,0.0,1
166100.0,1338600.0,24427.78,2,2.02,87.2,18.1,0.0,1
126400.0,1387800.0,25325.62,3,3.89,59.1,28.8,0.0,1
111800.0,853000.0,15566.19,2,0.34,93.8,20.3,5.0,1
57400.0,593600.0,10832.46,2,1.32,72.0,20.4,0.0,1
42200.0,369200.0,6737.44,3,5.69,49.5,37.8,5.0,1
144400.0,1131100.0,20641.17,2,4.54,67.6,31.5,18.0,1
89500.0,933700.0,17038.86,1,3.44,80.0,23.9,0.0,1
101200.0,780900.0,14250.45,0,5.39,60.1,24.7,0.0,1
16400.0,171500.0,3129.66,2,8.33,83.2,20.0,5.0,1
77000.0,572400.0,10445.59,4,10.27,51.5,43.1,5.0,1
102300.0,761500.0,13896.43,5,0.53,51.3,13.7,5.0,1
33600.0,249400.0,4551.24,1,5.41,67.9,25.8,0.0,1
76400.0,836000.0,15255.96,3,1.4,80.8,54.6,5.0,1
48000.0,433400.0,7909.01,3,1.43,53.8,17.6,5.0,1
145500.0,1061900.0,19378.35,2,0.74,66.6,28.7,0.0,1
40900.0,312000.0,5693.61,4,0.6,78.2,15.8,5.0,1
63700.0,497800.0,9084.23,1,1.36,71.2,40.8,5.0,1
154800.0,1217300.0,22214.21,5,1.25,62.1,20.7,18.0,1
76500.0,587900.0,10728.44,6,1.8,67.9,18.6,5.0,1
188300.0,1496900.0,27316.56,2,1.56,93.0,16.2,18.0,1
39600.0,301400.0,5500.17,6,0.54,76.7,17.2,5.0,1
71100.0,581100.0,10604.35,1,2.06,82.2,21.8,0.0,1
78800.0,777900.0,14195.71,3,2.86,77.2,32.0,5.0,1
33900.0,252200.0,4602.34,4,0.77,58.7,11.8,5.0,1
93300.0,853600.0,15577.14,3,0.36,76.7,24.4,0.0,1
25700.0,216400.0,3949.03,3,1.14,87.1,28.2,18.0,1
69500.0,547200.0,9985.72,3,1.68,80.1,22.8,0.0,1
36300.0,361400.0,6595.1,3,0.3,55.7,27.8,0.0,1
104300.0,963200.0,17577.2,4,1.17,83.4,27.0,0.0,1
51600.0,434700.0,7932.73,3,2.3,75.1,68.0,18.0,1
103700.0,944400.0,17234.12,5,0.26,69.4,19.5,5.0,1
29600.0,215900.0,3939.91,1,0.5,49.6,32.4,18.0,1
49600.0,547900.0,9998.49,0,7.65,69.5,23.3,0.0,1
31700.0,246000.0,4489.19,3,0.38,50.1,21.8,0.0,1
33000.0,254100.0,4637.01,3,0.35,69.3,18.5,5.0,1
29600.0,318900.0,5819.53,3,1.1,81.8,22.7,5.0,1
118700.0,926500.0,16907.47,1,4.31,83.5,23.4,18.0,1
167800.0,1264300.0,23071.9,1,2.48,84.9,28.3,0.0,1
105000.0,940300.0,17159.3,5,0.3,84.7,16.7,5.0,1
115200.0,980900.0,17900.2,0,5.29,70.6,20.1,0.0,1
75900.0,616500.0,11250.36,4,1.12,93.2,18.7,5.0,1
145700.0,1391700.0,25396.79,6,0.1,74.5,23.3,18.0,0
51300.0,445900.0,8137.12,3,4.82,79.3,26.7,0.0,1
33100.0,336700.0,6144.36,2,0.74,77.5,19.4,0.0,1
39600.0,337100.0,6151.66,3,1.06,59.0,20.0,0.0,1
25600.0,248500.0,4534.82,2,1.59,68.9,19.0,0.0,1
74000.0,530000.0,9671.84,1,1.27,61.1,30.2,0.0,1
46900.0,424400.0,7744.77,4,2.13,65.1,15.6,5.0,1
72900.0,609800.0,11128.09,2,7.05,64.6,20.6,0.0,1
17400.0,156100.0,2848.63,3,1.03,75.3,15.8,5.0,1
155100.0,1324700.0,24174.13,1,1.5,67.3,27.8,0.0,1
96200.0,856100.0,15622.76,3,1.05,56.7,29.9,0.0,1
66600.0,578600.0,10558.73,2,5.65,39.8,24.1,0.0,1
42300.0,354300.0,6465.53,3,1.61,61.0,44.9,5.0,1
58000.0,595000.0,10858.01,3,0.4,83.8,17.3,5.0,1
163400.0,1490500.0,27199.77,2,2.06,78.4,21.8,0.0,1
198800.0,1532000.0,27957.09,0,5.41,86.3,19.7,0.0,1
103300.0,740300.0,13509.55,0,6.82,52.4,20.6,18.0,1
102200.0,893500.0,16305.26,2,7.82,81.7,23.0,18.0,1
80300.0,574300.0,10480.26,5,0.27,63.8,12.4,5.0,0
29000.0,212400.0,3876.04,2,7.95,43.4,21.1,18.0,1
48100.0,353200.0,6445.46,3,4.63,85.7,27.5,0.0,1
94300.0,717300.0,13089.83,6,0.16,77.1,14.7,5.0,1
150600.0,1665600.0,30395.13,0,6.28,66.3,39.4,0.0,1
74200.0,724200.0,13215.75,4,6.89,60.6,13.7,5.0,1
88400.0,765300.0,13965.77,5,0.83,78.8,26.2,18.0,1
46400.0,379400.0,6923.58,2,2.38,58.8,29.9,0.0,1
45700.0,433500.0,7910.84,2,4.18,69.8,38.0,5.0,1
92700.0,855800.0,15617.28,3,0.61,76.0,18.2,5.0,1
61400.0,443200.0,8087.85,1,1.55,53.4,28.0,0.0,1
119000.0,897300.0,16374.61,5,0.18,89.6,22.1,18.0,1
140200.0,1018500.0,18586.36,2,1.58,81.5,25.4,0.0,1
115700.0,1130400.0,20628.39,2,5.04,77.7,25.9,18.0,1
48300.0,526300.0,9604.32,1,9.63,92.7,29.4,18.0,1
54200.0,572500.0,10447.41,3,4.71,80.1,28.1,0.0,1
156200.0,1700400.0,31030.18,1,0.95,61.5,18.3,0.0,1
51500.0,388800.0,7095.12,5,0.93,77.0,28.8,18.0,1
57700.0,537900.0,9816.01,7,0.28,67.0,18.6,5.0,0
79500.0,778700.0,14210.31,6,0.43,72.7,16.2,5.0,0
53800.0,469300.0,8564.14,2,4.33,80.2,31.5,5.0,1
234400.0,1907900.0,34816.8,1,0.49,72.6,22.2,18.0,1
70000.0,728100.0,13286.92,2,1.67,76.5,27.9,0.0,1
141200.0,1300900.0,23739.81,3,0.65,77.3,24.3,0.0,1
52500.0,478800.0,8737.5,3,0.76,51.8,35.3,18.0,1
65700.0,506200.0,9237.52,3,1.26,68.8,15.3,5.0,1
21100.0,162500.0,2965.42,3,3.99,65.9,11.2,5.0,1
101100.0,802100.0,14637.33,0,8.84,69.8,30.2,18.0,1
25300.0,229300.0,4184.44,2,2.71,51.5,40.0,5.0,1
33200.0,271300.0,4950.89,3,1.68,73.9,13.4,5.0,1
50300.0,480200.0,8763.05,3,1.04,79.9,16.2,5.0,1
56200.0,418600.0,7638.93,4,4.55,77.0,33.4,0.0,1
111400.0,999700.0,18243.28,1,2.3,79.2,34.8,0.0,1
43700.0,400200.0,7303.15,1,4.27,70.8,18.9,5.0,1
91900.0,984000.0,17956.77,0,8.68,85.5,22.4,0.0,1
54500.0,479900.0,8757.58,1,4.8,53.2,21.6,0.0,1
119500.0,1113400.0,20318.16,5,0.27,57.7,19.8,5.0,0
61100.0,456100.0,8323.26,3,0.68,72.7,12.0,5.0,1
90600.0,686900.0,12535.07,4,5.78,54.8,19.0,18.0,1
91700.0,758100.0,13834.38,2,3.44,65.8,19.3,0.0,1
187400.0,2077000.0,37902.66,3,3.19,48.5,29.1,0.0,1
77200.0,633200.0,11555.11,2,1.01,70.6,14.9,5.0,1
156400.0,1446900.0,26404.12,4,3.0,82.5,24.9,0.0,1
91000.0,762900.0,13921.98,1,0.67,75.7,35.4,0.0,1
52600.0,397100.0,7246.58,6,0.62,74.8,52.5,5.0,1
118100.0,1003700.0,18316.28,3,5.9,66.7,20.1,5.0,1
34600.0,311900.0,5691.79,1,3.72,59.2,27.0,0.0,1
99800.0,1025800.0,18719.57,1,3.0,91.5,26.2,0.0,1
64000.0,467400.0,8529.47,2,2.68,78.1,21.9,0.0,1
62000.0,459200.0,8379.83,3,0.53,64.5,43.7,5.0,1
56800.0,438900.0,8009.38,1,1.61,70.9,29.2,0.0,1
107700.0,1087900.0,19852.82,1,1.6,63.2,16.8,5.0,1
54400.0,556200.0,10149.96,3,9.33,78.6,17.7,5.0,1
184100.0,1377300.0,25134.01,3,0.58,82.0,31.1,0.0,1
15100.0,123900.0,2261.02,5,0.22,55.0,68.0,18.0,1
107600.0,1042100.0,19017.03,1,2.94,46.8,13.8,0.0,1
34700.0,267700.0,4885.19,2,3.99,62.8,25.0,0.0,1
93000.0,855500.0,15611.81,5,0.19,68.1,17.1,18.0,0
26200.0,242400.0,4423.5,5,0.27,46.5,52.6,18.0,1
66400.0,645700.0,11783.22,5,0.19,47.5,35.4,18.0,0
91600.0,939100.0,17137.41,3,1.11,58.5,16.2,5.0,1
106500.0,999800.0,18245.11,5,0.5,58.0,17.9,5.0,1
224100.0,1814900.0,33119.67,1,2.08,84.0,21.8,18.0,1
84300.0,710600.0,12967.57,5,0.58,78.1,16.9,5.0,1
156200.0,1523900.0,27809.28,3,1.86,84.3,37.1,0.0,1
86000.0,807500.0,14735.87,3,0.93,86.1,22.6,0.0,1
49700.0,379600.0,6927.23,2,5.87,85.2,30.5,0.0,1
165300.0,1236700.0,22568.24,1,4.09,83.2,15.3,0.0,1
22400.0,228000.0,4160.72,3,3.66,79.3,52.9,18.0,1
61400.0,556500.0,10155.43,0,7.51,83.1,34.6,18.0,1
182600.0,1629400.0,29734.52,3,2.94,60.2,26.6,0.0,1
149600.0,1332100.0,24309.17,1,0.58,55.2,26.9,0.0,1
35400.0,294500.0,5374.26,5,0.41,75.3,42.8,5.0,1
96500.0,831800.0,15179.31,2,0.7,86.9,37.2,0.0,1
27500.0,224100.0,4089.55,3,4.66,92.9,33.4,5.0,1
72500.0,724300.0,13217.57,4,9.78,82.6,25.4,18.0,1
31500.0,300600.0,5485.58,0,5.97,94.3,25.0,0.0,1
49400.0,451400.0,8237.49,3,0.44,51.4,17.6,5.0,1
70300.0,576100.0,10513.11,2,0.37,79.9,25.5,0.0,1
89600.0,830500.0,15155.59,3,0.86,55.1,33.5,18.0,1
85200.0,883200.0,16117.3,1,2.02,65.0,18.0,18.0,1
41600.0,360100.0,6571.38,2,3.13,80.6,25.1,0.0,1
171300.0,1531200.0,27942.49,1,1.0,87.3,29.7,0.0,1
39100.0,421100.0,7684.55,2,1.14,74.8,16.8,5.0,1
70300.0,694300.0,12670.11,1,4.6,76.6,23.5,0.0,1
64400.0,550300.0,10042.29,3,1.12,68.5,32.4,18.0,1
33900.0,258500.0,4717.3,1,0.51,72.7,35.1,5.0,1
20800.0,199500.0,3640.63,4,5.35,63.7,14.5,5.0,1
71700.0,735300.0,13418.31,0,9.51,73.9,29.7,0.0,1
117100.0,1085500.0,19809.02,3,2.27,70.6,16.7,5.0,1
91700.0,743900.0,13575.25,5,0.55,45.4,30.6,18.0,1
179900.0,1461100.0,26663.26,1,1.1,62.9,24.2,0.0,1
98800.0,774800.0,14139.14,3,4.88,74.8,16.8,5.0,1
160300.0,1568200.0,28617.7,2,0.83,84.1,20.8,18.0,1
87600.0,626600.0,11434.67,4,8.65,79.2,16.4,5.0,1
174700.0,1419000.0,25894.98,3,1.39,66.2,31.8,0.0,1
27600.0,223800.0,4084.07,0,5.41,70.5,17.9,0.0,1
143800.0,1485600.0,27110.35,2,1.24,63.7,22.1,0.0,1
13600.0,137100.0,2501.9,2,4.08,76.3,39.8,5.0,1
51700.0,489300.0,8929.12,2,10.89,91.6,30.0,0.0,1
44300.0,322500.0,5885.22,3,3.11,79.4,68.0,18.0,1
13800.0,143500.0,2618.7,6,0.18,83.1,68.0,18.0,1
47000.0,483900.0,8830.57,5,0.43,93.8,23.8,0.0,1
119700.0,876500.0,15995.03,1,10.15,79.3,27.6,0.0,1
48800.0,394200.0,7193.66,3,6.29,92.1,68.0,18.0,1
32200.0,251500.0,4589.56,4,0.45,81.0,51.8,5.0,1
119000.0,875300.0,15973.14,1,7.61,90.6,21.4,5.0,1
122000.0,1225200.0,22358.37,1,0.35,59.7,31.7,0.0,1
182000.0,1662900.0,30345.85,2,1.36,57.4,28.0,0.0,1
130300.0,1303100.0,23779.95,5,0.42,53.9,24.8,0.0,1
69500.0,535700.0,9775.86,3,1.46,73.2,16.5,18.0,1
217500.0,2357300.0,43017.79,2,1.03,68.3,13.9,18.0,1
45200.0,425400.0,7763.02,0,6.07,83.7,32.4,0.0,1
58600.0,509500.0,9297.74,6,0.82,62.1,29.3,0.0,1
89100.0,667400.0,12179.22,4,2.53,57.9,15.5,5.0,1
72000.0,594400.0,10847.06,5,0.86,81.0,12.5,5.0,1
75400.0,787700.0,14374.54,4,1.24,73.8,18.3,5.0,1
174600.0,1414700.0,25816.51,2,5.72,71.9,36.1,0.0,1
79500.0,648000.0,11825.19,0,8.93,46.6,28.1,0.0,1
129000.0,1426600.0,26033.67,1,1.61,60.9,26.1,18.0,1
57500.0,505700.0,9228.4,8,1.36,65.3,19.6,5.0,1
80000.0,576800.0,10525.88,1,7.44,72.6,23.7,0.0,1
66300.0,614300.0,11210.21,2,1.21,61.8,29.1,18.0,1
140000.0,1500600.0,27384.08,4,0.77,89.7,17.5,0.0,1
41400.0,408900.0,7461.92,3,2.35,68.0,26.7,18.0,1
15300.0,154100.0,2812.13,6,1.49,96.0,18.7,5.0,1
102300.0,839300.0,15316.18,2,3.39,55.1,33.9,0.0,1
208800.0,1996500.0,36433.64,2,0.59,59.9,19.5,18.0,1
55200.0,572200.0,10441.94,4,0.33,77.9,22.2,18.0,0
44600.0,432400.0,7890.76,1,3.41,93.9,13.9,5.0,1
188800.0,1517400.0,27690.66,1,4.14,68.2,26.5,0.0,1
113900.0,1160700.0,21181.33,1,6.13,42.6,31.6,0.0,1
14000.0,123100.0,2246.42,6,1.62,77.7,35.5,5.0,1
32800.0,252700.0,4611.46,5,1.38,77.0,16.9,5.0,1
93600.0,695600.0,12693.83,9,0.55,88.2,17.4,5.0,1
193900.0,1908900.0,34835.05,5,2.4,92.9,18.9,18.0,1
127800.0,1415100.0,25823.81,1,0.96,79.1,33.7,18.0,1
61400.0,651200.0,11883.59,1,0.66,63.5,46.5,5.0,1
17600.0,189800.0,3463.61,2,0.56,57.9,42.6,5.0,1
59200.0,435200.0,7941.86,3,1.21,71.9,13.7,5.0,1
32400.0,312500.0,5702.74,5,1.31,86.7,19.8,5.0,1
20200.0,191800.0,3500.11,3,3.07,48.0,46.6,5.0,1
132600.0,1263900.0,23064.6,0,8.82,62.0,32.8,0.0,1
193000.0,1557900.0,28429.74,4,2.06,73.8,24.6,0.0,1
66000.0,557000.0,10164.56,3,0.35,72.7,27.9,0.0,1
25200.0,268200.0,4894.32,5,0.61,78.3,19.6,5.0,1
94800.0,833700.0,15213.99,2,2.32,81.4,31.7,0.0,1
36100.0,305100.0,5567.7,2,0.35,69.3,25.2,0.0,1
66500.0,568500.0,10374.42,2,0.44,82.8,29.9,0.0,1
71700.0,759700.0,13863.58,2,1.4,72.1,18.0,5.0,1
71500.0,755100.0,13779.63,5,0.31,63.4,16.5,5.0,0
125400.0,974300.0,17779.76,1,1.13,71.9,33.7,18.0,1
100300.0,959700.0,17513.33,4,1.2,71.8,11.7,5.0,1
171600.0,1376400.0,25117.59,1,1.81,77.1,28.3,0.0,1
79600.0,858100.0,15659.26,1,8.53,54.6,25.0,0.0,1
166500.0,1421800.0,25946.08,1,0.71,62.3,25.9,0.0,1
108900.0,908700.0,16582.64,4,1.37,73.0,22.7,5.0,1
100600.0,1052100.0,19199.51,0,8.85,60.3,17.6,5.0,1
74600.0,618900.0,11294.15,1,3.0,66.4,23.2,0.0,1
24800.0,212300.0,3874.21,2,3.22,60.0,26.0,18.0,1
35100.0,258600.0,4719.13,2,3.25,71.4,23.8,0.0,1
122900.0,1080500.0,19717.78,5,0.2,52.4,27.9,18.0,0
62900.0,534600.0,9755.78,1,1.26,78.6,23.3,0.0,1
66100.0,518300.0,9458.33,4,3.78,65.8,34.1,18.0,1
17500.0,146000.0,2664.32,4,0.65,73.1,21.3,5.0,1
53400.0,490800.0,8956.49,6,0.48,51.6,17.2,5.0,0
145400.0,1211400.0,22106.54,4,1.97,39.2,22.7,0.0,1
55100.0,450700.0,8224.71,2,2.2,65.1,38.0,5.0,1
129800.0,1076500.0,19644.78,2,0.7,64.4,23.2,0.0,1
105400.0,1041600.0,19007.9,4,4.62,54.5,19.9,5.0,1
170900.0,1532000.0,27957.09,0,8.56,38.0,24.7,0.0,1
71600.0,545600.0,9956.52,3,2.3,78.6,17.9,5.0,1
70100.0,525600.0,9591.55,2,2.81,64.0,34.7,5.0,1
153100.0,1351200.0,24657.72,3,0.47,52.2,30.5,0.0,1
41700.0,352600.0,6434.51,5,0.73,76.9,14.9,5.0,1
133700.0,1273900.0,23247.09,0,7.87,50.9,25.1,0.0,1
109400.0,946200.0,17266.97,0,7.01,62.7,30.5,0.0,1
53100.0,414300.0,7560.46,5,1.04,75.5,10.9,5.0,1
63000.0,458400.0,8365.23,5,1.07,55.1,16.6,5.0,1
22600.0,184800.0,3372.37,3,1.44,96.0,18.3,5.0,1
52900.0,569100.0,10385.37,4,1.78,68.7,18.0,5.0,1
77600.0,821200.0,14985.88,6,0.34,61.8,17.8,5.0,0
68100.0,632000.0,11533.21,4,1.04,65.1,23.2,18.0,1
123000.0,953800.0,17405.66,3,1.95,78.7,31.4,18.0,1
84100.0,638300.0,11648.18,3,4.79,65.5,11.8,5.0,1
92000.0,787900.0,14378.19,1,0.98,58.9,32.7,0.0,1
85100.0,879600.0,16051.6,2,2.78,86.6,24.8,0.0,1
96700.0,752300.0,13728.54,3,0.43,41.6,14.5,5.0,1
112600.0,871600.0,15905.61,2,0.43,66.6,34.0,18.0,1
12900.0,112800.0,2058.46,2,0.5,65.0,35.2,18.0,1
50000.0,420000.0,7664.48,3,1.16,77.2,51.5,5.0,1
17000.0,121900.0,2224.52,3,2.13,72.9,16.4,5.0,1
167600.0,1683400.0,30719.95,3,0.54,65.7,18.6,0.0,1
91500.0,981400.0,17909.33,4,1.92,72.8,15.4,5.0,1
179900.0,1385000.0,25274.53,1,0.84,76.8,33.8,0.0,1
115700.0,1066700.0,19465.95,6,0.15,69.1,17.4,18.0,0
17100.0,149000.0,2719.06,7,0.36,70.7,36.7,5.0,1
124300.0,925300.0,16885.57,2,3.13,53.2,23.2,0.0,1
31500.0,317500.0,5793.98,5,0.86,91.4,20.6,5.0,1
96000.0,704900.0,12863.55,3,2.65,94.9,16.2,5.0,1
54700.0,499500.0,9115.25,1,5.41,84.4,38.9,18.0,1
152400.0,1644400.0,30008.25,4,0.49,64.5,19.9,18.0,1
54700.0,545200.0,9949.22,8,0.1,67.5,16.7,5.0,0
44900.0,492000.0,8978.39,2,0.4,60.9,51.0,5.0,1
119100.0,967300.0,17652.02,2,1.76,53.5,21.2,18.0,1
47900.0,465700.0,8498.45,4,2.41,80.6,16.6,5.0,1
46400.0,382000.0,6971.02,1,2.59,69.0,25.4,0.0,1
35500.0,317300.0,5790.33,4,3.23,72.1,15.2,5.0,1
172800.0,1439800.0,26274.56,3,4.29,72.4,32.0,0.0,1
67100.0,566200.0,10332.45,5,1.79,76.3,19.8,5.0,1
33000.0,364200.0,6646.2,5,0.25,72.8,14.3,5.0,0
224400.0,2294700.0,41875.42,1,1.87,73.1,23.7,18.0,1
26200.0,195400.0,3565.81,6,0.72,55.4,39.5,5.0,1
117900.0,1157200.0,21117.46,4,0.78,61.0,23.2,0.0,1
56400.0,463000.0,8449.17,1,15.28,70.3,21.5,18.0,1
147100.0,1405800.0,25654.1,1,0.57,66.3,11.0,0.0,1
136400.0,1444400.0,26358.5,2,0.77,89.1,32.3,0.0,1
166900.0,1341700.0,24484.35,2,0.78,84.4,24.3,0.0,1
188200.0,1788900.0,32645.2,1,1.29,63.1,25.6,0.0,1
99800.0,877800.0,16018.76,8,0.88,81.9,15.1,5.0,1
66800.0,560000.0,10219.3,2,0.86,61.4,24.8,0.0,1
33000.0,244300.0,4458.17,3,0.99,70.9,37.7,5.0,1
81600.0,783700.0,14301.55,4,2.08,66.9,16.6,5.0,1
182200.0,1829100.0,33378.8,1,1.79,77.7,29.2,0.0,1
110100.0,944100.0,17228.65,9,0.76,80.5,15.6,5.0,1
113800.0,1054300.0,19239.66,1,1.17,71.5,24.6,0.0,1
158300.0,1674000.0,30548.42,1,3.09,67.4,27.7,0.0,1
207300.0,1811200.0,33052.14,2,0.64,77.9,21.3,18.0,1
72400.0,615000.0,11222.98,3,0.31,77.2,44.3,5.0,1
138600.0,1237900.0,22590.13,1,6.39,81.2,31.2,18.0,1
198900.0,1808800.0,33008.35,4,4.05,76.5,25.2,0.0,1
91900.0,1010400.0,18438.54,3,0.74,85.1,21.1,5.0,1
79200.0,854600.0,15595.39,1,2.14,67.9,22.3,5.0,1
76800.0,850400.0,15518.74,8,0.12,54.5,17.9,5.0,0
48300.0,460400.0,8401.73,1,1.98,51.6,52.3,5.0,1
71200.0,748200.0,13653.72,4,0.36,63.9,17.7,5.0,0
71600.0,625300.0,11410.95,7,0.8,65.4,17.1,5.0,1
40400.0,327700.0,5980.12,1,1.87,44.8,68.0,18.0,1
117600.0,1077300.0,19659.38,4,0.52,58.7,14.0,5.0,1
119100.0,1227600.0,22402.17,6,1.08,58.0,14.1,5.0,1
99300.0,907300.0,16557.1,3,2.02,62.3,13.2,5.0,1
71600.0,751600.0,13715.76,4,1.31,57.0,43.7,5.0,1
83000.0,699000.0,12755.88,1,4.79,74.8,15.5,5.0,1
29200.0,263200.0,4803.07,1,0.89,89.3,48.6,5.0,1
177400.0,1432700.0,26144.99,2,0.38,65.7,24.7,0.0,1
44900.0,352800.0,6438.16,2,0.83,77.1,19.5,18.0,1
183400.0,2025700.0,36966.5,3,7.07,57.0,13.7,18.0,1
32000.0,282600.0,5157.1,3,4.03,49.5,38.3,5.0,1
176900.0,1492600.0,27238.09,1,1.76,58.0,31.5,0.0,1
43300.0,379900.0,6932.7,0,7.31,62.3,49.5,5.0,1
79000.0,577500.0,10538.66,2,7.79,53.2,17.2,5.0,1
106700.0,1102200.0,20113.78,4,7.59,71.0,20.6,0.0,1
47600.0,472000.0,8613.41,1,1.2,78.7,48.0,5.0,1
99300.0,722600.0,13186.55,1,7.51,86.9,29.9,0.0,1
59200.0,447100.0,8159.02,3,0.31,74.5,21.0,5.0,1
50200.0,415500.0,7582.36,4,3.95,86.2,68.0,18.0,1
73500.0,654000.0,11934.69,4,0.83,78.3,43.8,18.0,1
57900.0,419800.0,7660.83,4,2.38,68.9,18.3,5.0,1
40100.0,298900.0,5454.55,2,1.5,84.0,13.3,5.0,1
74600.0,599500.0,10940.13,3,0.84,67.8,13.3,0.0,1
49200.0,436500.0,7965.58,4,0.66,61.4,37.0,5.0,1
90900.0,790100.0,14418.34,3,2.09,81.7,18.5,18.0,1
39400.0,343300.0,6264.8,1,3.4,80.9,39.9,5.0,1
85900.0,824200.0,15040.62,1,5.27,76.9,36.9,0.0,1
29300.0,279800.0,5106.0,2,2.93,76.6,42.0,5.0,1
59100.0,650900.0,11878.11,3,3.83,80.4,24.9,0.0,1
53100.0,565000.0,10310.55,1,0.67,39.1,35.1,0.0,1
55500.0,440200.0,8033.1,0,4.92,71.8,50.9,18.0,1
108900.0,1164000.0,21241.55,7,0.64,81.0,27.1,18.0,1
94900.0,684100.0,12483.97,2,3.17,71.8,21.6,0.0,1
71500.0,715300.0,13053.33,2,1.59,69.4,32.9,0.0,1
33600.0,264700.0,4830.45,0,6.86,71.4,27.2,0.0,1
21900.0,224600.0,4098.67,5,0.16,62.9,18.2,5.0,0
138600.0,1184400.0,21613.83,2,1.15,66.8,27.4,0.0,1
43300.0,313900.0,5728.28,2,2.49,67.0,15.8,0.0,1
150000.0,1415300.0,25827.46,2,5.43,59.7,28.6,0.0,1
127500.0,983700.0,17951.3,1,4.31,52.2,26.4,0.0,1
59900.0,630900.0,11513.14,3,0.34,57.0,13.7,5.0,1
131000.0,1001000.0,18267.0,1,0.48,76.3,22.9,18.0,1
57400.0,459600.0,8387.13,1,1.75,67.4,40.1,5.0,1
128700.0,1078500.0,19681.28,1,0.94,92.2,21.8,0.0,1
88300.0,768800.0,14029.64,1,1.03,67.2,20.1,0.0,1
70300.0,670500.0,12235.79,0,9.14,58.4,42.0,5.0,1
123000.0,903200.0,16482.28,3,1.4,95.0,18.4,18.0,1
116700.0,979500.0,17874.66,4,0.54,62.2,32.8,18.0,1
86900.0,713900.0,13027.79,4,0.44,85.4,20.7,5.0,1
50600.0,450200.0,8215.59,4,3.31,84.2,50.8,18.0,1
101300.0,743200.0,13562.47,1,2.05,75.9,34.1,0.0,1
57300.0,493500.0,9005.76,3,0.79,61.5,44.9,18.0,1
221000.0,2101200.0,38344.28,3,1.72,67.6,16.6,18.0,1
73100.0,562400.0,10263.1,2,8.25,64.8,39.0,18.0,1
124600.0,1132300.0,20663.07,0,7.55,65.1,15.4,0.0,1
125900.0,1035500.0,18896.59,1,1.09,91.5,23.0,0.0,1
84900.0,620400.0,11321.53,3,2.76,62.4,13.9,5.0,1
88300.0,650800.0,11876.29,4,6.43,78.6,16.3,5.0,1
105100.0,1058700.0,19319.96,7,1.42,82.3,15.2,5.0,1
97700.0,927900.0,16933.02,1,4.19,64.9,35.5,0.0,1
79100.0,637400.0,11631.76,2,0.51,57.1,16.8,5.0,1
168100.0,1568300.0,28619.52,1,0.51,84.4,23.1,0.0,1
28900.0,212100.0,3870.56,3,1.91,67.7,16.3,5.0,1
59500.0,585300.0,10681.0,3,0.46,73.9,26.7,18.0,1
168900.0,1237400.0,22581.01,4,3.21,94.1,24.6,0.0,1
41200.0,370800.0,6766.64,2,2.2,70.1,22.8,0.0,1
31500.0,294700.0,5377.91,5,2.48,77.8,18.1,5.0,1
52800.0,408700.0,7458.27,1,0.91,88.6,27.6,0.0,1
24500.0,214900.0,3921.66,3,2.98,79.4,32.7,18.0,1
113600.0,994100.0,18141.09,3,0.37,92.3,22.9,18.0,1
89000.0,686200.0,12522.3,0,4.71,59.0,31.1,0.0,1
66600.0,628400.0,11467.52,2,2.16,74.3,15.7,5.0,1
168000.0,1407300.0,25681.47,3,2.67,63.5,27.1,0.0,1
159800.0,1242000.0,22664.95,5,0.36,72.1,11.0,18.0,1
25400.0,274100.0,5001.98,3,1.25,80.9,27.5,18.0,1
82700.0,655200.0,11956.58,5,0.27,84.7,20.7,5.0,1
107200.0,812100.0,14819.81,1,1.73,76.2,27.8,18.0,1
58500.0,497800.0,9084.23,5,1.08,47.9,19.3,5.0,1
134000.0,994000.0,18139.26,3,7.27,71.6,10.4,0.0,1
66300.0,538200.0,9821.48,2,5.72,96.0,25.6,0.0,1
17100.0,150700.0,2750.09,5,0.33,79.1,21.1,5.0,1
191900.0,1539700.0,28097.61,0,9.48,96.0,22.9,0.0,1
176100.0,1388500.0,25338.4,2,0.41,77.3,30.3,0.0,1
185700.0,1480500.0,27017.28,2,0.32,63.1,26.6,0.0,1
79100.0,735000.0,13412.83,5,1.09,56.4,17.2,5.0,1
179300.0,1785400.0,32581.33,3,0.9,73.7,24.3,18.0,1
27700.0,202500.0,3695.37,2,0.83,77.8,25.0,0.0,1
142500.0,1551000.0,28303.82,1,0.72,75.1,24.1,0.0,1
84600.0,625800.0,11420.07,5,0.15,60.0,17.4,5.0,0
12600.0,115600.0,2109.56,6,0.27,80.7,49.1,5.0,1
102300.0,964400.0,17599.1,1,1.16,64.1,26.2,0.0,1
144600.0,1278700.0,23334.68,3,2.18,57.2,19.8,0.0,1
169400.0,1502800.0,27424.23,2,0.3,62.4,23.2,0.0,1
209600.0,2261900.0,41276.86,2,1.81,64.7,16.6,18.0,1
19200.0,159100.0,2903.38,3,0.72,63.0,21.4,5.0,1
176300.0,1473100.0,26882.24,0,5.48,78.2,27.4,0.0,1
131400.0,1159100.0,21152.13,1,1.13,68.6,26.1,0.0,1
103800.0,1047900.0,19122.87,4,0.58,51.1,15.5,5.0,1
191400.0,1392900.0,25418.69,0,5.44,44.2,13.8,18.0,1
75900.0,770600.0,14062.49,2,0.4,75.3,19.3,18.0,1
30000.0,323500.0,5903.47,0,7.64,77.5,26.3,18.0,1
149000.0,1329600.0,24263.54,3,0.74,75.1,30.7,18.0,1
103500.0,814000.0,14854.49,4,1.91,71.0,28.5,18.0,1
69700.0,507800.0,9266.72,0,9.77,90.6,19.0,0.0,1
134000.0,1353400.0,24697.86,1,0.85,64.6,18.6,18.0,1
31300.0,286500.0,5228.27,0,4.8,58.3,28.8,0.0,1
176200.0,1547600.0,28241.77,0,5.34,53.7,32.4,0.0,1
98800.0,860900.0,15710.35,4,1.84,62.8,13.3,5.0,1
82700.0,832200.0,15186.61,7,1.05,44.2,19.2,5.0,1
160000.0,1276000.0,23285.41,0,7.93,55.6,23.7,0.0,1
36700.0,327600.0,5978.29,7,0.47,69.4,23.0,18.0,0
57700.0,503800.0,9193.72,5,0.26,65.2,43.8,5.0,1
30500.0,291800.0,5324.99,2,3.04,38.4,44.5,5.0,1
147500.0,1496600.0,27311.09,3,1.15,67.2,37.5,18.0,1
83200.0,744600.0,13588.02,2,2.75,95.7,13.8,5.0,1
94400.0,881500.0,16086.28,1,0.95,71.8,24.8,0.0,1
17600.0,185100.0,3377.84,3,0.71,69.2,49.7,5.0,1
106700.0,867800.0,15836.27,1,6.52,65.4,33.7,0.0,1
100600.0,978700.0,17860.06,4,10.63,65.7,25.7,18.0,1
37600.0,371200.0,6773.94,1,1.13,65.3,28.7,0.0,1
174000.0,1571100.0,28670.62,2,2.62,71.9,25.5,0.0,1
112100.0,985800.0,17989.62,1,5.05,80.7,34.2,18.0,1
60100.0,535600.0,9774.03,3,3.86,83.1,17.3,5.0,1
175800.0,1764400.0,32198.1,2,0.53,65.7,28.0,0.0,1
96000.0,922700.0,16838.13,1,4.07,42.9,19.7,5.0,1
157300.0,1575900.0,28758.21,1,1.21,75.2,27.3,0.0,1
73500.0,531400.0,9697.39,1,15.55,66.2,39.3,5.0,1
124700.0,1192700.0,21765.29,1,1.31,67.0,16.6,18.0,1
56800.0,425100.0,7757.55,3,5.05,76.6,15.9,5.0,1
29700.0,243400.0,4441.75,7,0.59,57.1,16.1,5.0,1
58800.0,463400.0,8456.47,1,5.42,84.4,16.8,5.0,1
71800.0,616000.0,11241.23,4,3.73,65.5,14.8,5.0,1
28800.0,225800.0,4120.57,1,5.67,57.1,37.4,5.0,1
13800.0,110400.0,2014.66,1,2.38,70.6,41.6,5.0,1
136300.0,1103300.0,20133.85,3,2.29,72.9,16.9,18.0,1
50500.0,554600.0,10120.76,4,6.17,38.9,24.2,0.0,1
16200.0,116600.0,2127.8,4,5.62,55.6,44.0,5.0,1
34600.0,251700.0,4593.21,2,3.9,63.2,32.7,5.0,1
120500.0,962700.0,17568.08,3,1.56,86.0,17.6,18.0,1
65400.0,538100.0,9819.65,6,0.3,75.6,16.1,5.0,0
119400.0,1279400.0,23347.46,2,0.95,56.3,21.3,0.0,1
103600.0,798000.0,14562.51,2,7.12,61.0,22.7,0.0,1
34200.0,331500.0,6049.46,3,1.53,56.9,15.7,5.0,1
50500.0,540100.0,9856.15,4,1.2,57.6,17.0,5.0,0
43400.0,405800.0,7405.34,2,5.61,58.0,13.2,5.0,1
75600.0,825800.0,15069.82,0,7.75,68.7,38.5,5.0,1
17600.0,169700.0,3096.81,3,3.47,66.9,28.2,5.0,1
127400.0,1079300.0,19695.88,4,0.93,66.7,28.9,0.0,1
128600.0,1310700.0,23918.64,2,5.15,85.5,36.4,0.0,1
15900.0,151400.0,2762.86,6,0.17,76.4,38.5,5.0,0
35200.0,382400.0,6978.32,3,10.08,96.0,35.7,18.0,1
165000.0,1783700.0,32550.3,0,4.84,79.5,23.7,0.0,1
104700.0,934200.0,17047.99,0,4.53,79.7,28.6,0.0,1
85500.0,875500.0,15976.78,4,0.98,76.2,17.9,0.0,1
26300.0,200900.0,3666.17,1,3.09,69.7,27.8,18.0,1
40400.0,349300.0,6374.29,5,0.19,85.9,15.0,5.0,0
153100.0,1127400.0,20573.65,4,1.27,78.7,27.5,0.0,1
66800.0,516900.0,9432.78,3,3.24,91.6,16.4,5.0,1
90700.0,717100.0,13086.18,0,7.02,72.5,25.4,0.0,1
29800.0,271500.0,4954.54,0,6.82,59.9,13.8,5.0,1
54100.0,426200.0,7777.62,4,1.17,66.5,68.0,18.0,1
139200.0,1032600.0,18843.66,2,2.52,89.0,31.7,18.0,1
24800.0,223300.0,4074.95,2,5.78,75.4,42.3,5.0,1
14100.0,119300.0,2177.08,4,4.93,52.7,64.7,18.0,1
43100.0,453100.0,8268.51,6,0.48,95.2,49.3,5.0,1
66200.0,719000.0,13120.85,2,12.11,94.4,54.8,18.0,1
41300.0,334100.0,6096.91,3,2.69,62.6,14.4,0.0,1
78100.0,662400.0,12087.98,6,1.03,48.6,17.5,5.0,1
39900.0,324800.0,5927.2,1,0.65,81.8,27.7,0.0,1
66700.0,651500.0,11889.06,2,3.87,59.5,29.6,0.0,1
105500.0,880300.0,16064.38,4,0.37,65.0,11.2,5.0,1
98600.0,807900.0,14743.17,0,7.73,68.1,26.4,0.0,1
96500.0,860000.0,15693.93,2,5.71,73.1,28.2,0.0,1
63500.0,667900.0,12188.34,6,0.46,55.7,13.6,5.0,0
22200.0,239700.0,4374.23,4,2.78,72.1,33.6,5.0,1
69700.0,571300.0,10425.51,2,3.82,85.7,36.9,0.0,1
88000.0,870600.0,15887.37,0,9.31,78.7,18.9,0.0,1
143900.0,1501000.0,27391.38,0,4.96,56.9,26.0,0.0,1
44300.0,397300.0,7250.23,3,0.37,74.4,32.9,18.0,1
202800.0,1843000.0,33632.46,1,4.31,73.7,22.3,18.0,1
62300.0,610100.0,11133.57,2,4.33,63.9,21.2,0.0,1
179000.0,1929800.0,35216.45,1,0.3,63.1,25.1,0.0,1
30500.0,279000.0,5091.4,2,0.45,82.8,25.9,0.0,1
16400.0,132700.0,2421.61,3,1.98,64.1,49.4,5.0,1
172500.0,1813000.0,33084.99,3,0.4,59.2,23.6,0.0,0
81200.0,786100.0,14345.35,5,0.92,77.4,14.3,5.0,1
39100.0,323100.0,5896.17,5,0.21,68.2,47.8,5.0,1
199200.0,2212000.0,40366.25,1,1.53,78.0,23.7,0.0,1
77800.0,685800.0,12515.0,6,1.07,89.5,12.4,5.0,1
27900.0,219200.0,4000.13,4,4.21,75.2,16.6,5.0,1
51600.0,497100.0,9071.46,4,0.73,81.3,12.6,5.0,1
44200.0,343000.0,6259.32,1,1.08,41.3,34.6,5.0,1
129600.0,1036600.0,18916.66,6,0.15,62.8,17.6,18.0,0
64900.0,477600.0,8715.61,5,0.27,96.0,16.7,5.0,1
48100.0,356500.0,6505.68,2,1.37,60.1,39.5,18.0,1
34900.0,252600.0,4609.64,4,1.46,61.9,41.1,5.0,1
112900.0,943800.0,17223.17,2,1.61,79.6,31.9,18.0,1
26400.0,208700.0,3808.52,2,8.41,69.5,18.8,0.0,1
63300.0,585900.0,10691.95,2,0.88,65.0,33.5,0.0,1
33800.0,246700.0,4501.97,3,2.94,58.4,26.5,5.0,1
74400.0,621200.0,11336.13,2,2.6,75.1,60.9,18.0,1
73600.0,567700.0,10359.82,0,5.31,74.8,46.4,5.0,1
161700.0,1237500.0,22582.83,3,2.84,56.3,30.6,0.0,1
36200.0,267200.0,4876.07,2,2.48,72.8,64.1,5.0,1
17300.0,176300.0,3217.26,7,0.75,51.7,14.3,5.0,0
131400.0,1050800.0,19175.79,0,9.3,59.6,23.4,0.0,1
100200.0,778500.0,14206.66,3,2.57,80.2,21.3,18.0,1
111600.0,1057100.0,19290.76,5,0.4,80.9,12.5,5.0,1
91700.0,718400.0,13109.91,2,4.15,85.1,27.9,18.0,1
103100.0,1084700.0,19794.42,2,1.1,74.1,20.2,5.0,1
53900.0,469300.0,8564.14,3,5.13,83.5,17.7,5.0,1
37300.0,285500.0,5210.02,4,0.71,90.5,27.1,0.0,1
125200.0,1372700.0,25050.07,3,2.04,79.5,30.0,0.0,1
64100.0,518500.0,9461.98,5,0.52,57.1,15.8,5.0,1
23700.0,244600.0,4463.65,8,0.76,55.5,14.9,5.0,0
147100.0,1508300.0,27524.6,2,4.82,88.2,16.9,18.0,1
74600.0,726800.0,13263.2,2,2.64,83.9,20.6,0.0,1
162800.0,1346700.0,24575.6,2,3.28,73.7,32.5,0.0,1
71600.0,538700.0,9830.6,1,0.44,87.2,31.4,18.0,1
138100.0,1168100.0,21316.37,2,4.14,58.6,35.4,0.0,1
27300.0,219400.0,4003.78,1,1.62,66.0,42.1,18.0,1
46400.0,490200.0,8945.54,4,4.95,83.6,8.0,5.0,1
22600.0,180200.0,3288.43,2,0.45,82.7,54.2,5.0,1
170000.0,1677000.0,30603.16,2,5.89,86.3,27.2,0.0,1
160800.0,1718300.0,31356.84,4,0.85,69.0,24.9,0.0,1
60300.0,668300.0,12195.64,2,0.91,79.8,26.7,0.0,1
116300.0,1082900.0,19761.58,3,5.06,88.9,31.9,0.0,1
157100.0,1157500.0,21122.93,0,7.19,70.3,23.6,0.0,1
144700.0,1051400.0,19186.74,1,1.27,64.7,13.8,18.0,1
59100.0,542400.0,9898.12,0,7.26,62.0,37.6,18.0,1
16900.0,134800.0,2459.93,8,3.53,51.1,40.6,5.0,1
39600.0,347800.0,6346.92,6,0.42,84.7,13.3,5.0,1
40100.0,406400.0,7416.29,5,0.62,68.3,44.7,5.0,1
113900.0,818700.0,14940.26,5,0.26,67.7,25.5,0.0,1
34700.0,297900.0,5436.3,1,1.05,68.5,19.4,18.0,1
118400.0,1274200.0,23252.56,7,0.62,78.7,23.4,18.0,0
50500.0,395000.0,7208.26,2,0.85,73.7,18.5,18.0,1
168800.0,1526900.0,27864.02,5,0.3,59.4,31.2,0.0,0
77900.0,666400.0,12160.97,3,0.72,74.0,58.5,5.0,1
214500.0,1753500.0,31999.19,3,0.35,64.3,20.4,18.0,1
174000.0,1828700.0,33371.5,3,1.61,44.6,24.6,0.0,1
144200.0,1452000.0,26497.19,2,2.3,62.9,40.8,0.0,1
35500.0,260400.0,4751.98,4,9.18,53.6,19.7,18.0,1
124600.0,1031200.0,18818.12,0,7.92,61.6,23.1,0.0,1
81400.0,828300.0,15115.44,2,0.48,72.9,30.2,18.0,1
31500.0,293400.0,5354.18,2,2.29,72.0,22.2,18.0,1
93500.0,722600.0,13186.55,1,0.66,64.0,31.4,18.0,1
31200.0,277900.0,5071.33,4,1.18,75.7,39.4,5.0,1
140500.0,1049700.0,19155.72,1,6.19,64.7,27.8,0.0,1
90900.0,670400.0,12233.97,1,0.9,78.9,24.7,0.0,1
52900.0,432300.0,7888.94,4,1.29,64.0,36.2,5.0,1
17700.0,144900.0,2644.24,7,0.1,84.3,18.9,5.0,0
49100.0,489400.0,8930.94,4,0.98,69.6,21.5,0.0,1
95900.0,814200.0,14858.14,3,1.42,65.9,33.7,18.0,1
78200.0,567600.0,10357.99,2,1.94,55.7,22.4,18.0,1
195500.0,2045100.0,37320.53,3,2.84,80.6,38.8,0.0,1
97400.0,806500.0,14717.62,9,1.15,58.2,16.2,5.0,0
24300.0,194600.0,3551.21,3,1.02,76.4,18.5,5.0,1
126500.0,1078400.0,19679.46,1,3.04,78.9,29.8,0.0,1
87800.0,761800.0,13901.9,4,2.75,60.0,34.9,18.0,1
124900.0,1311700.0,23936.89,2,5.04,62.3,25.8,0.0,1
60000.0,629900.0,11494.89,0,6.39,75.6,24.5,18.0,1
52000.0,476500.0,8695.53,4,0.84,51.2,14.5,5.0,1
24900.0,221900.0,4049.4,1,2.34,68.8,59.1,18.0,1
29200.0,312100.0,5695.44,3,1.95,83.8,27.4,18.0,1
138200.0,1135600.0,20723.29,2,0.38,66.0,29.4,0.0,1
17400.0,149300.0,2724.54,1,0.62,91.2,17.0,5.0,1
14100.0,103900.0,1896.05,5,0.15,62.2,56.2,18.0,1
108200.0,1192300.0,21757.99,1,0.84,75.9,26.5,0.0,1
83800.0,608700.0,11108.02,0,8.74,59.7,16.8,18.0,1
98000.0,763800.0,13938.4,3,9.37,87.8,20.3,18.0,1
107600.0,951100.0,17356.39,3,1.03,49.4,13.6,5.0,1
69500.0,555300.0,10133.53,1,3.92,51.7,23.3,18.0,1
121200.0,1072300.0,19568.14,1,0.92,77.9,33.6,0.0,1
34500.0,338300.0,6173.55,2,1.07,75.2,35.0,5.0,1
28000.0,253800.0,4631.53,4,0.34,77.1,49.2,5.0,1
85000.0,629700.0,11491.24,3,0.87,58.6,15.3,5.0,1
138900.0,1271600.0,23205.12,0,6.32,55.1,27.3,0.0,1
33700.0,272900.0,4980.09,3,2.36,68.1,25.3,18.0,1
27800.0,199700.0,3644.28,4,0.62,70.6,21.1,18.0,1
159800.0,1430800.0,26110.32,2,17.28,68.9,34.2,0.0,1
59800.0,586100.0,10695.6,11,0.75,75.5,19.1,5.0,0
108800.0,877400.0,16011.46,1,0.36,53.4,27.9,0.0,1
67100.0,580100.0,10586.1,3,0.33,67.4,26.0,0.0,1
51600.0,538100.0,9819.65,1,0.33,66.0,26.1,0.0,1
186900.0,1637100.0,29875.04,2,1.16,85.4,33.7,0.0,1
77300.0,564500.0,10301.42,3,1.22,53.2,40.8,5.0,1
155700.0,1380100.0,25185.11,3,1.72,52.7,21.8,0.0,1
165700.0,1586600.0,28953.47,2,3.7,54.6,31.1,0.0,1
117200.0,995100.0,18159.34,4,2.39,83.4,17.9,5.0,1
107300.0,1038400.0,18949.51,1,0.49,61.1,21.4,0.0,1
73400.0,600400.0,10956.55,2,1.55,73.3,33.9,18.0,1
35600.0,267300.0,4877.89,5,0.28,65.9,18.5,5.0,0
46900.0,369500.0,6742.91,3,4.04,67.3,27.5,18.0,1
73700.0,717100.0,13086.18,3,0.45,63.9,20.0,18.0,1
103400.0,855900.0,15619.11,1,1.02,78.6,16.8,5.0,1
163500.0,1514800.0,27643.21,2,2.04,82.8,30.9,0.0,1
34700.0,306600.0,5595.07,1,2.81,63.6,23.0,0.0,1
69100.0,701800.0,12806.98,1,1.82,95.3,43.3,5.0,1
171700.0,1300600.0,23734.33,1,0.81,78.8,17.3,0.0,1
131700.0,1260200.0,22997.08,2,1.93,68.0,18.9,0.0,1
39200.0,430300.0,7852.44,5,2.99,64.0,27.9,5.0,1
109600.0,1040200.0,18982.35,0,5.65,71.5,31.9,0.0,1
117800.0,1187500.0,21670.4,9,0.39,89.4,12.5,5.0,0
70600.0,510600.0,9317.81,2,0.44,70.2,15.2,5.0,1
104900.0,1075900.0,19633.84,4,1.36,82.4,19.5,5.0,1
76400.0,589300.0,10753.99,3,1.2,57.9,46.9,5.0,1
53400.0,555200.0,10131.71,1,1.49,67.3,36.2,0.0,1
58200.0,541500.0,9881.7,2,0.67,82.6,30.6,0.0,1
54700.0,437700.0,7987.48,2,1.12,92.9,54.8,18.0,1
27900.0,223500.0,4078.6,4,1.63,60.9,16.2,5.0,1
47700.0,472900.0,8629.84,2,1.26,63.1,64.5,18.0,1
64700.0,634200.0,11573.36,7,0.92,58.7,27.9,18.0,1
109600.0,845400.0,15427.5,3,2.31,84.5,35.1,18.0,1
59200.0,595400.0,10865.31,5,1.58,76.0,18.6,5.0,1
88800.0,760200.0,13872.7,7,0.24,55.7,21.8,5.0,0
67600.0,533000.0,9726.59,2,1.22,93.7,16.5,5.0,1
65200.0,573000.0,10456.54,4,0.76,75.4,24.5,18.0,1
68300.0,531200.0,9693.74,6,1.49,73.2,19.3,5.0,1
103100.0,962100.0,17557.13,1,4.3,70.7,36.7,0.0,1
186500.0,1762600.0,32165.26,3,1.45,63.3,26.3,0.0,1
42000.0,345900.0,6312.24,1,0.85,75.6,23.2,0.0,1
90100.0,648600.0,11836.14,3,1.75,72.8,17.8,5.0,1
64600.0,627200.0,11445.62,3,4.13,88.6,31.0,0.0,1
107900.0,909200.0,16591.77,2,3.43,74.2,23.1,0.0,1
61600.0,682900.0,12462.07,1,4.11,50.4,37.8,18.0,1
158100.0,1378500.0,25155.91,4,1.61,70.1,37.9,0.0,1
45200.0,373800.0,6821.38,1,3.89,83.7,20.3,0.0,1
92200.0,870700.0,15889.19,3,4.59,68.8,16.2,0.0,1
61900.0,459200.0,8379.83,1,1.74,58.8,33.4,18.0,1
34500.0,309300.0,5644.34,2,4.97,65.9,13.6,5.0,1
79200.0,586100.0,10695.6,1,9.97,62.0,34.7,5.0,1
92800.0,775500.0,14151.91,5,0.18,80.8,19.2,5.0,1
169400.0,1228700.0,22422.25,2,9.42,71.4,31.4,0.0,1
117500.0,1256700.0,22933.21,3,2.06,70.2,16.1,0.0,1
21400.0,227000.0,4142.47,3,2.49,48.8,19.5,5.0,1
162800.0,1301300.0,23747.1,4,2.4,78.0,18.9,0.0,1
62900.0,463400.0,8456.47,1,0.36,71.7,68.0,18.0,1
135300.0,1041700.0,19009.73,1,5.79,62.4,26.5,0.0,1
101100.0,729400.0,13310.64,3,1.68,67.9,16.7,5.0,1
175500.0,1620000.0,29562.98,1,0.72,60.6,28.2,0.0,1
151000.0,1258400.0,22964.23,4,1.16,75.8,20.4,18.0,1
127300.0,992400.0,18110.06,0,8.59,61.5,31.4,0.0,1
21400.0,164700.0,3005.57,6,0.46,85.3,39.9,5.0,1
142600.0,1291900.0,23575.57,3,2.6,96.0,32.9,18.0,1
83800.0,711800.0,12989.46,3,2.42,93.0,14.7,5.0,1
81500.0,617600.0,11270.43,2,6.23,77.2,17.6,5.0,1
28200.0,290200.0,5295.79,4,1.14,43.8,21.1,0.0,1
165700.0,1404200.0,25624.9,5,0.61,70.4,26.2,0.0,1
95100.0,810800.0,14796.09,2,0.48,79.1,23.6,0.0,1
61100.0,559100.0,10202.88,1,2.68,59.5,22.8,18.0,1
24900.0,223400.0,4076.77,5,0.59,55.8,17.6,5.0,1
143000.0,1220900.0,22279.9,2,0.54,54.4,27.7,0.0,1
84300.0,654200.0,11938.34,1,0.76,60.7,20.6,0.0,1
64300.0,706000.0,12883.62,4,0.86,44.5,36.1,5.0,1
43500.0,346600.0,6325.02,2,1.7,93.2,46.4,5.0,1
26900.0,252100.0,4600.51,4,1.48,76.3,13.3,5.0,1
23800.0,186200.0,3397.92,3,0.54,62.3,44.6,5.0,1
87300.0,859700.0,15688.45,3,6.69,67.1,30.3,0.0,1
100800.0,806700.0,14721.27,6,0.12,68.8,12.7,5.0,0
54700.0,418100.0,7629.8,5,0.3,69.1,10.5,5.0,1
60300.0,449500.0,8202.82,2,2.79,52.5,19.9,18.0,1
83100.0,712000.0,12993.11,1,1.0,85.5,30.4,0.0,1
21300.0,235500.0,4297.58,4,3.97,79.7,51.1,18.0,1
20600.0,177300.0,3235.5,3,0.65,59.8,29.5,18.0,1
199600.0,1603700.0,29265.53,1,3.83,60.8,26.2,0.0,1
72500.0,583200.0,10642.67,2,3.37,57.3,43.6,5.0,1
51400.0,390800.0,7131.61,2,3.93,50.8,52.2,18.0,1
97800.0,818100.0,14929.31,5,0.96,75.2,25.5,0.0,1
138600.0,1086500.0,19827.27,3,1.33,67.9,26.4,18.0,1
94600.0,761300.0,13892.78,5,0.44,63.2,18.2,5.0,1
54500.0,438000.0,7992.95,3,0.7,81.8,17.8,5.0,1
60100.0,585000.0,10675.52,3,5.41,64.5,29.7,0.0,1
41500.0,446300.0,8144.42,1,4.28,83.7,12.8,5.0,1
55500.0,412100.0,7520.31,2,5.62,70.0,26.0,0.0,1
157900.0,1168400.0,21321.85,2,1.83,82.7,26.3,0.0,1
50000.0,471900.0,8611.59,2,4.87,74.8,14.9,18.0,1
53900.0,506100.0,9235.69,3,1.86,48.0,31.5,0.0,1
76600.0,751500.0,13713.94,3,9.45,72.4,40.7,5.0,1
115800.0,873100.0,15932.99,1,1.96,83.3,22.0,0.0,1
91600.0,780500.0,14243.15,2,2.57,67.0,21.3,18.0,1
58600.0,493000.0,8996.64,2,2.63,71.9,15.2,5.0,1
40000.0,371700.0,6783.06,1,3.28,61.7,52.5,18.0,1
110900.0,928300.0,16940.32,5,0.83,77.1,15.0,5.0,1
27700.0,202400.0,3693.55,5,0.39,82.2,16.6,5.0,1
88600.0,786800.0,14358.12,2,1.34,68.8,29.0,18.0,1
124900.0,954000.0,17409.31,6,0.63,74.1,28.5,0.0,1
122700.0,894000.0,16314.39,2,2.55,67.8,26.5,0.0,1
95200.0,881100.0,16078.98,2,4.3,75.5,22.9,5.0,1
54300.0,491700.0,8972.91,3,2.48,64.7,15.5,5.0,1
44500.0,425400.0,7763.02,0,9.71,83.4,31.9,0.0,1
111200.0,995800.0,18172.11,4,0.45,77.6,33.0,18.0,1
60600.0,584300.0,10662.75,2,0.62,80.7,28.6,0.0,1
154800.0,1358900.0,24798.23,2,4.12,65.1,25.1,18.0,1
42700.0,325000.0,5930.85,2,1.33,70.6,17.5,5.0,1
147900.0,1163900.0,21239.73,0,5.98,51.0,24.2,0.0,1
116200.0,1274500.0,23258.04,3,7.1,72.9,20.4,0.0,1
28400.0,205600.0,3751.94,4,7.7,65.1,16.0,5.0,1
36500.0,267100.0,4874.24,6,0.65,70.4,41.5,5.0,1
106700.0,938600.0,17128.28,7,1.18,61.2,20.7,5.0,1
65400.0,603100.0,11005.82,4,5.17,76.4,23.4,0.0,1
86400.0,661100.0,12064.25,1,1.42,68.1,43.0,18.0,1
39400.0,430300.0,7852.44,5,0.4,57.9,49.8,5.0,1
22000.0,166400.0,3036.59,4,4.8,66.0,38.7,5.0,1
139000.0,1191600.0,21745.22,1,2.41,76.4,25.9,18.0,1
36500.0,351000.0,6405.31,2,1.51,79.9,27.2,18.0,1
132100.0,1398400.0,25519.06,1,0.32,57.5,22.7,0.0,1
140100.0,1083900.0,19779.83,2,2.38,47.9,20.1,0.0,1
108800.0,934900.0,17060.76,3,0.57,74.5,25.5,0.0,1
120100.0,986800.0,18007.87,0,8.75,70.7,34.0,0.0,1
40400.0,325400.0,5938.14,5,0.18,76.9,34.4,5.0,1
50400.0,442900.0,8082.37,3,2.58,65.2,20.8,5.0,1
117500.0,939500.0,17144.71,4,0.7,96.0,25.7,0.0,1
101700.0,794600.0,14500.46,3,3.61,64.4,21.3,0.0,1
70000.0,578000.0,10547.78,0,5.29,88.7,25.0,0.0,1
53700.0,447800.0,8171.79,1,0.67,58.9,23.4,18.0,1
101400.0,841300.0,15352.68,2,0.6,88.3,22.2,0.0,1
85000.0,863700.0,15761.45,3,2.88,69.9,33.6,0.0,1
167700.0,1832400.0,33439.02,1,0.65,64.1,18.2,0.0,1
66800.0,579800.0,10580.63,2,0.49,77.9,12.8,5.0,1
61000.0,513100.0,9363.44,2,2.17,63.3,16.1,5.0,1
24700.0,247200.0,4511.09,0,6.45,74.0,46.7,5.0,1
97200.0,921200.0,16810.75,2,2.1,73.4,30.5,18.0,1
71600.0,624500.0,11396.35,6,0.35,88.6,13.3,5.0,1
107000.0,908700.0,16582.64,5,0.36,92.3,12.2,5.0,1
74100.0,779700.0,14228.55,3,4.64,75.1,21.1,0.0,1
106900.0,794900.0,14505.94,7,0.44,79.0,14.4,5.0,1
37000.0,376100.0,6863.36,2,0.52,70.9,18.7,0.0,1
54500.0,407300.0,7432.72,2,0.48,62.0,18.1,0.0,1
88500.0,732400.0,13365.39,5,0.44,70.8,18.0,5.0,1
76000.0,547400.0,9989.37,8,0.43,77.7,29.5,5.0,1
115900.0,885900.0,16166.57,3,1.49,72.6,12.8,5.0,1
60500.0,449700.0,8206.47,5,0.81,67.2,30.5,5.0,1
158500.0,1405900.0,25655.92,2,0.63,85.6,18.9,18.0,1
48500.0,376100.0,6863.36,2,2.23,87.5,34.6,0.0,1
78500.0,729300.0,13308.82,1,0.32,49.6,39.3,5.0,1
49300.0,447300.0,8162.67,2,1.63,65.8,30.9,5.0,1
40400.0,406900.0,7425.42,2,1.11,68.7,49.4,18.0,1
18000.0,154400.0,2817.61,5,1.37,57.3,18.4,5.0,1
57100.0,490400.0,8949.19,7,0.39,69.1,33.8,5.0,1
57000.0,438000.0,7992.95,3,8.71,44.0,19.5,0.0,1
224400.0,1806000.0,32957.25,0,4.52,76.8,15.8,18.0,1
91200.0,668400.0,12197.47,6,0.34,77.3,26.9,0.0,1
59000.0,495100.0,9034.96,1,1.31,57.3,38.3,18.0,1
216400.0,2180600.0,39793.23,3,1.5,62.4,23.8,18.0,1
124900.0,1080300.0,19714.13,0,4.82,63.1,19.0,0.0,1
44800.0,445900.0,8137.12,2,3.22,83.6,33.6,5.0,1
55800.0,467400.0,8529.47,1,0.79,80.7,32.1,0.0,1
83600.0,659100.0,12027.75,3,1.72,43.6,32.1,18.0,1
96400.0,788000.0,14380.02,2,4.62,65.9,37.3,0.0,1
103700.0,1049000.0,19142.94,4,2.01,75.8,25.0,5.0,1
178200.0,1297100.0,23670.46,2,2.97,48.8,29.6,0.0,1
36000.0,259500.0,4735.55,2,6.27,73.1,26.0,0.0,1
101700.0,822200.0,15004.13,4,2.32,64.5,31.2,18.0,1
154800.0,1273000.0,23230.66,4,4.57,71.6,29.0,0.0,1
16100.0,165100.0,3012.87,1,2.25,65.9,40.2,18.0,1
64400.0,583500.0,10648.15,4,1.6,64.5,21.2,0.0,1
117200.0,1102000.0,20110.13,1,4.98,76.0,29.0,0.0,1
33800.0,271300.0,4950.89,6,1.35,69.5,16.9,5.0,1
117500.0,1280300.0,23363.88,2,2.12,47.5,19.9,18.0,1
97800.0,881600.0,16088.1,5,0.58,76.9,17.4,5.0,1
97900.0,785900.0,14341.7,1,3.07,74.8,26.7,0.0,1
94300.0,1015100.0,18524.31,6,0.44,57.3,17.8,5.0,0
96600.0,891700.0,16272.41,1,2.44,76.8,15.2,5.0,1
40700.0,295700.0,5396.16,3,0.63,62.3,28.5,18.0,1
66100.0,500800.0,9138.98,2,3.22,66.4,29.4,0.0,1
55500.0,437400.0,7982.01,3,0.66,90.0,68.0,18.0,1
65600.0,677500.0,12363.53,4,1.43,64.0,24.2,5.0,1
143800.0,1234400.0,22526.26,2,0.63,69.1,29.6,18.0,1
170500.0,1718200.0,31355.01,2,2.59,64.0,15.5,0.0,1
118500.0,1157800.0,21128.41,2,2.03,67.2,15.8,18.0,1
23400.0,193900.0,3538.43,2,6.14,78.9,42.6,5.0,1
79500.0,580800.0,10598.88,3,2.63,69.9,23.2,0.0,1
88200.0,762000.0,13905.55,6,0.67,67.2,32.0,18.0,1
59000.0,522200.0,9529.5,0,8.42,73.1,34.6,0.0,1
56200.0,542300.0,9896.3,7,0.66,71.9,12.8,5.0,1
15900.0,158500.0,2892.43,5,0.64,65.6,68.0,18.0,1
52700.0,529500.0,9662.72,0,6.4,65.1,27.4,0.0,1
26300.0,216600.0,3952.68,1,7.84,82.1,34.8,5.0,1
109300.0,1063800.0,19413.03,5,1.55,63.3,18.4,5.0,1
138400.0,1489300.0,27177.87,1,2.89,84.4,32.8,18.0,1
172800.0,1237700.0,22586.48,5,0.31,91.2,32.2,0.0,1
140000.0,1197900.0,21860.18,3,1.83,63.2,23.1,18.0,1
16700.0,164800.0,3007.39,2,0.46,61.7,9.8,5.0,1
39500.0,367400.0,6704.59,1,7.43,89.8,33.3,18.0,1
46400.0,345200.0,6299.47,1,1.41,78.7,20.2,0.0,1
77600.0,676300.0,12341.63,3,1.04,72.3,29.8,0.0,1
190400.0,1652600.0,30157.89,1,5.59,62.9,36.8,0.0,1
30900.0,235400.0,4295.76,4,3.11,81.3,25.8,0.0,1
86100.0,849200.0,15496.84,4,2.44,60.7,10.9,5.0,1
102200.0,1029200.0,18781.62,2,2.4,75.5,28.9,0.0,1
149200.0,1093700.0,19958.66,3,0.87,64.2,35.9,18.0,1
40500.0,307700.0,5615.14,1,1.95,67.7,35.7,0.0,1
84700.0,786500.0,14352.65,1,1.15,62.1,15.1,5.0,1
133400.0,971500.0,17728.67,2,2.43,66.9,31.7,0.0,1
64500.0,592600.0,10814.21,2,0.67,89.6,21.2,0.0,1
77700.0,640500.0,11688.33,3,4.34,79.9,40.1,5.0,1
109100.0,845200.0,15423.85,0,9.14,69.6,29.1,0.0,1
20800.0,216100.0,3943.56,5,0.5,42.6,16.1,5.0,0
44300.0,467200.0,8525.82,1,0.64,52.1,24.5,0.0,1
149900.0,1515900.0,27663.29,2,1.52,59.3,24.5,18.0,1
94200.0,919300.0,16776.08,1,0.43,49.6,19.0,18.0,1
21900.0,174800.0,3189.88,6,0.86,71.4,18.4,5.0,1
156700.0,1404200.0,25624.9,1,6.19,50.0,34.2,0.0,1
60600.0,475900.0,8684.58,1,1.64,72.2,15.9,0.0,1
51100.0,397800.0,7259.35,2,4.92,73.0,19.4,0.0,1
72700.0,525700.0,9593.37,2,0.66,74.0,26.4,0.0,1
38100.0,359600.0,6562.25,2,1.88,65.9,11.3,5.0,1
114200.0,887600.0,16197.59,3,1.3,73.0,14.2,5.0,1
68800.0,634600.0,11580.66,3,0.9,65.0,19.3,0.0,1
185600.0,1612100.0,29418.82,2,1.49,76.0,26.9,0.0,1
27200.0,240300.0,4385.18,4,3.04,62.9,15.3,5.0,1
96600.0,693800.0,12660.99,2,8.37,71.5,27.5,18.0,1
48800.0,470200.0,8580.56,5,1.32,76.3,17.5,5.0,1
46600.0,397800.0,7259.35,4,1.01,85.5,22.5,5.0,1
52300.0,479500.0,8750.28,6,1.97,47.1,51.5,18.0,1
46800.0,402500.0,7345.12,4,4.25,94.4,16.0,5.0,1
145200.0,1415400.0,25829.29,3,2.23,80.9,26.6,0.0,1
85400.0,917500.0,16743.23,0,5.84,68.2,29.0,18.0,1
53100.0,421400.0,7690.03,1,2.22,71.6,29.1,0.0,1
70700.0,520700.0,9502.13,4,1.89,71.7,40.0,5.0,1
54400.0,401900.0,7334.17,5,0.34,46.8,14.6,5.0,1
165600.0,1666400.0,30409.73,2,2.11,75.6,22.5,0.0,1
33500.0,287100.0,5239.22,2,0.34,77.6,25.1,18.0,1
40000.0,338900.0,6184.5,2,2.35,76.4,40.3,5.0,1
23800.0,250600.0,4573.14,7,0.46,70.9,11.0,5.0,0
136400.0,1129100.0,20604.67,3,1.77,82.6,36.4,0.0,1
93800.0,680300.0,12414.63,1,0.31,89.7,30.8,0.0,1
43100.0,324800.0,5927.2,2,0.36,57.7,32.3,18.0,1
122900.0,1090800.0,19905.74,0,6.85,83.6,26.6,0.0,1
178200.0,1431100.0,26115.79,1,0.73,70.1,22.7,0.0,1
25900.0,244600.0,4463.65,0,6.76,66.3,34.5,5.0,1
58600.0,530700.0,9684.61,7,1.45,65.1,15.3,5.0,1
10500.0,98900.0,1804.8,5,0.17,80.3,34.9,5.0,1
100100.0,766300.0,13984.02,3,0.83,88.4,24.9,0.0,1
167800.0,1359000.0,24800.06,2,1.21,55.6,32.2,0.0,1
21000.0,178000.0,3248.28,6,0.91,58.2,16.8,5.0,1
94500.0,793300.0,14476.74,1,0.69,63.7,25.4,0.0,1
72100.0,515700.0,9410.88,2,1.64,81.6,26.9,0.0,1
72600.0,613300.0,11191.96,7,0.42,96.0,18.2,5.0,1
41600.0,328200.0,5989.24,0,7.65,64.8,54.6,5.0,1
166400.0,1802700.0,32897.03,0,4.55,84.3,18.8,0.0,1
199200.0,1559300.0,28455.28,2,3.33,64.0,22.9,0.0,1
45900.0,358300.0,6538.53,4,2.58,65.4,31.0,0.0,1
87000.0,705600.0,12876.32,2,0.77,81.6,21.9,18.0,1
64300.0,631900.0,11531.39,7,0.44,47.9,15.0,5.0,0
174400.0,1750000.0,31935.32,2,5.71,67.4,16.5,18.0,1
150300.0,1501500.0,27400.51,0,5.28,64.8,31.5,0.0,1
74800.0,639900.0,11677.38,2,1.8,96.0,28.6,18.0,1
68700.0,710300.0,12962.09,3,1.08,85.5,20.6,5.0,1
69100.0,677400.0,12361.71,5,0.11,79.9,32.5,18.0,0
143200.0,1060300.0,19349.15,6,0.2,78.2,20.9,18.0,1
155200.0,1480600.0,27019.11,2,1.61,70.9,28.1,0.0,1
190700.0,1800900.0,32864.18,1,10.18,55.7,26.7,0.0,1
201900.0,2011500.0,36707.37,4,0.39,59.9,22.6,18.0,1
47400.0,476400.0,8693.71,3,3.85,49.9,32.7,18.0,1
104100.0,914200.0,16683.01,3,5.81,62.7,21.4,0.0,1
19700.0,185800.0,3390.62,5,0.46,82.4,68.0,18.0,1
62500.0,688200.0,12558.79,1,0.6,69.5,22.7,0.0,1
112200.0,1007100.0,18378.32,1,1.77,64.7,30.4,0.0,1
39000.0,298300.0,5443.6,3,0.94,59.9,45.6,18.0,1
66500.0,488000.0,8905.39,0,5.18,72.5,18.0,18.0,1
154800.0,1543200.0,28161.48,0,8.57,89.1,24.3,0.0,1
60600.0,465400.0,8492.97,4,0.68,69.1,14.7,5.0,1
84100.0,660400.0,12051.48,2,7.28,60.6,25.0,0.0,1
156000.0,1611200.0,29402.39,2,0.41,74.5,26.8,0.0,1
135000.0,1106700.0,20195.9,0,8.7,43.6,35.7,0.0,1
61700.0,572300.0,10443.76,1,0.96,71.6,17.0,18.0,1
57900.0,540500.0,9863.45,1,0.49,70.0,18.7,5.0,1
133600.0,1294800.0,23628.49,2,3.46,61.4,22.8,0.0,1
79700.0,811500.0,14808.86,2,2.28,78.9,55.6,5.0,1
117700.0,937700.0,17111.86,4,7.28,44.9,25.0,0.0,1
73400.0,554100.0,10111.64,3,1.62,77.3,16.2,5.0,1
67900.0,494300.0,9020.36,1,3.89,86.3,23.0,0.0,1
32600.0,242900.0,4432.62,2,0.6,48.3,60.2,18.0,1
123300.0,884500.0,16141.02,3,1.38,96.0,22.9,18.0,1
162500.0,1799500.0,32838.63,2,3.56,58.9,29.8,0.0,1
59100.0,509900.0,9305.04,5,0.71,78.1,27.4,5.0,1
12800.0,132800.0,2423.43,7,0.52,77.9,42.5,5.0,0
150200.0,1513400.0,27617.67,2,0.44,73.1,26.9,0.0,1
123100.0,885200.0,16153.8,1,1.93,66.5,18.9,18.0,1
104200.0,747400.0,13639.12,4,4.58,78.3,34.2,0.0,1
109200.0,829900.0,15144.64,6,0.45,51.1,20.5,18.0,1
121900.0,937900.0,17115.51,2,1.65,78.6,34.6,0.0,1
48100.0,505100.0,9217.45,0,5.28,54.1,25.4,0.0,1
72700.0,582100.0,10622.6,4,0.46,75.0,33.7,5.0,1
101400.0,797700.0,14557.03,1,2.04,86.0,15.4,5.0,1
177400.0,1746600.0,31873.28,2,4.0,91.0,27.6,0.0,1
74700.0,669800.0,12223.02,0,7.46,60.7,20.2,0.0,1
75900.0,749500.0,13677.44,7,1.71,75.3,14.9,5.0,1
76500.0,734200.0,13398.24,3,2.28,78.2,20.2,5.0,1
96800.0,709600.0,12949.32,2,11.12,76.8,22.1,0.0,1
74000.0,605800.0,11055.1,0,6.58,66.7,25.1,0.0,1
125900.0,1139700.0,20798.11,1,3.58,82.2,18.9,0.0,1
53700.0,398900.0,7279.43,3,1.58,60.6,38.6,5.0,1
146700.0,1268400.0,23146.72,0,7.26,70.2,15.0,0.0,1
46700.0,393900.0,7188.18,1,2.71,59.9,22.1,0.0,1
101200.0,793000.0,14471.26,3,4.54,53.5,25.5,0.0,1
76700.0,668700.0,12202.94,2,3.1,52.6,24.8,18.0,1
37300.0,326700.0,5961.87,2,2.1,60.7,46.4,5.0,1
84900.0,858500.0,15666.56,0,5.89,49.1,24.3,0.0,1
249800.0,1870300.0,34130.65,2,1.55,79.7,18.3,18.0,1
43100.0,389300.0,7104.24,8,0.33,74.7,11.4,5.0,0
31300.0,304400.0,5554.92,2,1.74,66.8,24.4,0.0,1
62000.0,629500.0,11487.59,3,1.71,72.6,25.4,18.0,1
100500.0,872800.0,15927.51,4,0.52,79.2,20.6,5.0,1
95100.0,900500.0,16433.0,2,2.05,81.7,30.3,0.0,1
90400.0,784100.0,14308.85,0,7.3,87.4,32.1,0.0,1
57400.0,504700.0,9210.15,2,8.34,57.2,18.0,5.0,1
133000.0,994400.0,18146.56,4,4.03,52.2,25.9,0.0,1
55900.0,465700.0,8498.45,3,1.46,64.4,35.5,0.0,1
32500.0,232900.0,4250.14,0,9.1,68.7,29.3,0.0,1
30400.0,269000.0,4908.92,6,0.5,89.2,18.7,5.0,1
57900.0,525400.0,9587.9,2,3.33,92.7,45.1,5.0,1
43800.0,387200.0,7065.92,3,4.38,80.9,51.8,18.0,1
162100.0,1244900.0,22717.87,1,1.86,87.6,24.2,0.0,1
96200.0,720900.0,13155.53,5,2.41,90.4,22.5,18.0,1
25600.0,283200.0,5168.05,4,8.05,71.7,16.4,5.0,1
38100.0,329300.0,6009.31,1,0.62,96.0,16.2,0.0,1
31700.0,350600.0,6398.01,1,4.62,96.0,31.4,18.0,1
60400.0,561000.0,10237.55,2,1.49,69.0,54.4,5.0,1
96300.0,1053600.0,19226.89,3,1.85,89.8,27.3,0.0,1
33300.0,322300.0,5881.57,3,4.22,70.2,26.6,0.0,1
70800.0,506200.0,9237.52,3,0.41,60.4,24.1,0.0,1
61300.0,558300.0,10188.28,3,0.97,67.7,56.3,18.0,1
55900.0,460400.0,8401.73,3,2.76,96.0,48.2,5.0,1
18600.0,166600.0,3040.24,2,0.32,57.4,16.4,5.0,1
163800.0,1374600.0,25084.74,1,0.48,90.1,24.1,0.0,1
134500.0,1274600.0,23259.86,5,0.66,85.3,20.2,0.0,1
140100.0,1420000.0,25913.23,2,0.53,78.2,31.4,18.0,1
22100.0,170900.0,3118.71,2,2.18,77.1,20.6,5.0,1
53500.0,409000.0,7463.74,2,2.96,80.5,39.9,18.0,1
134100.0,1314600.0,23989.81,2,0.82,69.4,20.8,0.0,1
70700.0,517800.0,9449.21,1,0.57,79.3,15.2,5.0,1
161400.0,1154900.0,21075.49,0,8.67,73.1,17.5,18.0,1
40100.0,359400.0,6558.6,4,2.5,71.9,12.4,5.0,1
59700.0,586800.0,10708.37,5,0.42,95.0,11.8,5.0,1
45400.0,388100.0,7082.34,5,0.34,82.4,30.3,18.0,1
45700.0,353600.0,6452.76,3,1.13,57.5,13.4,5.0,1
19400.0,170200.0,3105.94,6,0.14,67.3,17.3,5.0,0
177700.0,1287000.0,23486.15,1,3.4,62.2,21.3,0.0,1
54500.0,602200.0,10989.4,3,1.22,78.5,54.6,18.0,1
76800.0,771400.0,14077.09,5,0.55,72.1,33.5,5.0,1
140000.0,1467200.0,26774.57,4,0.39,45.7,35.4,18.0,1
59300.0,432300.0,7888.94,1,7.61,76.0,68.0,18.0,1
159400.0,1714300.0,31283.84,0,9.37,47.8,25.6,0.0,1
77500.0,637100.0,11626.28,4,2.08,95.8,19.5,18.0,1
112700.0,1225700.0,22367.5,1,1.32,86.4,25.5,0.0,1
108500.0,801600.0,14628.2,2,8.67,70.3,27.2,0.0,1
104300.0,997000.0,18194.01,5,0.46,63.9,29.9,18.0,1
69300.0,537600.0,9810.53,3,3.23,71.0,38.8,18.0,1
110100.0,1106100.0,20184.95,4,0.33,68.3,19.2,18.0,1
51100.0,479400.0,8748.45,5,0.2,65.5,15.0,5.0,0
97100.0,814600.0,14865.44,1,0.62,55.1,29.8,0.0,1
32200.0,244100.0,4454.52,5,0.18,76.8,48.8,5.0,1
94500.0,924800.0,16876.45,0,4.67,62.2,16.7,5.0,1
118000.0,1267500.0,23130.3,5,0.16,80.3,22.7,18.0,0
154600.0,1271100.0,23195.99,4,0.42,81.5,21.6,0.0,1
116600.0,1170800.0,21365.64,4,0.61,47.2,26.3,5.0,1
71200.0,735000.0,13412.83,4,6.03,72.7,43.7,5.0,1
57600.0,558400.0,10190.1,0,8.27,96.0,26.2,0.0,1
52500.0,383700.0,7002.05,3,1.68,89.9,24.9,0.0,1
59900.0,438000.0,7992.95,1,8.09,45.4,68.0,18.0,1
110800.0,808400.0,14752.29,3,1.69,66.8,24.2,0.0,1
78700.0,745800.0,13609.92,4,0.81,67.9,36.6,5.0,1
142100.0,1572500.0,28696.17,2,0.55,88.2,27.8,0.0,1
82100.0,687800.0,12551.49,4,2.32,45.9,30.4,0.0,1
59800.0,616000.0,11241.23,6,0.24,78.1,11.4,5.0,0
41300.0,318100.0,5804.93,1,0.4,94.4,31.9,5.0,1
144900.0,1609500.0,29371.37,4,3.74,58.4,22.1,0.0,1
91100.0,677200.0,12358.06,3,4.48,86.6,33.3,18.0,1
80200.0,679400.0,12398.2,1,3.89,85.0,24.6,0.0,1
41700.0,351600.0,6416.26,3,0.94,81.8,24.1,0.0,1
55400.0,468500.0,8549.54,3,1.68,66.2,22.8,0.0,1
74400.0,778000.0,14197.53,6,0.18,65.9,22.5,5.0,0
88900.0,919600.0,16781.55,5,0.52,71.6,18.4,5.0,1
80600.0,641100.0,11699.28,4,1.54,86.6,28.1,0.0,1
70500.0,665400.0,12142.72,4,4.24,55.0,37.6,5.0,1
57100.0,542900.0,9907.25,1,0.42,76.3,22.3,0.0,1
21300.0,170600.0,3113.24,7,0.35,57.7,16.1,5.0,0
38200.0,345900.0,6312.24,5,1.28,68.4,29.5,0.0,1
100200.0,829100.0,15130.04,10,0.21,64.1,14.8,5.0,0
107300.0,1042700.0,19027.98,4,4.31,40.6,13.0,5.0,1
120200.0,957100.0,17465.88,4,0.85,71.0,21.6,18.0,1
44700.0,327200.0,5970.99,4,3.49,71.1,43.2,5.0,1
150900.0,1119800.0,20434.96,2,1.65,76.0,20.2,0.0,1
32000.0,236000.0,4306.71,1,0.98,60.3,18.4,5.0,1
89100.0,820000.0,14963.98,4,0.97,58.5,10.6,5.0,1
47500.0,438500.0,8002.08,2,7.59,80.9,18.9,0.0,1
72200.0,683300.0,12469.37,5,0.16,86.9,18.0,5.0,0
51300.0,560700.0,10232.08,1,3.78,70.4,27.8,5.0,1
134600.0,1044200.0,19055.35,3,4.68,74.1,24.4,18.0,1
75100.0,633100.0,11553.29,4,6.12,81.1,16.2,5.0,1
145700.0,1184000.0,21606.53,4,5.45,68.2,26.3,0.0,1
108900.0,1083900.0,19779.83,2,0.57,58.1,39.7,18.0,1
25900.0,220800.0,4029.33,5,0.9,69.7,14.8,5.0,1
120300.0,863300.0,15754.15,2,1.07,68.7,21.2,0.0,1
110200.0,917200.0,16737.76,3,1.67,79.7,22.4,0.0,1
117000.0,940800.0,17168.43,2,2.5,82.2,32.5,18.0,1
57200.0,535200.0,9766.73,6,0.48,79.4,34.5,5.0,1
158300.0,1630600.0,29756.42,3,5.64,73.8,20.0,18.0,1
102600.0,935100.0,17064.41,1,3.62,44.8,16.8,5.0,1
157300.0,1393200.0,25424.17,1,4.73,56.1,28.4,0.0,1
48200.0,496100.0,9053.21,2,0.67,72.1,38.8,18.0,1
105900.0,1165600.0,21270.75,5,0.24,56.2,13.8,5.0,0
44600.0,339500.0,6195.45,2,2.04,71.7,28.1,0.0,1
83200.0,725700.0,13243.12,1,0.42,65.9,20.3,18.0,1
167200.0,1605800.0,29303.85,1,4.17,96.0,22.7,0.0,1
108600.0,924700.0,16874.62,2,1.26,48.2,24.9,0.0,1
56200.0,522700.0,9538.62,4,2.33,69.4,17.3,5.0,1
39200.0,305200.0,5569.52,1,1.03,71.5,45.3,5.0,1
77700.0,832500.0,15192.09,2,1.78,55.2,47.1,5.0,1
88900.0,762800.0,13920.15,2,1.16,75.1,17.8,5.0,1
109900.0,1217300.0,22214.21,2,1.69,53.9,15.0,5.0,1
26700.0,228100.0,4162.54,3,2.98,91.5,19.8,18.0,1
93500.0,790800.0,14431.12,1,1.09,66.1,30.1,0.0,1
163500.0,1428600.0,26070.17,3,2.59,75.6,25.7,0.0,1
21500.0,183500.0,3348.65,0,6.83,46.0,68.0,18.0,1
69300.0,558300.0,10188.28,0,7.9,60.2,56.5,18.0,1
65100.0,519700.0,9483.88,1,0.9,86.0,16.7,18.0,1
64300.0,468400.0,8547.72,1,1.77,72.8,16.0,0.0,1
152700.0,1627200.0,29694.37,3,0.33,81.1,24.2,0.0,1
14600.0,143600.0,2620.52,0,7.45,63.0,38.2,5.0,1
106500.0,798800.0,14577.11,2,1.22,71.1,20.4,0.0,1
165800.0,1670900.0,30491.84,2,2.08,71.1,31.0,0.0,1
100900.0,785300.0,14330.75,5,0.62,57.9,20.3,5.0,1
169300.0,1662200.0,30333.08,3,1.73,90.7,32.2,0.0,1
44400.0,358600.0,6544.0,2,1.27,75.8,21.9,5.0,1
107200.0,811400.0,14807.04,2,1.48,66.3,14.5,5.0,1
59400.0,639900.0,11677.38,0,8.71,60.0,27.5,0.0,1
63100.0,525700.0,9593.37,2,3.51,58.3,18.9,0.0,1
55400.0,410200.0,7485.64,2,3.56,67.8,15.8,5.0,1
41400.0,333900.0,6093.26,3,0.47,76.2,38.5,18.0,1
117900.0,1212400.0,22124.79,0,7.24,72.7,17.4,0.0,1
59400.0,605000.0,11040.5,7,1.65,72.4,21.2,5.0,1
172000.0,1437300.0,26228.94,1,3.88,62.6,33.5,0.0,1
66900.0,580500.0,10593.4,2,3.16,52.9,13.6,5.0,1
103000.0,1054200.0,19237.84,3,0.74,69.6,28.2,0.0,1
34700.0,264000.0,4817.67,1,3.03,78.1,19.1,0.0,1
155200.0,1488900.0,27170.57,1,2.8,58.7,24.7,0.0,1
85700.0,656700.0,11983.96,2,1.63,88.1,17.5,5.0,1
151600.0,1287000.0,23486.15,1,5.56,71.9,29.7,0.0,1
118400.0,1231300.0,22469.69,2,4.18,64.0,33.6,0.0,1
33100.0,289200.0,5277.54,12,1.36,73.9,12.1,5.0,1
59200.0,609000.0,11113.49,3,4.24,71.5,20.4,5.0,1
138200.0,1358900.0,24798.23,0,4.87,59.1,29.3,0.0,1
125900.0,1129900.0,20619.27,2,1.06,66.7,19.3,0.0,1
51600.0,392300.0,7158.99,1,6.55,77.8,44.4,18.0,1
36500.0,274500.0,5009.28,2,4.64,64.9,20.8,18.0,1
14600.0,127000.0,2317.59,2,5.69,64.8,50.7,5.0,1
145400.0,1476700.0,26947.94,1,2.06,69.2,22.9,0.0,1
74000.0,589400.0,10755.82,4,1.29,66.7,16.8,0.0,1
168400.0,1499100.0,27356.71,2,0.72,80.2,24.0,0.0,1
130400.0,937500.0,17108.21,0,6.8,96.0,24.7,0.0,1
56900.0,556300.0,10151.78,1,2.82,63.0,32.6,5.0,1
27500.0,266600.0,4865.12,3,3.92,62.5,34.7,5.0,1
111300.0,935500.0,17071.71,2,1.47,68.7,16.6,0.0,1
176800.0,1381200.0,25205.18,1,6.99,68.5,21.4,18.0,1
79600.0,574000.0,10474.79,2,4.61,43.7,16.4,5.0,1
137200.0,1140900.0,20820.0,2,3.25,62.7,31.3,0.0,1
38500.0,318000.0,5803.1,4,6.93,49.8,15.4,5.0,1
32300.0,235500.0,4297.58,3,1.54,77.4,27.3,18.0,1
92600.0,741800.0,13536.93,0,5.04,51.5,16.0,5.0,1
47300.0,496300.0,9056.86,0,5.05,51.7,34.8,5.0,1
153000.0,1698600.0,30997.34,1,1.11,88.1,16.0,18.0,1
84900.0,934200.0,17047.99,3,2.13,71.9,22.3,0.0,1
70100.0,500900.0,9140.8,3,0.71,51.8,10.9,5.0,1
12400.0,119600.0,2182.55,3,1.3,79.4,38.5,5.0,1
152200.0,1215700.0,22185.01,3,0.47,83.9,30.1,0.0,1
143700.0,1507600.0,27511.82,2,2.41,71.9,18.4,0.0,1
34500.0,260300.0,4750.15,2,1.12,69.2,33.5,5.0,1
24300.0,179700.0,3279.3,7,1.06,73.3,21.1,5.0,1
75100.0,696000.0,12701.13,3,3.26,76.7,32.8,18.0,1
43700.0,352900.0,6439.99,3,0.67,75.8,26.7,0.0,1
49800.0,408400.0,7452.79,1,6.91,78.4,18.5,0.0,1
113500.0,937600.0,17110.03,3,4.55,76.2,14.4,5.0,1
25900.0,209600.0,3824.94,3,0.89,51.7,18.8,5.0,1
68200.0,725300.0,13235.82,1,3.3,64.5,42.0,5.0,1
80900.0,633100.0,11553.29,2,1.1,61.6,24.6,0.0,1
43400.0,389600.0,7109.71,2,5.15,77.9,31.1,5.0,1
92700.0,906100.0,16535.2,6,0.16,96.0,12.5,5.0,0
168500.0,1482500.0,27053.78,1,1.24,65.6,23.5,0.0,1
118000.0,864400.0,15774.22,3,3.15,74.8,13.4,5.0,1
85700.0,644700.0,11764.97,1,0.75,60.2,18.5,18.0,1
105600.0,865500.0,15794.3,2,6.67,66.9,20.9,18.0,1
64500.0,480700.0,8772.18,6,0.18,91.0,52.5,18.0,1
94400.0,873600.0,15942.11,5,2.89,71.7,34.8,18.0,1
131900.0,1429100.0,26079.3,1,0.72,85.4,22.4,0.0,1
47200.0,357800.0,6529.4,4,2.28,81.4,12.3,5.0,1
208100.0,1707700.0,31163.4,2,1.26,66.5,18.3,18.0,1
177100.0,1390900.0,25382.19,2,1.81,69.5,31.6,0.0,1
89000.0,889200.0,16226.79,3,1.61,48.5,16.8,5.0,1
146600.0,1576300.0,28765.51,2,1.6,79.1,34.2,0.0,1
50200.0,525000.0,9580.6,4,1.54,58.0,13.7,5.0,1
163600.0,1583300.0,28893.25,2,2.81,89.8,29.7,0.0,1
62600.0,568600.0,10376.24,1,0.85,60.0,23.8,0.0,1
85100.0,757000.0,13814.31,2,1.41,50.4,37.8,18.0,1
30500.0,317700.0,5797.63,3,1.46,69.1,68.0,18.0,1
49400.0,368000.0,6715.54,1,0.47,69.6,18.9,0.0,1
68700.0,613200.0,11190.14,5,0.56,76.6,39.8,18.0,1
15300.0,118000.0,2153.35,1,2.23,63.1,59.7,18.0,1
199200.0,1476700.0,26947.94,2,4.39,60.0,31.2,0.0,1
43600.0,376500.0,6870.66,3,7.37,74.0,24.4,18.0,1
13800.0,140400.0,2562.13,3,3.24,66.2,44.6,5.0,1
66700.0,620700.0,11327.0,3,1.6,69.2,35.3,18.0,1
57200.0,568400.0,10372.59,3,0.74,80.2,29.0,18.0,1
126400.0,958000.0,17482.31,1,2.7,73.4,26.4,0.0,1
83600.0,597800.0,10909.11,7,0.37,61.8,18.2,5.0,1
120300.0,958200.0,17485.96,1,0.33,96.0,31.1,18.0,1
55700.0,441800.0,8062.3,1,1.14,46.8,9.6,18.0,1
150400.0,1467100.0,26772.75,0,9.44,82.2,24.7,0.0,1
99700.0,833600.0,15212.16,2,0.39,76.2,27.2,18.0,1
32100.0,285000.0,5200.9,5,0.92,79.6,15.3,5.0,1
152500.0,1187400.0,21668.57,4,0.43,65.7,22.1,18.0,1
217300.0,1935800.0,35325.94,1,3.21,55.7,16.3,18.0,1
156800.0,1185300.0,21630.25,2,2.94,78.7,27.7,0.0,1
183300.0,1416000.0,25840.24,2,6.36,61.8,17.9,18.0,1
73200.0,524900.0,9578.77,2,0.97,57.0,19.3,5.0,1
137900.0,1383500.0,25247.15,4,2.6,71.2,11.6,18.0,1
92400.0,661900.0,12078.85,2,3.78,75.6,24.7,0.0,1
43600.0,319200.0,5825.0,3,3.75,63.7,26.5,5.0,1
64200.0,525900.0,9597.02,1,2.31,50.0,31.1,0.0,1
50700.0,397800.0,7259.35,1,0.77,72.4,20.8,18.0,1
110700.0,1081400.0,19734.2,3,0.58,41.9,28.5,0.0,1
22500.0,164100.0,2994.62,2,1.27,53.8,51.2,5.0,1
50100.0,448100.0,8177.27,6,0.49,57.2,62.1,5.0,1
86500.0,856400.0,15628.23,1,2.08,59.5,25.1,18.0,1
240700.0,2286100.0,41718.48,1,1.0,96.0,18.5,18.0,1
145300.0,1403800.0,25617.6,3,1.46,65.3,21.7,0.0,1
93100.0,670600.0,12237.62,6,0.16,96.0,31.8,18.0,1
150000.0,1363200.0,24876.7,3,0.59,51.8,21.4,0.0,1
44300.0,441200.0,8051.35,2,3.26,62.5,24.6,5.0,1
157200.0,1380100.0,25185.11,3,4.68,63.4,35.1,0.0,1
41300.0,317500.0,5793.98,2,2.24,76.8,34.7,18.0,1
134400.0,1180900.0,21549.95,1,9.48,62.5,28.5,0.0,1
164800.0,1397700.0,25506.28,1,1.64,55.7,23.8,0.0,1
106200.0,822700.0,15013.25,2,3.09,65.6,25.2,0.0,1
61200.0,445900.0,8137.12,3,1.98,76.4,17.0,5.0,1
20100.0,182000.0,3321.27,2,2.44,62.0,36.6,18.0,1
23100.0,171800.0,3135.14,7,0.42,61.7,16.6,5.0,1
106200.0,1117500.0,20392.98,3,1.37,66.9,22.4,18.0,1
161600.0,1592100.0,29053.84,0,7.55,63.9,36.5,0.0,1
65200.0,546500.0,9972.94,2,1.43,55.6,47.7,5.0,1
43800.0,443200.0,8087.85,3,1.26,60.5,23.4,18.0,1
26700.0,214300.0,3910.71,2,5.7,56.8,27.1,0.0,1
19400.0,167400.0,3054.84,8,0.27,72.3,13.8,5.0,0
138700.0,1404300.0,25626.73,2,2.46,72.6,25.8,18.0,1
162200.0,1526900.0,27864.02,2,2.4,69.6,28.0,0.0,1
55800.0,463100.0,8451.0,1,8.62,48.0,23.9,0.0,1
149900.0,1460000.0,26643.18,5,0.43,90.6,22.7,0.0,1
73900.0,657700.0,12002.21,0,6.44,63.9,35.0,18.0,1
97700.0,716900.0,13082.53,2,1.27,57.5,21.4,0.0,1
91300.0,813800.0,14850.84,2,0.48,82.2,25.1,0.0,1
95600.0,925300.0,16885.57,5,0.59,83.7,17.5,0.0,1
58800.0,620000.0,11314.23,2,4.82,70.5,46.1,5.0,1
118000.0,1014000.0,18504.24,2,0.77,67.0,16.3,0.0,1
103600.0,1114300.0,20334.59,1,0.84,79.3,23.4,0.0,1
33500.0,319300.0,5826.83,7,1.14,62.4,15.4,0.0,1
154300.0,1200800.0,21913.1,2,4.71,79.2,26.6,18.0,1
30100.0,329100.0,6005.67,6,0.13,81.0,53.5,18.0,1
114400.0,864700.0,15779.7,4,1.06,69.2,28.4,0.0,1
77700.0,844800.0,15416.55,5,1.1,73.0,68.0,5.0,1
85300.0,881800.0,16091.75,4,8.16,66.5,27.2,18.0,1
56400.0,619100.0,11297.8,3,3.54,75.5,18.0,5.0,1
61100.0,485000.0,8850.65,4,1.46,71.6,18.4,18.0,1
85700.0,917600.0,16745.06,0,4.88,67.9,20.5,18.0,1
31400.0,259700.0,4739.2,1,9.5,68.1,13.7,5.0,1
89900.0,795400.0,14515.06,0,9.1,54.8,30.6,0.0,1
84400.0,693100.0,12648.21,1,2.62,83.6,26.1,18.0,1
134700.0,1084200.0,19785.3,6,0.21,76.7,25.9,0.0,1
113000.0,1199500.0,21889.38,4,2.89,63.1,14.7,5.0,1
78400.0,647400.0,11814.24,3,1.53,58.8,14.4,5.0,1
62800.0,449500.0,8202.82,4,0.64,71.7,19.8,5.0,1
15600.0,120600.0,2200.8,2,2.69,91.9,46.3,5.0,1
86900.0,669400.0,12215.72,2,3.39,82.7,12.4,5.0,1
111400.0,839600.0,15321.65,3,2.64,91.5,15.4,5.0,1
48000.0,504400.0,9204.67,1,3.88,82.6,49.1,5.0,1
118200.0,1038900.0,18958.63,2,0.83,60.0,34.7,0.0,1
36300.0,293600.0,5357.83,3,4.76,61.9,19.4,5.0,1
44600.0,357000.0,6514.81,2,5.78,70.3,42.1,5.0,1
163500.0,1195600.0,21818.21,1,1.33,87.1,15.9,18.0,1
49800.0,442800.0,8080.55,5,1.44,66.3,17.5,5.0,1
151200.0,1142800.0,20854.68,3,1.63,77.6,29.3,0.0,1
162700.0,1392500.0,25411.39,0,9.14,91.4,26.7,0.0,1
51100.0,491500.0,8969.26,2,8.54,59.2,15.9,5.0,1
20500.0,158900.0,2899.73,1,0.66,63.6,36.7,18.0,1
44400.0,319000.0,5821.35,0,5.56,65.1,16.8,18.0,1
118700.0,984100.0,17958.6,2,1.18,71.3,16.9,5.0,1
168300.0,1471000.0,26843.92,0,6.14,63.2,30.7,0.0,1
138300.0,1178700.0,21509.81,1,1.25,60.5,25.2,18.0,1
30100.0,247900.0,4523.87,6,0.11,65.5,34.6,5.0,0
32400.0,347400.0,6339.62,3,0.54,87.5,16.7,5.0,1
108300.0,866000.0,15803.42,1,0.37,56.0,20.0,18.0,1
48500.0,430800.0,7861.56,4,3.42,65.9,17.8,18.0,1
118600.0,1054500.0,19243.31,0,7.83,73.0,21.6,0.0,1
69900.0,700800.0,12788.73,3,7.75,69.1,23.6,0.0,1
67400.0,532200.0,9711.99,1,2.01,70.4,40.9,5.0,1
126000.0,1327400.0,24223.4,3,2.75,73.0,25.0,0.0,1
59800.0,501400.0,9149.93,4,2.9,60.3,18.9,5.0,1
28200.0,253900.0,4633.36,7,0.18,64.5,41.9,5.0,1
28200.0,226000.0,4124.22,7,0.68,67.6,11.9,5.0,1
91400.0,928300.0,16940.32,2,0.31,76.9,16.1,5.0,1
26000.0,224800.0,4102.32,3,4.45,71.8,34.4,18.0,1
34000.0,308200.0,5624.27,1,4.23,75.7,15.9,5.0,1
71300.0,557700.0,10177.33,3,0.31,63.7,43.9,5.0,1
98200.0,922700.0,16838.13,5,1.64,77.7,12.2,5.0,1
125600.0,1307400.0,23858.42,1,2.94,74.4,26.5,0.0,1
55800.0,572100.0,10440.11,2,1.58,62.9,48.1,5.0,1
32500.0,297800.0,5434.48,3,1.26,56.4,25.4,5.0,1
90200.0,647200.0,11810.59,5,0.16,79.5,38.3,18.0,1
48900.0,488400.0,8912.69,5,0.82,51.0,42.4,5.0,1
165000.0,1809300.0,33017.47,0,8.98,54.6,17.4,0.0,1
105300.0,809100.0,14765.07,4,1.84,76.6,9.5,5.0,1
75700.0,701700.0,12805.15,4,0.99,80.9,16.5,5.0,1
26900.0,201700.0,3680.77,3,0.41,60.9,26.8,0.0,1
114400.0,1154100.0,21060.89,3,0.43,81.7,28.0,0.0,1
175800.0,1885600.0,34409.85,2,3.42,49.6,25.6,0.0,1
79600.0,660600.0,12055.13,2,1.02,66.9,25.2,0.0,1
42600.0,328600.0,5996.54,7,0.74,75.1,29.6,18.0,1
28400.0,203200.0,3708.15,1,6.28,51.5,59.5,18.0,1
100800.0,865700.0,15797.95,1,3.82,79.0,27.1,0.0,1
20400.0,158000.0,2883.3,4,1.5,75.6,16.1,5.0,1
46300.0,374500.0,6834.16,1,1.5,66.3,27.0,0.0,1
44700.0,488000.0,8905.39,2,3.1,66.0,50.7,5.0,1
175400.0,1944200.0,35479.23,1,2.3,82.4,27.9,0.0,1
42600.0,472000.0,8613.41,2,1.01,87.9,30.7,18.0,1
144900.0,1169600.0,21343.74,1,3.79,90.8,29.6,0.0,1
124600.0,1198700.0,21874.78,1,1.32,84.1,25.7,0.0,1
199300.0,2068600.0,37749.37,3,0.34,88.5,30.7,0.0,1
194100.0,2008100.0,36645.32,2,4.71,60.4,32.4,0.0,1
68300.0,657000.0,11989.43,5,0.1,56.3,22.5,18.0,0
74300.0,705000.0,12865.37,2,2.01,76.7,15.8,5.0,1
32600.0,239900.0,4377.88,2,0.98,61.9,68.0,18.0,1
186000.0,1815500.0,33130.61,1,3.16,93.4,34.6,0.0,1
53500.0,422600.0,7711.92,2,0.46,88.2,31.9,0.0,1
79600.0,664900.0,12133.6,1,1.46,74.4,31.2,0.0,1
193600.0,1940000.0,35402.58,1,0.35,65.0,32.0,0.0,1
45900.0,440800.0,8044.05,1,1.63,74.3,35.8,18.0,1
165000.0,1576800.0,28774.64,2,2.66,90.6,27.2,0.0,1
155800.0,1481900.0,27042.83,4,3.91,83.6,29.7,0.0,1
51900.0,529500.0,9662.72,3,7.24,90.3,15.2,5.0,1
107700.0,984000.0,17956.77,3,3.55,72.1,30.4,18.0,1
107200.0,1009300.0,18418.47,2,3.04,89.3,41.6,18.0,1
59300.0,446900.0,8155.37,0,6.92,73.7,18.3,0.0,1
59200.0,582000.0,10620.78,3,2.0,67.0,18.3,5.0,1
44300.0,397800.0,7259.35,1,2.4,95.3,23.5,0.0,1
79800.0,837700.0,15286.98,0,6.04,65.3,49.8,5.0,1
40900.0,306300.0,5589.59,6,0.18,67.5,16.6,5.0,0
69600.0,545100.0,9947.4,3,5.71,81.6,46.3,5.0,1
118200.0,1017000.0,18558.98,6,2.56,42.5,14.7,5.0,1
72000.0,525600.0,9591.55,4,3.01,58.5,36.7,5.0,1
191600.0,1433400.0,26157.77,3,3.93,48.7,27.6,0.0,1
19600.0,157300.0,2870.53,2,0.43,67.7,46.7,5.0,1
114700.0,914300.0,16684.84,2,1.48,76.0,13.1,18.0,1
55200.0,527400.0,9624.39,1,10.1,64.7,43.4,5.0,1
174600.0,1650900.0,30126.87,0,4.68,66.3,25.2,0.0,1
65000.0,484200.0,8836.05,5,0.59,75.6,13.3,5.0,1
174900.0,1790900.0,32681.7,3,1.74,53.8,27.3,0.0,1
43400.0,400900.0,7315.93,2,0.41,76.4,22.6,18.0,1
54800.0,462200.0,8434.57,0,7.63,67.1,15.4,18.0,1
41200.0,453700.0,8279.46,4,2.15,54.7,24.1,0.0,1
51900.0,379800.0,6930.88,2,4.78,60.3,19.9,18.0,1
64200.0,669000.0,12208.42,4,1.21,82.7,20.2,0.0,1
186800.0,1479500.0,26999.03,2,2.06,60.1,22.2,18.0,1
102500.0,1018100.0,18579.06,1,2.57,68.8,11.6,5.0,1
84800.0,740100.0,13505.9,3,1.48,74.8,19.7,18.0,1
40300.0,291800.0,5324.99,1,1.21,62.6,26.7,0.0,1
37900.0,396500.0,7235.63,2,1.99,57.5,21.9,0.0,1
146000.0,1232100.0,22484.29,4,2.83,39.8,25.8,0.0,1
63900.0,616500.0,11250.36,2,4.34,58.8,26.0,0.0,1
53100.0,460600.0,8405.38,3,0.96,69.7,58.4,18.0,1
68100.0,725600.0,13241.3,4,0.91,55.4,12.9,5.0,0
93000.0,767000.0,13996.79,2,0.68,72.5,35.0,0.0,1
44400.0,342300.0,6246.55,6,0.54,65.5,16.6,5.0,1
196100.0,1719000.0,31369.61,2,6.21,62.2,29.5,0.0,1
100300.0,919300.0,16776.08,1,0.96,86.4,23.9,0.0,1
103500.0,971000.0,17719.54,2,2.0,68.1,27.9,0.0,1
45200.0,380600.0,6945.48,3,0.38,68.7,20.2,5.0,1
52000.0,408800.0,7460.09,6,1.17,63.5,14.1,5.0,1
101800.0,762600.0,13916.5,3,2.09,87.5,13.9,5.0,1
99300.0,733000.0,13376.34,2,1.51,86.4,14.0,5.0,1
99800.0,936400.0,17088.13,3,0.68,66.2,43.2,18.0,1
162600.0,1694400.0,30920.69,1,5.46,80.0,25.8,0.0,1
18000.0,129700.0,2366.86,3,0.32,61.5,39.7,5.0,1
169900.0,1739900.0,31751.01,2,2.01,84.6,15.4,0.0,1
95900.0,721800.0,13171.95,0,5.69,79.6,21.8,0.0,1
107300.0,882400.0,16102.7,5,0.9,58.9,12.0,0.0,1
14200.0,106200.0,1938.02,3,5.84,56.8,47.8,5.0,1
93800.0,677400.0,12361.71,2,3.46,83.3,17.6,18.0,1
39400.0,338500.0,6177.2,4,0.69,73.9,17.2,18.0,1
170500.0,1366000.0,24927.8,3,9.93,74.0,31.0,0.0,1
96400.0,1057800.0,19303.53,1,0.78,80.5,21.5,0.0,1
12100.0,123300.0,2250.07,4,7.31,72.0,57.2,18.0,1
59700.0,588800.0,10744.87,2,1.37,62.2,24.4,0.0,1
86300.0,798700.0,14575.28,2,1.26,73.4,26.6,0.0,1
138100.0,1451000.0,26478.94,2,1.17,76.0,28.9,0.0,1
24100.0,221600.0,4043.92,5,0.98,76.0,19.9,5.0,1
100700.0,1001100.0,18268.83,5,0.12,85.8,15.9,5.0,0
93200.0,925600.0,16891.05,4,0.49,56.2,16.8,5.0,0
28900.0,253900.0,4633.36,0,4.55,73.2,20.1,5.0,1
39800.0,315000.0,5748.36,3,0.66,48.7,13.8,5.0,1
21400.0,163800.0,2989.15,4,0.48,71.3,28.4,5.0,1
35800.0,352600.0,6434.51,4,5.41,51.2,38.5,5.0,1
158200.0,1148000.0,20949.57,0,9.73,85.3,22.0,0.0,1
193800.0,1595200.0,29110.41,2,1.19,35.9,30.4,0.0,1
153200.0,1432700.0,26144.99,2,0.99,86.8,31.8,0.0,1
32200.0,331900.0,6056.76,4,10.5,61.2,19.1,5.0,1
54800.0,420100.0,7666.3,4,1.21,58.0,20.3,0.0,1
140600.0,1167100.0,21298.12,2,0.76,69.3,20.1,0.0,1
112800.0,1070300.0,19531.64,5,0.12,79.6,11.5,5.0,0
156400.0,1154100.0,21060.89,1,5.45,64.2,26.6,0.0,1
59300.0,495600.0,9044.08,3,3.32,70.9,19.4,5.0,1
76600.0,680400.0,12416.45,2,1.8,95.0,43.9,5.0,1
185900.0,1436900.0,26221.64,3,1.64,79.0,23.7,0.0,1
39000.0,355800.0,6492.91,3,1.1,52.4,26.8,0.0,1
51700.0,397000.0,7244.76,3,4.44,91.3,31.8,0.0,1
181400.0,1687400.0,30792.95,4,1.32,68.3,26.2,0.0,1
146600.0,1341600.0,24482.53,5,0.36,75.1,21.4,0.0,1
33600.0,271800.0,4960.01,2,2.21,69.3,13.3,0.0,1
24200.0,208800.0,3810.34,2,1.39,63.7,41.2,18.0,1
48700.0,385800.0,7040.37,2,3.46,63.8,55.9,18.0,1
87700.0,672300.0,12268.64,2,1.17,72.7,19.6,18.0,1
91700.0,902700.0,16473.15,4,0.89,71.7,25.3,0.0,1
106600.0,765900.0,13976.72,5,0.27,74.3,20.5,5.0,1
54200.0,442100.0,8067.77,1,0.48,67.3,13.8,5.0,1
74400.0,554100.0,10111.64,3,0.68,44.0,41.5,18.0,1
69000.0,708500.0,12929.24,5,0.82,80.5,14.5,5.0,1
29400.0,303200.0,5533.02,4,0.36,70.3,23.8,0.0,1
94900.0,719700.0,13133.63,5,0.64,71.5,15.0,18.0,1
63300.0,599900.0,10947.43,3,5.43,76.9,17.1,5.0,1
152900.0,1359700.0,24812.83,2,8.52,84.7,27.3,0.0,1
176000.0,1715800.0,31311.21,3,2.75,60.6,22.8,0.0,1
101100.0,957600.0,17475.01,1,2.26,62.7,18.2,0.0,1
81800.0,836100.0,15257.78,2,5.12,87.3,31.1,0.0,1
178000.0,1328300.0,24239.82,0,5.84,74.4,29.0,0.0,1
20200.0,156600.0,2857.76,6,0.2,85.9,17.5,5.0,0
82300.0,673500.0,12290.54,1,0.8,92.0,37.6,18.0,1
74100.0,695700.0,12695.66,3,8.05,73.8,23.0,0.0,1
45200.0,470500.0,8586.04,1,1.15,96.0,22.4,0.0,1
62200.0,515400.0,9405.41,4,0.35,71.9,17.4,5.0,1
139300.0,1116800.0,20380.21,5,1.37,78.8,22.4,0.0,1
178100.0,1383400.0,25245.33,2,0.92,67.2,24.1,0.0,1
27000.0,228500.0,4169.84,2,6.19,62.4,23.1,18.0,1
30700.0,298300.0,5443.6,2,3.29,87.6,23.2,0.0,1
20600.0,160800.0,2934.4,3,0.32,70.9,18.2,5.0,1
152000.0,1221800.0,22296.33,4,0.45,58.8,21.8,18.0,1
43700.0,427300.0,7797.69,0,6.43,67.9,21.4,0.0,1
18400.0,171900.0,3136.96,2,0.45,85.2,25.2,5.0,1
197800.0,1865000.0,34033.93,2,0.46,64.5,22.6,18.0,1
148200.0,1176700.0,21473.31,3,2.13,52.6,34.8,0.0,1
22400.0,219800.0,4011.08,3,1.17,68.0,34.3,5.0,1
11300.0,116200.0,2120.51,3,1.07,76.3,42.8,5.0,1
127900.0,1146800.0,20927.67,1,0.87,59.8,33.1,0.0,1
30700.0,303900.0,5545.8,2,1.03,79.3,52.0,18.0,1
43000.0,467500.0,8531.29,7,2.04,84.1,18.6,5.0,1
79000.0,784900.0,14323.45,3,5.7,58.2,26.4,5.0,1
43800.0,375000.0,6843.28,4,2.04,85.3,16.3,5.0,1
26700.0,241800.0,4412.55,4,1.32,76.2,25.9,0.0,1
25500.0,278200.0,5076.8,0,6.4,59.6,43.5,5.0,1
50500.0,471000.0,8595.16,4,1.27,90.7,18.1,5.0,1
49400.0,413800.0,7551.33,3,2.03,59.1,16.1,5.0,1
43900.0,374300.0,6830.51,6,0.9,79.6,17.7,5.0,1
132700.0,1064000.0,19416.68,1,2.48,72.3,28.3,0.0,1
118200.0,1282200.0,23398.55,4,5.39,68.1,33.7,18.0,1
118900.0,1138800.0,20781.68,2,8.35,58.1,12.8,5.0,1
60100.0,549200.0,10022.22,5,2.48,86.9,38.9,5.0,1
118000.0,884900.0,16148.32,5,0.25,83.1,15.8,5.0,1
112800.0,959900.0,17516.98,2,1.07,76.0,23.9,0.0,1
52700.0,393400.0,7179.06,1,6.33,81.0,16.3,5.0,1
16800.0,167900.0,3063.97,3,5.99,76.8,17.0,5.0,1
146100.0,1116400.0,20372.91,5,0.29,65.1,17.9,18.0,0
72800.0,639200.0,11664.6,4,3.82,96.0,21.1,5.0,1
110300.0,1200300.0,21903.98,4,5.01,51.2,18.0,5.0,1
31000.0,329600.0,6014.79,3,3.07,59.8,14.3,5.0,1
25900.0,244000.0,4452.7,2,1.35,96.0,26.6,0.0,1
27000.0,253400.0,4624.23,2,8.37,62.6,30.2,0.0,1
62400.0,502500.0,9170.0,1,0.35,62.8,36.5,18.0,1
175700.0,1905700.0,34776.65,1,1.22,75.2,27.4,0.0,1
103700.0,1093200.0,19949.54,2,9.35,76.3,20.1,0.0,1
112400.0,1083600.0,19774.35,2,2.95,48.7,31.5,0.0,1
105600.0,999600.0,18241.46,9,1.48,74.9,14.5,5.0,1
24900.0,256500.0,4680.81,5,0.35,44.8,37.4,5.0,0
54900.0,489600.0,8934.59,2,7.08,68.7,43.3,5.0,1
108400.0,853600.0,15577.14,6,0.13,82.4,26.9,5.0,0
73400.0,643100.0,11735.77,4,2.99,64.0,13.0,5.0,1
40800.0,389900.0,7115.19,5,1.58,62.2,27.3,0.0,1
141200.0,1229100.0,22429.54,3,1.06,73.8,31.1,18.0,1
52200.0,545100.0,9947.4,1,3.18,66.3,26.8,0.0,1
100300.0,775200.0,14146.43,5,0.32,84.4,18.8,5.0,1
31400.0,259300.0,4731.9,1,6.79,62.0,19.7,18.0,1
107100.0,1076600.0,19646.61,4,6.84,79.4,41.9,18.0,1
41900.0,367100.0,6699.12,2,0.36,84.0,40.8,18.0,1
74900.0,806400.0,14715.8,3,3.11,79.0,18.0,5.0,1
92700.0,886500.0,16177.52,4,5.42,71.7,23.6,18.0,1
111500.0,1015700.0,18535.26,2,0.67,64.2,25.2,0.0,1
61200.0,549400.0,10025.87,2,0.52,91.6,14.4,5.0,1
24100.0,221200.0,4036.62,5,1.12,67.1,54.7,5.0,1
22200.0,174000.0,3175.28,7,0.16,56.1,15.0,5.0,0
66800.0,719000.0,13120.85,3,0.49,51.7,45.8,5.0,1
143000.0,1484000.0,27081.15,1,3.46,70.2,14.4,18.0,1
100800.0,822100.0,15002.3,3,1.8,86.3,17.1,5.0,1
10200.0,86600.0,1580.34,1,1.34,71.9,35.5,5.0,1
189300.0,1357500.0,24772.68,3,0.3,84.7,15.9,18.0,1
89700.0,761200.0,13890.95,2,0.48,70.9,12.9,5.0,1
91700.0,861100.0,15714.0,0,9.39,87.9,28.3,0.0,1
68700.0,568500.0,10374.42,4,1.56,64.4,13.4,5.0,1
178800.0,1507900.0,27517.3,1,2.8,49.3,26.7,0.0,1
106300.0,947600.0,17292.52,2,4.59,68.1,14.5,5.0,1
70000.0,733900.0,13392.76,2,2.35,55.6,21.3,18.0,1
193100.0,1814100.0,33105.07,2,3.17,76.5,30.5,0.0,1
20900.0,163700.0,2987.32,7,1.08,76.4,15.9,5.0,1
31600.0,244900.0,4469.12,5,0.11,84.8,68.0,18.0,1
29600.0,319800.0,5835.95,3,2.77,50.5,15.7,5.0,1
57000.0,545800.0,9960.17,5,0.62,96.0,67.2,18.0,1
72600.0,784000.0,14307.02,0,7.03,77.2,25.7,0.0,1
60800.0,449200.0,8197.34,3,1.58,66.7,31.9,0.0,1
69100.0,609700.0,11126.27,1,0.42,72.6,44.6,5.0,1
76200.0,743400.0,13566.12,4,1.63,68.4,25.8,18.0,1
152200.0,1569900.0,28648.72,1,2.24,61.5,22.9,18.0,1
156500.0,1152100.0,21024.39,2,1.97,75.1,22.8,0.0,1
107800.0,1025500.0,18714.1,2,0.8,74.3,17.5,0.0,1
137500.0,1011300.0,18454.97,2,4.79,75.8,21.5,18.0,1
57200.0,498100.0,9089.7,2,0.44,85.4,51.2,18.0,1
143900.0,1078900.0,19688.58,0,6.7,72.2,27.7,0.0,1
79900.0,646100.0,11790.52,1,8.49,73.7,27.7,0.0,1
12700.0,107400.0,1959.92,1,1.41,82.6,41.9,5.0,1
73100.0,668300.0,12195.64,3,0.87,78.1,19.1,0.0,1
19900.0,194900.0,3556.68,5,0.27,59.2,42.6,5.0,1
35700.0,363300.0,6629.77,3,1.96,71.5,27.7,0.0,1
116400.0,1046700.0,19100.97,2,2.15,62.1,21.4,5.0,1
48900.0,518100.0,9454.68,2,1.97,77.3,16.4,5.0,1
99300.0,757100.0,13816.13,2,1.27,54.8,10.1,5.0,1
92300.0,847400.0,15463.99,1,0.58,68.7,26.4,0.0,1
56400.0,438800.0,8007.55,3,1.06,67.5,25.6,0.0,1
115800.0,930900.0,16987.77,2,2.41,81.9,33.3,18.0,1
20400.0,211800.0,3865.09,6,2.09,89.3,16.0,5.0,1
84500.0,735200.0,13416.48,3,0.32,70.7,28.8,0.0,1
42300.0,317800.0,5799.45,6,0.6,64.9,14.1,18.0,1
91300.0,701200.0,12796.03,5,0.38,83.7,28.6,18.0,1
23800.0,264100.0,4819.5,8,0.9,75.6,10.4,5.0,0
92900.0,832400.0,15190.26,1,2.85,81.5,29.6,18.0,1
69400.0,757400.0,13821.61,1,1.0,69.5,17.7,5.0,1
51300.0,487800.0,8901.74,3,1.73,69.1,17.1,5.0,1
15100.0,135400.0,2470.88,5,0.22,59.9,16.4,5.0,0
42200.0,378200.0,6901.68,0,6.22,87.2,28.1,0.0,1
78600.0,581400.0,10609.83,6,0.29,74.9,26.4,18.0,1
34100.0,293100.0,5348.71,1,1.09,66.1,24.8,0.0,1
97300.0,743200.0,13562.47,2,0.82,80.7,35.4,0.0,1
88400.0,704500.0,12856.25,4,10.94,58.8,13.1,5.0,1
66600.0,648900.0,11841.62,2,3.19,69.0,20.6,18.0,1
65500.0,668100.0,12191.99,4,1.51,48.2,20.7,5.0,1
99700.0,972900.0,17754.21,6,1.03,73.0,15.7,5.0,1
24200.0,188200.0,3434.42,2,3.5,81.7,44.0,5.0,1
65300.0,598600.0,10923.7,1,7.27,67.0,32.6,18.0,1
71700.0,757200.0,13817.96,9,0.9,79.9,18.5,5.0,0
158700.0,1258700.0,22969.71,3,2.02,72.4,29.5,0.0,1
157300.0,1382800.0,25234.38,2,0.42,67.5,22.5,0.0,1
129200.0,1162900.0,21221.48,0,7.48,65.0,17.3,0.0,1
64700.0,672000.0,12263.16,3,0.38,59.2,28.8,18.0,1
94900.0,872700.0,15925.69,0,7.83,58.8,15.3,18.0,1
151200.0,1505100.0,27466.2,1,4.26,52.9,21.7,0.0,1
48300.0,364700.0,6655.32,3,0.77,66.2,29.4,0.0,1
16300.0,167100.0,3049.37,3,4.08,67.8,10.7,5.0,1
40600.0,352200.0,6427.21,4,2.06,82.0,16.5,5.0,1
135700.0,1300500.0,23732.51,2,1.07,92.3,32.4,0.0,1
71200.0,693800.0,12660.99,2,5.25,75.0,12.3,18.0,1
66500.0,655800.0,11967.53,4,0.46,64.4,26.2,0.0,1
57900.0,586900.0,10710.19,3,2.05,96.0,13.7,5.0,1
77000.0,643400.0,11741.25,2,1.07,85.6,22.7,5.0,1
60300.0,519800.0,9485.7,4,1.65,56.8,44.1,5.0,1
32100.0,242000.0,4416.2,3,1.0,65.1,27.9,0.0,1
11200.0,109900.0,2005.54,4,3.42,56.3,46.9,5.0,1
25100.0,275800.0,5033.01,1,0.4,69.7,46.6,5.0,1
147700.0,1192100.0,21754.34,0,8.69,58.0,8.9,18.0,1
71600.0,593300.0,10826.99,4,1.47,72.4,20.9,5.0,1
16600.0,177100.0,3231.85,7,0.21,76.9,14.9,5.0,0
40300.0,400200.0,7303.15,2,3.91,55.3,32.6,5.0,1
34600.0,279800.0,5106.0,7,1.27,65.0,11.5,5.0,1
36900.0,268100.0,4892.49,5,0.32,69.3,23.2,18.0,1
140600.0,1455700.0,26564.71,4,2.81,63.0,22.8,0.0,1
168700.0,1684000.0,30730.9,1,1.73,79.7,25.6,0.0,1
67200.0,742000.0,13540.58,5,0.4,91.2,14.6,5.0,1
62400.0,530000.0,9671.84,3,2.03,76.0,40.1,18.0,1
75600.0,727800.0,13281.44,1,2.39,68.7,18.9,5.0,1
220200.0,1924700.0,35123.38,3,1.16,70.1,17.2,18.0,1
70400.0,656200.0,11974.83,3,3.34,57.9,58.3,18.0,1
58600.0,588300.0,10735.74,3,2.24,71.1,14.4,5.0,1
81900.0,593500.0,10830.64,5,0.23,64.3,19.3,5.0,0
79500.0,569300.0,10389.02,4,0.4,64.8,14.0,5.0,1
48700.0,350400.0,6394.36,4,1.81,84.7,42.5,5.0,1
59800.0,538400.0,9825.13,1,7.57,77.0,25.4,0.0,1
108900.0,1095800.0,19996.99,0,6.72,89.5,17.9,5.0,1
91700.0,662200.0,12084.33,5,0.49,61.4,24.1,0.0,1
107000.0,845400.0,15427.5,4,1.72,66.6,28.9,0.0,1
109800.0,951000.0,17354.57,7,1.54,63.0,23.8,5.0,1
147900.0,1257500.0,22947.81,1,2.39,71.0,28.8,0.0,1
105000.0,989200.0,18051.67,0,5.59,74.1,27.0,0.0,1
134900.0,1281800.0,23391.25,5,1.21,60.7,15.2,18.0,1
33700.0,245900.0,4487.37,7,0.18,56.9,58.4,18.0,1
51600.0,428700.0,7823.24,4,1.09,59.2,50.5,5.0,1
46400.0,451100.0,8232.01,2,4.89,62.5,32.1,18.0,1
19400.0,140500.0,2563.95,3,2.06,80.1,16.9,5.0,1
106300.0,903600.0,16489.57,1,7.43,89.4,16.0,0.0,1
20100.0,179800.0,3281.13,5,0.52,82.8,51.9,5.0,1
67100.0,490700.0,8954.66,3,4.86,76.0,37.8,5.0,1
106200.0,899200.0,16409.28,2,5.77,74.4,17.7,5.0,1
30000.0,288600.0,5266.59,2,0.55,70.4,29.2,0.0,1
119200.0,1107200.0,20205.02,2,6.69,69.2,33.7,0.0,1
114400.0,1200700.0,21911.28,2,1.46,65.2,39.3,18.0,1
48500.0,444300.0,8107.92,3,5.43,64.8,19.4,0.0,1
154700.0,1151200.0,21007.97,0,7.46,64.8,15.3,18.0,1
134300.0,1084000.0,19781.65,3,2.07,36.6,28.3,18.0,1
70400.0,685800.0,12515.0,1,4.4,63.6,60.8,18.0,1
20200.0,202200.0,3689.9,6,0.27,61.5,67.4,18.0,1
54700.0,445500.0,8129.82,4,1.47,69.0,52.6,5.0,1
68300.0,515000.0,9398.11,5,0.5,67.1,16.9,5.0,1
120500.0,1027900.0,18757.9,1,5.87,72.6,34.6,0.0,1
100700.0,770200.0,14055.19,1,2.57,67.8,21.2,0.0,1
129500.0,1260400.0,23000.73,2,0.47,83.9,25.8,0.0,1
47600.0,513000.0,9361.61,2,0.5,87.9,38.8,5.0,1
53300.0,555500.0,10137.18,5,0.32,69.7,27.6,18.0,1
42600.0,342500.0,6250.2,1,0.53,82.8,60.1,18.0,1
23200.0,185200.0,3379.67,3,1.0,73.0,33.1,18.0,1
49800.0,398300.0,7268.48,4,2.16,62.5,34.7,18.0,1
102700.0,913900.0,16677.54,3,1.19,83.9,11.1,5.0,1
112200.0,914300.0,16684.84,2,2.09,61.4,35.8,0.0,1
63000.0,548400.0,10007.62,1,1.13,55.4,53.6,5.0,1
43100.0,404400.0,7379.8,6,0.1,64.8,52.7,18.0,0
115100.0,1155100.0,21079.14,0,5.45,64.3,24.4,0.0,1
76300.0,658900.0,12024.1,3,2.49,66.1,30.3,0.0,1
28500.0,300400.0,5481.93,1,1.3,86.4,68.0,18.0,1
142900.0,1346500.0,24571.95,3,0.34,45.3,25.6,0.0,1
117300.0,1034800.0,18883.81,0,7.25,88.7,39.9,18.0,1
128100.0,1277000.0,23303.66,3,1.63,77.5,27.4,0.0,1
112900.0,882400.0,16102.7,2,5.17,52.4,21.1,0.0,1
58900.0,505500.0,9224.75,3,1.85,96.0,52.0,18.0,1
75600.0,544900.0,9943.75,4,2.49,79.3,15.3,5.0,1
117500.0,1117400.0,20391.16,1,2.5,54.1,25.7,0.0,1
53400.0,529900.0,9670.02,5,1.5,46.0,27.0,18.0,1
130800.0,1347400.0,24588.37,4,2.39,83.5,21.9,0.0,1
80000.0,848300.0,15480.42,3,1.22,75.3,22.2,0.0,1
18800.0,140400.0,2562.13,6,0.21,67.3,48.8,5.0,1
146700.0,1607200.0,29329.4,0,6.29,81.3,19.4,0.0,1
59900.0,621700.0,11345.25,9,0.46,60.0,14.0,5.0,0
27000.0,245400.0,4478.24,4,1.56,86.2,28.9,0.0,1
28600.0,228700.0,4173.49,1,3.11,63.0,51.0,5.0,1
137400.0,1054100.0,19236.01,2,1.56,51.6,22.3,18.0,1
72600.0,572300.0,10443.76,2,1.1,66.0,21.4,18.0,1
106000.0,1143400.0,20865.63,0,6.89,64.6,28.6,0.0,1
93300.0,924700.0,16874.62,4,0.42,76.7,19.7,18.0,1
39600.0,397200.0,7248.41,1,0.42,79.0,27.1,0.0,1
74900.0,597800.0,10909.11,3,5.04,84.7,28.5,18.0,1
24000.0,231700.0,4228.24,3,2.5,72.7,15.8,5.0,1
172800.0,1402800.0,25599.35,1,0.67,69.2,27.8,0.0,1
39800.0,336700.0,6144.36,7,0.34,69.9,44.5,5.0,1
34800.0,346700.0,6326.84,3,9.04,76.6,15.6,5.0,1
56500.0,431000.0,7865.21,3,1.04,83.1,41.5,5.0,1
31800.0,252400.0,4605.99,4,1.85,63.6,36.5,5.0,1
156300.0,1443500.0,26342.08,3,0.53,71.0,33.7,0.0,1
202400.0,1513600.0,27621.32,4,0.92,60.3,14.9,18.0,1
177000.0,1816900.0,33156.16,0,8.87,70.1,24.2,0.0,1
85900.0,638000.0,11642.71,3,0.71,71.4,24.9,18.0,1
97100.0,956200.0,17449.46,5,0.58,70.1,14.6,5.0,1
35100.0,354000.0,6460.06,2,1.97,83.1,26.5,0.0,1
150300.0,1643500.0,29991.83,6,0.17,68.2,25.5,0.0,0
161200.0,1564600.0,28552.0,2,3.29,83.6,21.0,0.0,1
73800.0,568200.0,10368.94,1,0.38,67.2,29.7,0.0,1
116000.0,928500.0,16943.97,4,4.24,52.9,23.3,0.0,1
54500.0,398500.0,7272.13,1,0.79,82.7,26.1,0.0,1
62100.0,541000.0,9872.58,2,1.58,78.2,21.3,0.0,1
45000.0,381200.0,6956.43,1,16.01,63.8,22.2,0.0,1
74000.0,540000.0,9854.33,2,8.74,81.1,24.8,0.0,1
237800.0,1978400.0,36103.34,4,6.73,62.8,23.6,18.0,1
154700.0,1562200.0,28508.2,3,2.17,65.9,28.3,0.0,1
61200.0,465500.0,8494.8,2,0.53,80.7,21.6,5.0,1
101700.0,885800.0,16164.75,2,3.19,77.6,22.1,18.0,1
76800.0,564300.0,10297.77,2,0.82,58.5,31.5,0.0,1
62900.0,474000.0,8649.91,2,1.54,78.1,29.4,18.0,1
116100.0,968800.0,17679.39,5,0.16,81.1,12.9,5.0,0
42300.0,334800.0,6109.68,1,5.45,71.5,39.3,5.0,1
69500.0,730800.0,13336.19,3,5.01,71.1,18.9,0.0,1
93900.0,793000.0,14471.26,1,1.84,65.3,26.5,0.0,1
94400.0,794700.0,14502.29,8,0.33,72.5,18.9,5.0,0
55500.0,558800.0,10197.4,1,0.81,77.1,50.4,5.0,1
44400.0,336500.0,6140.71,4,1.73,72.1,18.4,5.0,1
118500.0,1071400.0,19551.72,3,0.8,80.1,26.4,0.0,1
126900.0,1321700.0,24119.38,4,2.2,52.6,24.2,0.0,1
39500.0,286300.0,5224.62,5,0.35,66.7,23.6,0.0,1
77700.0,643400.0,11741.25,3,0.97,59.8,12.7,5.0,1
47300.0,343500.0,6268.45,5,0.62,61.3,33.3,18.0,1
67500.0,585700.0,10688.3,3,0.32,65.9,23.8,0.0,1
85700.0,699400.0,12763.18,6,0.15,67.6,17.1,5.0,0
76500.0,613600.0,11197.44,5,0.67,62.8,21.3,18.0,1
160500.0,1207800.0,22040.85,2,4.27,66.6,34.2,0.0,1
50200.0,548000.0,10000.32,4,0.67,76.0,31.8,18.0,1
67900.0,589900.0,10764.94,1,1.45,57.7,18.3,18.0,1
42600.0,471600.0,8606.11,4,0.94,80.3,24.2,0.0,1
34600.0,262100.0,4783.0,3,5.12,62.8,34.0,5.0,1
37700.0,381500.0,6961.9,1,0.83,58.8,16.2,5.0,1
123900.0,960800.0,17533.4,1,1.69,67.0,14.9,18.0,1
74000.0,800900.0,14615.43,3,5.41,51.5,41.6,5.0,1
92800.0,670100.0,12228.49,0,7.95,68.9,14.9,5.0,1
103500.0,765100.0,13962.12,6,0.93,84.4,28.4,18.0,1
40700.0,340300.0,6210.05,3,0.68,69.9,14.2,5.0,1
114700.0,890900.0,16257.82,3,1.97,77.5,17.0,5.0,1
89800.0,836200.0,15259.61,4,0.7,55.0,18.9,5.0,1
106600.0,947000.0,17281.57,2,0.89,67.6,18.4,18.0,1
20300.0,149700.0,2731.84,2,4.51,72.2,31.2,5.0,1
106800.0,948600.0,17310.77,2,3.35,77.1,20.7,18.0,1
43200.0,343500.0,6268.45,5,0.33,77.9,44.3,18.0,1
89100.0,763100.0,13925.62,3,1.18,55.7,14.7,5.0,1
228100.0,1791400.0,32690.82,3,2.02,73.4,22.1,18.0,1
111600.0,893800.0,16310.74,4,0.71,75.1,31.1,0.0,1
93700.0,759200.0,13854.45,0,5.58,58.1,28.9,0.0,1
40900.0,337400.0,6157.13,2,2.22,65.1,26.4,0.0,1
33600.0,265000.0,4835.92,5,0.39,80.7,55.8,18.0,1
54800.0,533700.0,9739.36,7,0.29,69.1,63.4,18.0,1
116000.0,1113700.0,20323.64,1,2.68,77.8,42.7,0.0,1
42000.0,369000.0,6733.79,4,1.25,77.0,17.1,5.0,1
105100.0,794300.0,14494.99,0,6.13,93.5,32.4,0.0,1
18400.0,159400.0,2908.85,4,2.33,62.5,11.1,5.0,1
23000.0,164400.0,3000.1,2,3.38,79.5,35.6,5.0,1
23500.0,182300.0,3326.75,3,3.58,59.2,42.8,5.0,1
43800.0,465000.0,8485.67,3,1.59,77.9,26.9,0.0,1
117100.0,1146300.0,20918.55,2,1.03,39.3,26.6,0.0,1
31100.0,303800.0,5543.97,4,2.36,82.9,40.5,5.0,1
86900.0,785400.0,14332.57,2,1.15,71.9,12.7,5.0,1
57700.0,500000.0,9124.38,1,0.72,54.3,29.8,0.0,1
21200.0,203600.0,3715.45,3,4.46,68.4,18.0,5.0,1
145000.0,1341700.0,24484.35,2,0.67,53.4,32.8,0.0,1
105600.0,848000.0,15474.94,4,1.2,72.4,20.0,5.0,1
66200.0,499100.0,9107.95,1,2.76,77.9,22.0,18.0,1
119500.0,916700.0,16728.63,1,2.21,81.1,12.6,5.0,1
115700.0,1090700.0,19903.92,3,2.59,78.9,12.4,5.0,1
133300.0,964700.0,17604.57,3,6.48,61.5,13.9,18.0,1
103200.0,980400.0,17891.08,5,2.17,47.1,26.7,0.0,1
41700.0,332400.0,6065.89,3,2.53,51.4,55.6,18.0,1
46000.0,487000.0,8887.14,4,3.56,62.2,32.1,18.0,1
80100.0,642500.0,11724.82,3,0.71,53.3,29.4,0.0,1
50800.0,382400.0,6978.32,6,0.12,76.8,19.1,18.0,0
174300.0,1564700.0,28553.83,1,14.52,88.1,31.2,0.0,1
80200.0,678200.0,12376.31,4,10.29,58.8,18.8,5.0,1
94800.0,969000.0,17683.04,0,9.48,71.1,30.8,0.0,1
64800.0,642100.0,11717.53,4,5.99,77.6,19.8,5.0,1
116900.0,1286700.0,23480.67,4,1.19,57.6,31.8,18.0,1
64700.0,654200.0,11938.34,0,4.92,69.8,29.0,0.0,1
114500.0,1137100.0,20750.66,6,1.45,48.7,21.1,18.0,1
